header,date,link,brief,tags
Вологодчина будет поставлять продукты деревообработки в Египет и Киргизию ,22:14 16.05.2025,https://ria.ru/20250516/eksport-2017506202.html,Вологодская область поставит продукты деревообработки в Египет и Киргизию,"Вологодская область,Экономика,Египет,Республика Татарстан (Татарстан),Георгий Филимонов,Вологодская область,Технологии"
"В ""Ростехе"" рассказали о новых проектах в области роботизации производств ",12:25 25.05.2025,https://ria.ru/20250525/rostehi-2018957142.html,"""Ростех"" развивает проекты цифровых двойников и искусственного интеллекта","Экономика,Технологии,Россия,Владимир Путин,Ростех,Объединенная двигателестроительная корпорация,Ил-114-300"
Мишустин поздравил химиков с профессиональным праздником ,11:19 25.05.2025,https://ria.ru/20250525/mishustin-2018952303.html,Мишустин: разработки в области химии успешно конкурируют с зарубежными аналогами,"Экономика,Технологии,Россия,Михаил Мишустин"
В России продажи плюшевых монстров Лабубу выросли в 13 раз ,09:21 25.05.2025,https://ria.ru/20250525/prodazhi-2018941620.html,"""Платформа ОФД"": продажи плюшевых игрушек Лабубу в мае подскочили в 13 раз","Экономика,Технологии,Россия"
Эксперты рассказали о росте покупок коллекционных фигурок в России ,23:43 24.05.2025,https://ria.ru/20250524/rossiya-2018920892.html,"""Платформа ОФД"": россияне стали чаще покупать коллекционные фигурки","Технологии,Россия,Экономика"
В Госдуме высказались о проекте внедрения цифрового рубля в бюджет ,14:56 24.05.2025,https://ria.ru/20250524/gosduma-2018852686.html,Депутат Гаврилов: внедрение цифрового рубля в бюджет ставит новую задачу,"Технологии,Россия,Сергей Гаврилов,Госдума РФ,КПРФ,Экономика"
"""БАС"" откроет сеть центров ремонта беспилотников в регионах к 2026 году ",02:38 23.05.2025,https://ria.ru/20250523/bas-2018566216.html,"""БАС"" планирует открыть сеть центров ТОиР беспилотников в регионах к 2026 году","Экономика,Технологии,Россия,Нижний Новгород,Пермь"
СМИ: инвесторы хотят купить OnlyFans за восемь миллиардов долларов ,00:54 23.05.2025,https://ria.ru/20250523/onlyfans-2018561821.html,Reuters: инвесторы хотят купить OnlyFans за восемь миллиардов долларов,"Экономика,Технологии,Лос-Анджелес,Лондон,OnlyFans"
Путин обсудит с правительством механизмы поддержки инвестпроектов ,00:30 22.05.2025,https://ria.ru/20250522/putin-2018365884.html,Путин обсудит с правительством меры поддержки инвестпроектов в промышленности,"Экономика,Технологии,Россия,Челябинск,Владимир Путин,Антон Алиханов,Максим Решетников,Министерство экономического развития РФ (Минэкономразвития России),Центральный Банк РФ (ЦБ РФ),Фонд развития промышленности"
Совфед распространил антиотмывочный закон на операции с цифровым рублем ,15:12 21.05.2025,https://ria.ru/20250521/rubl-2018266607.html,СФ одобрил закон об антиотмывочных требованиях для операций с цифровым рублем,"Экономика,Технологии,Россия,Центральный Банк РФ (ЦБ РФ),Совет Федерации РФ,Федеральная служба по финансовому мониторингу (Росфинмониторинг)"
Поставки банкоматов в Россию из Китая выросли ,05:22 21.05.2025,https://ria.ru/20250521/bankomat-2018163265.html,Поставки банкоматов в Россию из Китая в апреле выросли более чем втрое,"Экономика,Технологии,Россия,Китай,Пакистан"
Набиуллина: ИИ не может принимать решения по ключевой ставке ,11:20 20.05.2025,https://ria.ru/20250520/nabiullina-2018012413.html,Набиуллина: возможности ИИ в анализе ситуации с ключевой ставкой ограничены,"Россия,Центральный Банк РФ (ЦБ РФ),Альфа-банк,Эльвира Набиуллина,Владимир Верхошинский,Экономика"
Минтранс рассказал о разработке законопроекта о беспилотном транспорте ,10:19 20.05.2025,https://ria.ru/20250520/transport-2018000662.html,Минтранс представит законопроект о беспилотном транспорте до конца года ,"Экономика,Технологии,Россия,Министерство транспорта РФ (Минтранс России)"
Бизнес получил более 300 тысяч региональных мер поддержки через МСП.РФ ,10:00 20.05.2025,https://ria.ru/20250520/biznes-2017948787.html,Более 300 тысяч региональных мер поддержки получили предприниматели через МСП.РФ,"Твой бизнес,Экономика,Твой бизнес – новости,Поддержка бизнеса,Корпорация МСП,Александр Исаевич"
"Банки на Кубе могут начать выпускать карты ""Мир"" ",02:10 20.05.2025,https://ria.ru/20250520/banki-2017968080.html,Кубинские банки могут начать выпускать карты российской платежной системы Мир,"Куба,Россия,Экономика"
Intel анонсировала новые графические процессоры для ИИ ,23:29 19.05.2025,https://ria.ru/20250519/intel-2017957792.html,Intel анонсировала графические процессоры Arc Pro для искусственного интеллекта,"Экономика,Технологии,Тайвань,В мире,США,Intel Corporation,ИИ,Искусственный интеллект (ИИ),процессоры"
Мантуров заявил о росте производства компонентов для боеприпасов ,15:09 17.05.2025,https://ria.ru/20250517/rossiya-2017562998.html,Мантуров отметил рост производства компонентов для боеприпасов в России,"Россия,Денис Мантуров,Экономика,Технологии"
В Сбербанке прокомментировали эксперимент по развитию исламского банкинга ,08:15 17.05.2025,https://ria.ru/20250517/sberbank-2017531816.html,"Ганеев: исламский банкинг не конкурент традиционным банкам, а донастройка","Экономика,Технологии,Россия,Казань,Олег Ганеев,Сбербанк России,Госдума РФ"
"Эксперты рассказали, где можно обменять рубли за рубежом ",08:14 17.05.2025,https://ria.ru/20250517/eksperty-2017531561.html,Российские туристы могут обменять рубли в десяти странах мира,"Экономика,Технологии,ОАЭ,Турция,Россия,Никита Кондратьев,Министерство экономического развития РФ (Минэкономразвития России)"
Минпромторг поддержал идею создать единый реестр оборудования для майнинга ,07:03 17.05.2025,https://ria.ru/20250517/mayning-2017528412.html,Минэнерго: Минпромторг поддержал идею единого реестра оборудования для майнинга,"Технологии,Экономика,Россия,Евгений Грабчак,Министерство промышленности и торговли РФ (Минпромторг России),Министерство энергетики РФ (Минэнерго России)"
На HeliRussia обсудили интеграцию беспилотников в логистические процессы ,19:00 16.05.2025,https://ria.ru/20250516/eksperty-2017476446.html,В Москве прошла экспертная сессия по интеграции БВС в логистические процессы,"Экономика,Технологии,Россия"
Мошенники похитили у россиян почти семь миллиардов рублей за три месяца ,15:09 16.05.2025,https://ria.ru/20250516/moshenniki-2017387152.html,"ЦБ: мошенники в I квартале похитили у россиян почти 6,9 миллиарда рублей","Экономика,Технологии,Центральный Банк РФ (ЦБ РФ)"
Доля поступлений в бюджет Москвы от сферы информационных технологий выросла ,12:36 16.05.2025,https://ria.ru/20250516/dolja-2017319347.html,Доля поступлений в бюджет Москвы от сферы IT составляет около 20-25%,"Экономика,Технологии,Москва,Казань,Сергей Черемин"
Сбербанк рассказал о новых схемах мошенников ,11:33 16.05.2025,https://ria.ru/20250516/sberbank-2017305875.html,Сбербанк: телефонные мошенники стали направлять россиян за займами в МФО,"Экономика,Технологии,Сбер,Сбербанк России"
Колумбия присоединится к Новому банку развития БРИКС ,11:08 16.05.2025,https://ria.ru/20250516/petro-2017300139.html,Петро: Колумбия запускает процесс присоединения к Новому банку развития БРИКС,"Колумбия,БРИКС,Новый банк развития,Густаво Петро,Шанхай,Дилма Руссефф,Экономика,Дурбан"
ЦБ расширит требования к иностранным цифровым правам ,19:50 15.05.2025,https://ria.ru/20250515/tsb-2017204065.html,ЦБ расширит требования к иностранным цифровым правам с 26 мая,"Экономика,Технологии,Россия,Центральный Банк РФ (ЦБ РФ)"
В Минпромторге оценили возможность использования роботов в промышленности ,14:42 15.05.2025,https://ria.ru/20250515/minpromtorg-2017111069.html,Осьмаков: роботизация в промышленности может решить проблему дефицита кадров,"Экономика,Технологии,Россия,Василий Осьмаков,Министерство промышленности и торговли РФ (Минпромторг России)"
Дропперы в России теперь не смогут переводить больше 100 тысяч рублей ,00:10 15.05.2025,https://ria.ru/20250515/droppery-2017006947.html,Дропперы теперь не смогут переводить другим людям больше 100 тысяч рублей,"Экономика,Технологии,Россия,Центральный Банк РФ (ЦБ РФ),дропперы"
"Мантуров рассказал о развитии проекта самолета ""Байкал"" ",23:35 14.05.2025,https://ria.ru/20250514/manturov-2017002437.html,"Мантуров: проект самолета ""Байкал"" продолжит развиваться и реализовываться","Экономика,Технологии,Россия,СССР,Екатеринбург,Денис Мантуров,Антон Алиханов,Владимир Путин,Министерство промышленности и торговли РФ (Минпромторг России),Олимпийский комитет России (ОКР),Ан-2"
"Комплексный облачный проект для ""МСП Лизинг"" реализовал beeline cloud ",16:57 14.05.2025,https://ria.ru/20250514/beeline-2016922778.html,None,"ВымпелКом,Билайн,Технологии,лизинг,Экономика,Поддержка бизнеса"
Алиханов рассказал о сотрудничестве с Египтом в сфере высоких технологий ,12:55 14.05.2025,https://ria.ru/20250514/alikhanov-2016860359.html,Алиханов: Россия уже поставляет в Египет устройства для быстрого интернета,"Египет,Технологии,Экономика,Антон Алиханов,Россия,Министерство промышленности и торговли РФ (Минпромторг России)"
"Минпромторг рассказал о производстве самолета ""Байкал"" ",12:39 14.05.2025,https://ria.ru/20250514/samolet-2016856241.html,"Минпромторг: двигатели и винты многоцелевого самолета ""Байкал"" будут доработаны","Россия,Экономика,Технологии,Дальний Восток,Арктика,Госдума РФ,Ан-2,Самолет ""Байкал"""
В Госдуме предложили обновить дизайн сторублевой купюры ,04:08 13.05.2025,https://ria.ru/20250513/gosduma-2016599659.html,Депутат Гусев предложил изменить дизайн купюры с учетом воссоединенных регионов,"Экономика,Технологии,Россия,Донецкая Народная Республика,Луганская Народная Республика,Эльвира Набиуллина,Владимир Путин,Госдума РФ,Центральный Банк РФ (ЦБ РФ)"
Правительство утвердило стратегию развития судостроения до 2050 года ,10:54 12.05.2025,https://ria.ru/20250512/pravitelstvo--2016441650.html,Правительство России утвердило стратегию развития судостроения до 2050 года,"Россия,Михаил Мишустин,Экономика"
Правительство направит 500 миллиардов рублей на развитие судостроения ,10:48 12.05.2025,https://ria.ru/20250512/pravitelstvo-2016440404.html,Мишустин: на поддержку судостроения направят рекордные 500 миллиардов рублей,"Экономика,Россия,Михаил Мишустин,Технологии,Правительство РФ"
Невидимый враг. Евросоюз начали разрушать изнутри ,08:00 12.05.2025,https://ria.ru/20250512/evrosoyuz-2015614382.html,Париж требует лишить европейцев беспошлинного ввоза посылок из Китая,"Экономика,Технологии,Китай,Европа,Франция,Евросоюз"
Россиян оповестили о новом ограничении при переводе денег ,03:15 11.05.2025,https://ria.ru/20250511/perevod-2016272456.html,Россияне смогут переводить не более 100 тыс руб при упрощенной идентификации,"Технологии,Россия,РЭУ имени Г. В. Плеханова,Общество,Финансы,Деньги,Банки,Экономика"
Экономист высказался о нефтегазовых технологиях в годы ВОВ ,18:04 09.05.2025,https://ria.ru/20250509/vov-2016092366.html,Экономист Касаткин рассказал об уникальных подходах в нефтегазовой сфере в ВОВ,"80-летие Победы в Великой Отечественной войне,Экономика,Технологии,СССР,Россия,Т-34,День Победы"
Дмитриев высказался о поставках российских удобрений в Бразилию ,16:44 09.05.2025,https://ria.ru/20250509/dmitriev-2016074958.html,Дмитриев: Россия готова к расширению поставок удобрений в Бразилию,"Экономика,Россия,Бразилия,Кирилл Дмитриев,Владимир Путин,Луис Инасиу Лула да Силва,Российский фонд прямых инвестиций,БРИКС,Технологии"
PepsiCo хочет зарегистрировать в России товарный знак для продажи напитков ,15:37 07.05.2025,https://ria.ru/20250507/znak-2015570563.html,"PepsiCo подала заявку на регистрацию в России товарного знака ""Rockstar""","Экономика,Технологии,Россия,Украина,Москва,Федеральная служба по интеллектуальной собственности (Роспатент),PepsiCo, Inc."
"Минпромторг выделит 13,4 миллиарда рублей на самолеты нового поколения ",13:26 07.05.2025,https://ria.ru/20250507/minpromtorg-2015520443.html,"Минпромторг выделит 13,4 миллиарда рублей на создание самолетов нового поколения","Экономика,Технологии,Россия,Денис Мантуров,Министерство промышленности и торговли РФ (Минпромторг России)"
Мишустин назвал лизинг в сельхозотрасли гибким инструментом ,12:01 07.05.2025,https://ria.ru/20250507/mishustin-2015486072.html,Мишустин: лизинг в сельхозотрасли укрепляет позиции России на мировом рынке,"Экономика,Технологии,Россия,Михаил Мишустин,Росагролизинг"
В Новосибирске пройдет всероссийский приборостроительный форум ,12:44 06.05.2025,https://ria.ru/20250506/novosibirsk-2015248008.html,"В Новосибирске пройдет первый российский приборостроительный форум ""Прибориум""","Экономика,Технологии,Новосибирская область,Россия,Вадим Васильев,Российская академия наук"
"Эксперт рассказал, когда россияне смогут расплачиваться цифровым рублем ",20:41 04.05.2025,https://ria.ru/20250504/rubl-2014923717.html,Экономист Войлуков: россияне начнут платить цифровыми рублями в 2026 году,"Экономика,Технологии,Россия,Общество,Рубль,Цифровой рубль"
Россиян предупредили о лимите на разовые переводы без открытия счета ,05:30 01.05.2025,https://ria.ru/20250501/perevody-2014533270.html,Профессор Войлуков: с 30 мая введут лимит на разовые переводы без открытия счета,"Экономика,Технологии,Россия"
"Калининградский ""Автотор"" начал выпуск опытной партии электромобилей ",22:19 29.04.2025,https://ria.ru/20250429/avtotor-2014212700.html,"""Автотор"" начал выпуск опытной партии электромобилей под брендом EON X","Экономика,Технологии,Автотор,Авто,Калининградская область"
"""А7"" отмечает сдвиг трансграничных расчетов в сторону Азии и Африки ",21:40 29.04.2025,https://ria.ru/20250429/a7-2014207008.html,"""А7"" отмечает изменения в географии трансграничных расчетов","Экономика,Азия,Африка,Технологии"
"""Транспорт будущего"" готов строить с Белоруссией СП по производству дронов ",21:12 29.04.2025,https://ria.ru/20250429/bespilotniki-2014203831.html,"""Транспорт будущего"" готов к сотрудничеству с Белоруссий в производстве дронов","Экономика,Технологии,Белоруссия,Россия,Минск,Владимир Путин,Александр Лукашенко"
"Российская экономика будет одной из ключевых в мире, считает Сакс ",13:57 29.04.2025,https://ria.ru/20250429/ekonomika-2014051585.html,Экономист Сакс: российскую экономику в скором времени ждут заметные успехи,"Экономика,Технологии,Россия"
В ОАЭ хотят запустить привязанный к нацвалюте стейблкоин ,05:45 29.04.2025,https://ria.ru/20250429/oae-2013963471.html,В ОАЭ хотят запустить привязанный к дирхаму стейблкоин,"Экономика,Технологии,ОАЭ,Абу-Даби"
"В РЖД сообщили о планах запуска на северо-западе поезда ""тяни-толкай"" ",02:35 29.04.2025,https://ria.ru/20250429/rzhd-2013957787.html,В РЖД сообщили о планах запуска на северо-западе поезда с новой технологией,"Экономика,Технологии,Россия,Санкт-Петербург,Мурманская область,Кирилл Липа,Трансмашхолдинг,РЖД"
"В Европе пытаются помешать сотрудничеству России с Африкой, заявил Дмитриев ",19:09 28.04.2025,https://ria.ru/20250428/dmitriev-2013917085.html,Глава РФПИ Дмитриев: взаимодействию РФ с Африкой пытаются помешать страны Европы,"Россия,Европа,Африка,Технологии,Кирилл Дмитриев,Экономика,Российский фонд прямых инвестиций,РЖД"
В России увеличится число предприятий по сборке роботов-манипуляторов ,14:36 28.04.2025,https://ria.ru/20250428/roboty-2013835903.html,Мишустин: число предприятий по сборке роботов-манипуляторов в России увеличится,"Экономика,Технологии,Россия,Нижегородская область,Михаил Мишустин"
Мишустин рассказал о создании инфраструктуры для беспилотников в России ,14:12 28.04.2025,https://ria.ru/20250428/bespilotniki-2013827780.html,Мишустин: инфраструктуру для беспилотных систем создадут во всех регионах России,"Россия,Москва,Казань,Михаил Мишустин,Экономика"
Мишустин рассказал о новых планах правительства по развитию экономики  ,13:17 28.04.2025,https://ria.ru/20250428/syre-2013813356.html,None,"Экономика,Технологии,Россия,Михаил Мишустин"
Хакеры совершили 801 миллион кибератак на сайты российских компаний ,06:25 28.04.2025,https://ria.ru/20250428/khakery-2013760162.html,"""Солар"": число кибератак на сайты российских компаний в I квартале выросло вдвое","Экономика,Технологии,Кибератаки"
Старовойт рассказал об испытаниях отечественного высокоскоростного поезда ,03:50 28.04.2025,https://ria.ru/20250428/ispytaniya-2013752130.html,Старовойт: начаты стендовые испытания ключевых узлов высокоскоростного поезда,"Экономика,Технологии,Россия,Москва,Санкт-Петербург,Роман Старовойт,Уральские локомотивы"
"Эксперт сообщил о росте активности ботов, собирающих сведения о россиянах ",14:54 27.04.2025,https://ria.ru/20250427/aktivnost-2013688766.html,"Активность ботов, собирающих сведения о россиянах, выросла на 30 процентов","Экономика,Технологии,Россия,Общество"
Силуанов назвал внедрение ИИ ключевым фактором развития экономики ,06:28 25.04.2025,https://ria.ru/20250425/siluanovyj-2013315057.html,Силуанов: широкое внедрение ИИ станет ключевым фактором роста экономики,"Экономика,Технологии,Россия,Антон Силуанов,Всемирный банк"
Правительство внесло в ГД проект о признании цифровой валюты имуществом ,17:18 24.04.2025,https://ria.ru/20250424/gosduma-2013247845.html,В Госдуму внесли проект о признании цифровой валюты имуществом для целей УПК,"Технологии,Россия,Госдума РФ,Криптовалюта,Экономика"
Костин оценил перспективы возвращения Visa и Mastercard в Россию ,12:58 24.04.2025,https://ria.ru/20250424/kostin-2013168154.html,Глава ВТБ Костин не видит перспектив возвращения Visa и Mastercard в Россию,"Экономика,Технологии,Россия,Китай,Андрей Костин (банкир),Владимир Путин,Эльвира Набиуллина,MasterCard, Inc.,Visa, Inc."
"""Промомед"" – День инвестора: инновационные препараты и медицина будущего ",10:24 24.04.2025,https://ria.ru/20250424/promomed-2013056100.html,"""Промомед"" представил лекарства для ранее неизлечимых и хронических болезней","Россия,Дмитрий Киселев,Промомед,Московская биржа,Экономика,Наука,Медицина,Технологии,Ритейл"
Выручка резидентов Сколково в 2024 году выросла на 38% ,09:05 24.04.2025,https://ria.ru/20250424/skolkovo-2013058227.html,"Резиденты ""Сколково"" в 2024 году получили 704,3 млрд рублей выручки","Экономика,Россия,Сергей Перов,Сколково,Игорь Шувалов,Москва,Технологии"
"Нехватка швей отражается на производстве мягких игрушек, рассказали в АИДТ ",04:36 23.04.2025,https://ria.ru/20250423/igrushki-2012868778.html,Глава АИДТ Цицулина: нехватка швей отражается на производстве мягких игрушек,"Экономика,Технологии,Россия,Антонина Цицулина,Антон Алиханов"
Маск сократит участие в работе DOGE из-за падения прибыли Tesla ,01:06 23.04.2025,https://ria.ru/20250423/mask-2012862149.html,Маск из-за падения прибыли Tesla с мая сократит свое участие в работе DOGE,"Экономика,США,Tesla motors,Илон Маск,Технологии"
Эксперты: регулирование должно обеспечить справедливость на маркетплейсах ,20:19 22.04.2025,https://ria.ru/20250422/eksperty-2012838063.html,"На круглом столе в МИА ""Россия Сегодня"" обсудили регулирование маркетплейсов","маркетплейс,Экономика,Россия,МИА ""Россия сегодня"",Технологии"
Около 70 процентов предприятий ТЭК будут применять ИИ к 2027 году ,17:34 22.04.2025,https://ria.ru/20250422/predprijatija-2012798075.html,Минэнерго: около 70% предприятий ТЭК к 2027 году будут применять технологии ИИ,"Экономика,Технологии,Россия,Александр Новак,Министерство энергетики РФ (Минэнерго России)"
"Кипрская N-Tech.LAB LTD стала полностью российской МКАО ""НТХ"" ",15:57 22.04.2025,https://ria.ru/20250422/nth-2012759962.html,Кипрская N-Tech.LAB LTD завершила редомициляцию и стала полностью российской,"Экономика,Технологии,Калининградская область,Россия,Октябрьский,Центральный Банк РФ (ЦБ РФ)"
Хачатрян назвал главную тему ПМЭФ-2025 ,15:08 22.04.2025,https://ria.ru/20250422/forum-2012745431.html,Хачатрян: темой ПМЭФ будут общие ценности как основы роста в многополярном мире,"Экономика,Технологии,Россия,Санкт-Петербург,ПМЭФ — 2025"
Минпромторг предложил прекратить параллельный импорт ноутбуков HP и Fujitsu ,13:56 22.04.2025,https://ria.ru/20250422/kompyuter-2012723393.html,Минпромторг предложил исключить из перечня для параллельного импорта ноутбуки HP,"Экономика,Технологии,Россия,Министерство промышленности и торговли РФ (Минпромторг России),Евразийский экономический союз"
"""Расхлебывать придется годами"". Китай больно щелкнул США по носу ",08:00 22.04.2025,https://ria.ru/20250422/boeing-2012526010.html,Экономист Борисов: последствия запрета КНР на Boeing проявятся через годы,"США,Китай,Технологии,Экономика,Авиация,Самолеты"
Исследование показало рост спроса на дебетовые карты в России ,05:16 22.04.2025,https://ria.ru/20250422/karty-2012641573.html,Спрос на дебетовые карты в России за I квартал вырос на четверть,"Экономика,Технологии,Россия"
"В ""Ростехе"" прокомментировали ситуацию с контрафактными инструментами ",16:09 21.04.2025,https://ria.ru/20250421/rostekh-2012542090.html,"""Ростех"": контрафактные инструменты для производства деталей на ""Ил"" изъяли","Экономика,Технологии,Россия,Китай,Ростех,Федеральная служба безопасности РФ (ФСБ России)"
Т1: Будущее ИТ-отрасли за компаниями с услугами полного цикла ,13:48 21.04.2025,https://ria.ru/20250421/t1-2012511191.html,"В пресс-центре МИА ""Россия сегодня"" прошла ежегодная конференция НОТА ДЕНЬ","Технологии,Общество,Россия,IT-индустрия,Экономика"
"Глава Еврокомиссии заявила, что IT-гиганты должны соблюдать правила ЕС ",06:29 21.04.2025,https://ria.ru/20250421/it-2012437986.html,Глава ЕК фон дер Ляйен: IT-гиганты должны соблюдать правила ЕС,"Экономика,Технологии,Россия,Урсула фон дер Ляйен,Еврокомиссия,Apple,TikTok"
"Американцы могут разориться на хобби из-за пошлин, считает эксперт ",19:58 20.04.2025,https://ria.ru/20250420/ssha-2012412188.html,Экономист Прикладова: американцы разорятся на хобби из-за пошлин против Китая,"Технологии,Китай,США,Дональд Трамп,РЭУ имени Г. В. Плеханова,Введение Трампом пошлин на импорт,В мире,Экономика"
В России выросло число кибератак на финансовый сектор ,07:34 19.04.2025,https://ria.ru/20250419/kiberataki-2012227202.html,Число кибератак на финансовый сектор в России в первом квартале выросло вдвое,"Экономика,Технологии,Россия,МТС"
"Алиханов раскрыл дату начала поставок импортозамещенных ""Суперджетов"" ",17:07 18.04.2025,https://ria.ru/20250418/samolet-2012130284.html,Алиханов: импортозамещенные SSJ New поставят авиакомпаниям в начале 2026 года,"Экономика,Россия,Антон Алиханов,Министерство промышленности и торговли РФ (Минпромторг России),Ростех,Sukhoi Superjet 100 (SSJ100),SJ-100,Технологии"
Украина ввела санкции против 51 российской компаний ,16:00 18.04.2025,https://ria.ru/20250418/ukraina-2012103179.html,Зеленский ввел санкции против 51 российской компании и предприятия из Белоруссии,"Экономика,Технологии,Россия,Саранск,Украина,Владимир Зеленский"
Минтранс назвал срок получения сертификата на импортозамещенный Superjet ,20:50 17.04.2025,https://ria.ru/20250417/samolet-2011917021.html,Минтранс назвал плановым сроком получения сертификата на SSJ New конец 2025-го,"Экономика,Россия,Федеральное агентство воздушного транспорта (Росавиация),Sukhoi Superjet 100 (SSJ100),Министерство транспорта РФ (Минтранс России),Импортозамещение,Технологии"
"Импортозамещенный Superjet будет сертифицирован в срок, заявили в ""Ростехе"" ",20:38 17.04.2025,https://ria.ru/20250417/samolet-2011915114.html,Ростех: импортозамещенный самолет SJ-100 будет сертифицирован в срок,"Ростех,Sukhoi Superjet 100 (SSJ100),SJ-100,Технологии,Россия,Экономика,Импортозамещение"
ЦБ прорабатывает создание базы данных по дропперам ,11:41 17.04.2025,https://ria.ru/20250417/tsb-2011770550.html,"ЦБ РФ планирует создать базу дропперов, используемых в теневом бизнеса","Экономика,Технологии,Центральный Банк РФ (ЦБ РФ),Федеральная служба по финансовому мониторингу (Росфинмониторинг),Совет Федерации РФ,дропперы"
Мишустин рассказал о новых разработках в сфере ИИ ,11:13 17.04.2025,https://ria.ru/20250417/mishustin-2011763849.html,Мишустин: вузы в РФ при поддержке правительства разработали новации в сфере ИИ,"Россия,Санкт-Петербург,Нижний Новгород,Михаил Мишустин,Владимир Путин,Санкт-Петербургский университет информационных технологий,Экономика"
Мишустин призвал масштабировать производство скоростных пассажирских судов ,11:08 17.04.2025,https://ria.ru/20250417/mishustin-2011762506.html,Мишустин: нужно масштабировать производство скоростных пассажирских судов в РФ,"Россия,Экономика,Михаил Мишустин"
Мишустин рассказал о поддержке производства станков и компонентов ,10:51 17.04.2025,https://ria.ru/20250417/mishustin-2011758928.html,Мишустин: в РФ активно поддерживается производство станков и компонентов,"Россия,Михаил Мишустин,Экономика"
Цивилев: энергетическая стратегия РФ подразумевает обновление электросетей ,18:06 16.04.2025,https://ria.ru/20250416/tsivilev-2011648679.html,Цивилев: энергетическая стратегия России отмечает модернизацию электросетей ,"Экономика,Россия,Сергей Цивилев,Министерство энергетики РФ (Минэнерго России),Технологии"
"Мишустин поручил составить перечень вузов с программой ""Биоэкономика"" ",10:12 16.04.2025,https://ria.ru/20250416/bioekonomika-2011515071.html,"Мишустин поручил сформировать перечень вузов с программой ""Биоэкономика""","Экономика,Технологии,Россия,Михаил Мишустин,Министерство промышленности и торговли РФ (Минпромторг России),Министерство сельского хозяйства РФ (Минсельхоз России)"
"""Яндекс"" объявил о покупке Boxberry ",10:09 16.04.2025,https://ria.ru/20250416/jandeks-2011513789.html,"""Яндекс"" объявил о покупке сервиса доставки Boxberry до конца года","Экономика,Технологии,Россия,Дальний Восток,Яндекс"
Удар под дых: Китай применил мощнейшее оружие против США ,08:00 16.04.2025,https://ria.ru/20250416/kitay-2011404794.html,Китай остановил критически важный экспорт в США и отказался от закупок Boeing,"Экономика,Технологии,Китай,США,Пекин,Введение Трампом пошлин на импорт"
Опрос показал желание бизнесменов работать с иностранными компаниями ,06:37 16.04.2025,https://ria.ru/20250416/biznes-2011494383.html,Работать с иностранными компаниями при их возвращении не хотят 40% бизнесменов,"Экономика,Технологии,Россия,Москва,Санкт-Петербург,Владимир Путин,Денис Мантуров"
"В системе ""Честный знак"" зарегистрировали 2,3 тысячи импортеров косметики ",04:22 16.04.2025,https://ria.ru/20250416/rossiya-2011489006.html,"ЦРПТ: в системе ""Честный знак"" зарегистрировали 2,3 тысячи импортеров косметики","Экономика,Технологии,Россия"
Sky Gates начала грузоперевозки из Москвы в города Дальнего Востока ,14:16 15.04.2025,https://ria.ru/20250415/gruzoperevozki-2011358366.html,Sky Gates выполнила первый рейс для перевозки груза на Дальний Восток,"Экономика,Технологии,Москва,Дальний Восток,Якутск,Объединенная авиастроительная корпорация (ОАК),Ростех,Ил-96,Ил-76"
Взять под контроль. ЕС решился на переворот  ,08:00 15.04.2025,https://ria.ru/20250415/platezhi-2011174011.html,Экономист Михайлец: ЕС преуспел в отказе от Visa и Mastercard,"Экономика,Технологии,Visa, Inc.,MasterCard, Inc.,Евросоюз,Введение Трампом пошлин на импорт"
Путин отметил важность запуска новых заводов по лесной промышленности ,19:43 14.04.2025,https://ria.ru/20250414/putin-2011233006.html,Путин: новые производства по лесной промышленности важны для всей экономики,"Экономика,Технологии,Россия,Ленинградская область,Чехов,Владимир Путин"
"Путин дал старт производству российского аналога упаковки ""Тетра Пак"" ",19:08 14.04.2025,https://ria.ru/20250414/upakovka-2011223613.html,"Путин дал старт производству российского аналога упаковки ""Тетра Пак"" в Чехове","Экономика,Россия,Чехов,Владимир Путин,Фонд развития промышленности,Технологии"
Эксперты назвали отрасль с высокими зарплатами непрофильных специалистов ,02:59 12.04.2025,https://ria.ru/20250412/zarplaty-2010834967.html,Headhunter: специалисты в авиаотрасли получают от 350 тысяч рублей в месяц,"Наука,Экономика,Технологии,Россия,Москва,Московская область (Подмосковье)"
Россиян предупредили о схеме аферистов с использованием цифрового рубля ,17:01 11.04.2025,https://ria.ru/20250411/moshenniki-2010776266.html,ЦБ РФ предупредил о новой схеме аферистов с инвестпрограммой цифрового рубля,"Экономика,Технологии,Центральный Банк РФ (ЦБ РФ)"
В Госдуме предложили ввести код ОКВЭД для майнеров ,14:30 11.04.2025,https://ria.ru/20250411/gosduma-2010730116.html,Депутат Горелкин предложил ввести код ОКВЭД для майнеров криптовалют,"Экономика,Технологии,Россия,Антон Горелкин,Госдума РФ,Министерство финансов РФ (Минфин России),Федеральное агентство по техническому регулированию и метрологии (Росстандарт),Общество"
Национальный бренд поможет креативным индустриям в продвижении на экспорт ,10:14 11.04.2025,https://ria.ru/20250411/brend-2010641817.html,Национальный бренд может помочь креативным индустриям в продвижении на экспорт,"Россия,ОАЭ,Китай,ВЭБ.РФ (ВЭБ),Экономика"
Российские ученые создали систему контроля контейнеров с помощью AR-очков ,04:26 11.04.2025,https://ria.ru/20250411/bezopasnost-2010608410.html,В Smart Engines создали систему для контроля содержимого грузовых контейнеров,"Технологии,Экономика"
Мишустин заявил о важности расширения рынка венчурных инвестиций ,12:02 10.04.2025,https://ria.ru/20250410/investitsii-2010436329.html,Мишустин назвал расширение рынка венчурных инвестиций приоритетом для России,"Экономика,Технологии,Казань,Россия,Михаил Мишустин"
ВТБ разработал новую функцию для защиты от мошенников ,09:51 10.04.2025,https://ria.ru/20250410/vtb-2010394857.html,ВТБ добавил функцию запретить снятие наличных по QR-коду для защиты от аферистов,"Экономика,Технологии"
Приангарье готово стать одной из площадок кластера редкоземельных металлов ,06:26 10.04.2025,https://ria.ru/20250410/priangare-2010375144.html,Иркутская область может стать одной из площадок кластера редкоземельных металлов,"Иркутская область,Экономика,Технологии,Иркутская область,Россия,Москва,Игорь Кобзев,Дмитрий Патрушев"
КамАЗ в 2025 году выпустит образцы обновленных беспилотных грузовиков ,15:41 09.04.2025,https://ria.ru/20250409/kamaz-2010272789.html,"КамАЗ в 2025 году выпустит образцы беспилотных грузовиков модели ""Маяк-2.5""","Авто,Сергей Когогин,Экономика,Технологии"
Маркетплейсы смогут доставлять товар в отделения почты ,15:35 09.04.2025,https://ria.ru/20250409/pochta-2010271537.html,Отделения Почты России наделят функциями ПВЗ для доставок с маркетплейсов,"Экономика,Россия,Максут Шадаев,Почта России,Госдума РФ,Общество,маркетплейс,Министерство цифрового развития, связи и массовых коммуникаций РФ (Минцифры России)"
Правительство поддержало введение единого платежного QR-кода ,15:17 09.04.2025,https://ria.ru/20250409/kabmin-2010265127.html,Аксаков: правительство поддержало введение единого платежного  QR-кода,"Экономика,Технологии,Россия,Эльвира Набиуллина,Анатолий Аксаков,Госдума РФ,Центральный Банк РФ (ЦБ РФ),Альфа-банк"
"ФАС признала рекламу ""Ozon Банка"" ненадлежащей ",10:47 09.04.2025,https://ria.ru/20250409/fas-2010180976.html,"ФАС признала рекламу ""Ozon Банка"" ненадлежащей из-за недостоверных сведений","Экономика,Технологии,Россия,Федеральная антимонопольная служба (ФАС России)"
Apple потеряла статус самой дорогой компании мира ,10:25 09.04.2025,https://ria.ru/20250409/apple-2010176919.html,"Apple потеряла статус самой дорогой компании мира, уступив первенство Microsoft","США,Китай,Дональд Трамп,Apple,Microsoft Corporation,CME Group,В мире,Технологии,Экономика"
В США оценили объем пошлин на импорт из Юго-Восточной Азии ,07:17 09.04.2025,https://ria.ru/20250409/poshliny-2010150501.html,"""Взаимные"" пошлины США против Юго-Восточной Азии могут составить $121 млрд в год","Экономика,Технологии,США,Камбоджа,Лаос,Введение Трампом пошлин на импорт"
"В России открыли 13 предприятий ""Орешник"" ",04:46 09.04.2025,https://ria.ru/20250409/oreshnik-2010143180.html,В России после испытаний новейшей ракеты открыли 13 предприятий Орешник,"Технологии,Россия,Украина,Владимир Путин,Федеральная служба по интеллектуальной собственности (Роспатент),Экономика"
"Беспилотные грузовики на трассе ""Нева"" подключили к ""ЭРА-ГЛОНАСС"" ",04:07 09.04.2025,https://ria.ru/20250409/glonass-2010141836.html,"""ЭРА-ГЛОНАСС"" подключила 43 беспилотных грузовика на трассе М-11 ""Нева""","Экономика,Технологии,Россия,Андрей Никитин (политик),Алексей Райкевич,ЭРА-ГЛОНАСС"
"Оверчук рассказал, как шли переговоры по мобильной связи с Белоруссией ",01:30 09.04.2025,https://ria.ru/20250409/svyaz-2010135139.html,"Оверчук: мобильные тарифы, как с Белоруссией, хотелось бы иметь во всем ЕАЭС","Экономика,Технологии,Белоруссия,Россия,Москва,Алексей Оверчук,Владимир Путин,Евразийский экономический союз,Евразийская экономическая комиссия"
"Суд взыскал с Cisco шесть миллионов рублей по иску ""Транснефти"" ",13:55 08.04.2025,https://ria.ru/20250408/cisco-2010021061.html,"Суд взыскал с Cisco и его дочки около 6 миллионов рублей в пользу ""Транснефти""","Экономика,Москва,Россия,Транснефть,Cisco Systems, Inc.,IBM,Технологии"
Григоренко рассказал об итогах подготовки IT-специалистов за пять лет ,13:01 08.04.2025,https://ria.ru/20250408/rossija-2010001143.html,Григоренко: в России подготовлено почти 80 тысяч IT-специалистов,"Россия,Армения,Белоруссия,Дмитрий Григоренко,Общество,Технологии,Экономика"
"Рыбохозяйственный комплекс в России работает стабильно, заявил Патрушев ",11:51 08.04.2025,https://ria.ru/20250408/ryba-2009981844.html,"Патрушев: рыбохозяйственный комплекс в РФ работает стабильно, несмотря на вызовы","Экономика,Технологии,Россия,Дмитрий Патрушев,Федеральное агентство по рыболовству (Росрыболовство)"
Минвостокразвития поддержало создание БАС-хаба между Россией и КНР ,07:26 08.04.2025,https://ria.ru/20250408/rossiya-2009938621.html,Минвостокразвития поддержало создание БАС-хаба по доставке грузов между РФ и КНР,"Экономика,Россия,Китай,Технологии,Дальний Восток,Совет Федерации РФ"
СМИ: Apple отправила из Индии в США пять самолетов с iPhone из-за пошлин ,05:53 08.04.2025,https://ria.ru/20250408/iphone-2009933962.html,Times of India: Apple отправила из Индии в США пять самолетов с iPhone,"Экономика,Технологии,США,Индия,Китай,Дональд Трамп,Apple,Введение Трампом пошлин на импорт"
Путин подписал закон о удаленной идентификации при открытии счета в банке ,16:09 07.04.2025,https://ria.ru/20250407/putin-2009828430.html,Путин подписал закон об удаленной идентификации клиента при открытии счета ,"Экономика,Технологии,Россия,Владимир Путин,Центральный Банк РФ (ЦБ РФ),Федеральная служба по финансовому мониторингу (Росфинмониторинг),Федеральная служба безопасности РФ (ФСБ России)"
Роснедра назвали сферы основного спроса на редкоземельные металлы ,07:05 07.04.2025,https://ria.ru/20250407/rosnedra-2009731688.html,"Роснедра: спрос на РЗМ обеспечивает выпуск стекла, оптики и катализаторов","Экономика,Россия,Федеральное агентство по недропользованию (Роснедра),Технологии"
"В Роснедрах рассказали, что нужно для развития отрасли редких металлов ",04:22 06.04.2025,https://ria.ru/20250406/rosnedra-2009595138.html,Роснедра: для развития отрасли РЗМ нужен ряд крупных производств,"Экономика,Технологии,Россия,Федеральное агентство по недропользованию (Роснедра),Соликамский магниевый завод"
"В России не нужны особые стимулы для майнинга криптовалют, заявил эксперт ",02:10 05.04.2025,https://ria.ru/20250405/kriptovalyuta-2009464647.html,Замглавы BitRiver Огиенко: особых стимулов для майнинга криптовалют не требуется,"Экономика,Технологии,Россия"
Эксперт предложил сертификацию мексиканских продуктов для экспорта в Россию ,01:27 05.04.2025,https://ria.ru/20250405/produkty-2009462630.html,Ороско: сертификация продуктов из Мексики поможет наладить поставки в РФ,"Экономика,Технологии,Россия,Мексика,США"
Макрон не стал исключать любых мер в ответе на пошлины США ,17:53 03.04.2025,https://ria.ru/20250403/makron-2009177490.html,"Макрон заявил, что в ответе ЕС на пошлины США ничего нельзя исключать","США,Евросоюз,В мире,Введение Трампом пошлин на импорт,Эммануэль Макрон,Дональд Трамп,Франция,Экономика,Технологии"
"""Дочка"" Google в России впервые за 4 года получила чистую прибыль ",17:28 03.04.2025,https://ria.ru/20250403/google-2009169030.html,ФНС: дочерняя компания Google впервые с 2020 года получила чистую прибыль,"Экономика,Федеральная служба по надзору в сфере связи, информационных технологий и массовых коммуникаций (Роскомнадзор),Google,Технологии,Россия"
"ЦБ продолжает работать над пилотом цифрового рубля, заявила Набиуллина ",12:05 03.04.2025,https://ria.ru/20250403/nabiullina-2009073535.html,Набиуллина: ЦБ РФ продолжает активно работать над пилотом цифрового рубля,"Экономика,Технологии,Эльвира Набиуллина,Центральный Банк РФ (ЦБ РФ)"
"Нельзя допустить крипту к расчетам на внутреннем рынке, заявила Набиуллина ",11:48 03.04.2025,https://ria.ru/20250403/nabiullina-2009069493.html,Глава ЦБ РФ Набиуллина: нельзя допустить крипту к расчетам на внутреннем рынке,"Центральный Банк РФ (ЦБ РФ),Экономика,Эльвира Набиуллина,Госдума РФ"
Акции Tesla вышли в плюс после новостей о скором уходе Маска из DOGE ,19:50 02.04.2025,https://ria.ru/20250402/mask-2008975488.html,"Акции Tesla вышли в плюс после новостей о том, что Маск покинет пост главы DOGE","Экономика,США,Технологии,Илон Маск,Tesla motors,В мире,Авто,Акции"
"Старовойт предложил идентифицировать беспилотные грузовики по ""ЭРА-ГЛОНАСС"" ",16:37 02.04.2025,https://ria.ru/20250402/starovoyt-2008932816.html,Старовойт предложил расширить мониторинг по ЭРА-ГЛОНАСС на беспилотные грузовики,"Экономика,Технологии,Россия,Роман Старовойт,Алексей Райкевич,ЭРА-ГЛОНАСС,Министерство транспорта РФ (Минтранс России)"
Путин поручил принять закон для возмещения средств после взлома приложений ,14:14 02.04.2025,https://ria.ru/20250402/putin-2008889701.html,"Путин поручил обязать банки возмещать деньги, похищенные после взлома приложений","Россия,Общество,Технологии,Экономика,Владимир Путин,Михаил Мишустин,Эльвира Набиуллина,Мошенничество"
Аксаков указал на необходимость пресечь схему с накруткой кешбэка ,21:21 01.04.2025,https://ria.ru/20250401/keshbek-2008770669.html,Аксаков допустил законодательный ответ на схему с накруткой кешбэка,"Экономика,Технологии,Анатолий Аксаков,Госдума РФ,Федеральная служба по надзору в сфере связи, информационных технологий и массовых коммуникаций (Роскомнадзор),Россия"
"Глава ""Иннопрактики"" рассказала о поддержке технологических компаний ",17:29 01.04.2025,https://ria.ru/20250401/innopraktika-2008728511.html,"""Иннопрактика"" поддерживает быстрорастущие российские инновационные компании","Экономика,Технологии,Россия,Индия,Иннопрактика,Высшая школа экономики (ВШЭ)"
Банки попросили Роскомнадзор защитить их от мошенничества с кешбэком ,10:20 01.04.2025,https://ria.ru/20250401/bank-2008577193.html,РБК: банки попросили Роскомнадзор принять меры против мошенничества с кешбэком,"Экономика,Технологии,Россия"
"Россия и Китай могут вместе противостоять санкциям, заявил эксперт ",05:25 01.04.2025,https://ria.ru/20250401/kitay-2008543648.html,Шаолэй: Россия и Китай могут найти больше способов развития экономики,"Экономика,Технологии,Россия,Китай"
Росстандарт впервые утвердил ГОСТ для работы торговых автоматов ,12:27 31.03.2025,https://ria.ru/20250331/rosstandart-2008371362.html,Росстандарт утвердил ГОСТ по продаже и оказанию услуг с использованием автоматов,"Экономика,Технологии,Антон Шалаев,Максим Протасов,Федеральное агентство по техническому регулированию и метрологии (Росстандарт),Роскачество"
Эксперт оценил перспективы России в добыче редкоземельных металлов ,13:31 30.03.2025,https://ria.ru/20250330/rossiya-2008230439.html,Якубчук: Россия может сравняться с США и Китаем в добыче редкоземельных металлов,"Экономика,Технологии,Россия,США,Китай,редкоземельные металлы"
ЦБ начал нанимать роботов на работу в 2024 году ,20:04 28.03.2025,https://ria.ru/20250328/bank-2008039029.html,Банк России в 2024 году создал десять роботизированных рабочих мест,"Экономика,Технологии,Россия,Центральный Банк РФ (ЦБ РФ)"
"Эмиссия карт ""Мир"" в 2024 году выросла в 1,4 раза ",18:43 28.03.2025,https://ria.ru/20250328/karty-2008026217.html,"Эмиссия карт ""Мир"" за 2024 год выросла в 1,4 раза и достигла 400,6 миллиона","Экономика,Технологии,Центральный Банк РФ (ЦБ РФ),Агентство по страхованию вкладов"
"Крупные производители техники хотят вернуться в Россию, пишут СМИ ",08:44 28.03.2025,https://ria.ru/20250328/proizvoditeli-2007859231.html,"KT: LG, Samsung и Hyundai хотят вернуться на российский рынок","Экономика,Технологии,Москва,Киев,Inditex,Samsung,Hyundai Creta,Россия,В мире"
Исследование МГУ: онлайн-торговля нуждается в регулировании ,22:58 27.03.2025,https://ria.ru/20250327/torgovlya-2007816582.html,Богданов: для развития торговли нужно упорядочить работу маркетплейсов ,"Москва Сегодня: мегаполис для жизни,Экономика,Технологии,Россия,МГУ имени М. В. Ломоносова"
Путин поручил увеличить мощности морских портов в Арктике ,22:35 27.03.2025,https://ria.ru/20250327/putin-2007813233.html,Путин поручил подготовить планы по расширению мощностей морских портов в Арктике,"Экономика,Технологии,Россия,Арктика,Владимир Путин"
В РФПИ заявили об интересе США к российским энергетическим технологиям ,17:11 27.03.2025,https://ria.ru/20250327/tekhnologii-2007739128.html,"Глава РФПИ Дмитриев: РФ видит интерес США к энерготехнологиям, в том числе в СПГ","Экономика,Россия,США,Кирилл Дмитриев,Российский фонд прямых инвестиций,Технологии,Газпром,Новатэк,Ямал СПГ"
Дрозденко: Ariston сможет продолжить производство в Ленинградской области ,16:51 27.03.2025,https://ria.ru/20250327/ariston-2007734577.html,Дрозденко: Ariston сможет развивать производство в Ленинградской области,"Экономика,Технологии,Россия,Всеволожский район,Ленинградская область,Владимир Путин,Александр Дрозденко,Газпром"
"Форум ""Синтез инноваций в ИТ-отрасли"" прошел в Москве ",11:20 27.03.2025,https://ria.ru/20250327/forum-2006493973.html,"Форум ""Синтез инноваций в ИТ-отрасли"" прошел в Москве 2 апреля","Россия,Технологии,Экономика,IT-индустрия,Москва,IT-компании,ПО (программное обеспечение),РЖД,ВТБ (банк)"
"""Ростех"" не боится возвращения Boeing в Россию ",06:57 27.03.2025,https://ria.ru/20250327/rostekh-2007602243.html,"Глава ""Ростеха"" Чемезов: российские самолеты должны иметь преференции на рынке","Экономика,Технологии,Россия,Сергей Чемезов,Ростех"
"Отмена санкций не повлияет на производство МС-21 и SJ-100, заявил Чемезов ",06:11 27.03.2025,https://ria.ru/20250327/rostekh-2007600727.html,"Чемезов: проекты МС-21 и новый ""Суперджет"" вышли на финишную прямую","Экономика,Технологии,Россия,Сергей Чемезов,Ростех,Airbus,Объединенная авиастроительная корпорация (ОАК),МС-21,SJ-100,Sukhoi Superjet 100 (SSJ100)"
Добычу редкоземельных металлов наладят в Мурманской области с господдержкой ,21:25 26.03.2025,https://ria.ru/20250326/krdv-2007572642.html,"КРДВ и АО ""Арсенал"" построят обогатительную фабрику в Мурманской области","Экономика,Технологии,Арктика,Россия,Ловозерский район"
Шадаев рассказал о последствиях возвращения западных компаний ,20:28 26.03.2025,https://ria.ru/20250326/shadaev-2007567579.html,Глава Минцифры Шадаев не видит рисков в возвращении иностранных вендоров,"Экономика,Технологии,Россия,Максут Шадаев,Владимир Путин,Госдума РФ"
"Росавиация одобрила ""Яковлеву"" серийное производство МC-21 ",17:17 26.03.2025,https://ria.ru/20250326/rosaviatsija-2007522119.html,"Росавиация одобрила ПАО ""Яковлев"" серийное производство самолетов МC-21","Экономика,Федеральное агентство воздушного транспорта (Росавиация),Sukhoi Superjet 100 (SSJ100),МС-21,Объединенная авиастроительная корпорация (ОАК),Ростех,Михаил Мишустин,Вадим Бадеха,Технологии"
Мишустин призвал готовиться к перевороту в отраслях из-за внедрения ИИ ,14:42 26.03.2025,https://ria.ru/20250326/mishustin-2007455971.html,Мишустин: внедрение ИИ перевернет огромное количество отраслей,"Михаил Мишустин,Экономика,Россия,Технологии"
Мишустин анонсировал запуск нового проекта по биоэкономике ,13:37 26.03.2025,https://ria.ru/20250326/bioekonomika-2007432390.html,Мишустин: правительство готовит проект по развитию технологий биоэкономики,"Экономика,Технологии,Россия,Михаил Мишустин,Госдума РФ"
Мишустин отметил хорошую динамику российской промышленности ,13:24 26.03.2025,https://ria.ru/20250326/mishustin-2007426849.html,Мишустин: промышленность России уже не первый год демонстрирует хорошую динамику,"Экономика,Технологии,Россия,Челябинск,Михаил Мишустин,Госдума РФ"
Мишустин назвал размеры субсидий на научные разработки ,12:55 26.03.2025,https://ria.ru/20250326/nauka-2007413585.html,Мишустин: субсидии на научные разработки за 5 лет превысили 75 млрд руб ,"Наука,Экономика,Технологии,Россия,Краснодар,Санкт-Петербург,Михаил Мишустин,Госдума РФ,Фонд развития промышленности"
Мишустин рассказал о развитии IT-отрасли в России ,12:49 26.03.2025,https://ria.ru/20250326/mishustin-2007410759.html,Мишустин: IT-отрасль в России стала одной из самых быстрорастущих,"Россия,Михаил Мишустин,Госдума РФ,Экономика,Технологии"
"Мишустин рассказал, как обеспечить устойчивую экономику ",12:44 26.03.2025,https://ria.ru/20250326/ekonomika-2007407687.html,Мишустин: обеспечение устойчивой экономики требует сильной промышленности,"Экономика,Технологии,Россия,Михаил Мишустин,Госдума РФ"
Эксперты рассказали об уязвимости банковских приложений ,05:57 26.03.2025,https://ria.ru/20250326/prilozheniya-2007342776.html,AppSec Solutions: две трети банковских приложений в России имеют уязвимости,"Экономика,Технологии,Эльвира Набиуллина"
В Совфеде оценили возможность возвращения Visa и Mastercard в Россию ,19:22 25.03.2025,https://ria.ru/20250325/sovfed-2007285103.html,"Артамонов: при возвращении Visa в РФ нужно открывать возможности для ""Мира""","Экономика,Технологии,Россия,Анатолий Артамонов,Эльвира Набиуллина,Visa, Inc.,MasterCard, Inc.,Совет Федерации РФ,В мире"
Эксперт оценил энергопотребление ИИ в России к 2030 году ,04:22 25.03.2025,https://ria.ru/20250325/tekhnologii-2007087746.html,Абясов: энергопотребление ИИ в России к 2030 году может вырасти в три раза,"Экономика,Технологии,Россия,США,Google,Microsoft Corporation,Министерство энергетики РФ (Минэнерго России)"
ВТБ раскрыл новую схему мошенничества с использованием банковских карт ,08:18 24.03.2025,https://ria.ru/20250324/vtb-2006860790.html,ВТБ раскрыл схему мошенничества с использованием NFC-клонов банковских карт,"Экономика,Технологии"
Китай продолжит содействовать развитию предприятий с иностранным капиталом ,06:58 24.03.2025,https://ria.ru/20250324/kitaj-2006856963.html,None,"Экономика,Технологии,Китай,Пекин,США,Тим Кук,Apple,WeChat"
Россиянам рассказали об основных типах дропперов ,08:43 23.03.2025,https://ria.ru/20250323/droppery-2006744418.html,"ЦБ: в три основных типа дропперов входят заливщик, транзитник и обнальщик","Технологии,Центральный Банк РФ (ЦБ РФ),Экономика,Россия,дропперы"
Набиуллина назвала криптовалюты очень рисковыми инструментами ,16:06 21.03.2025,https://ria.ru/20250321/kriptovalyuta-2006513387.html,"Набиуллина: отношение ЦБ к криптовалюте прежнее, но регулирование надо выстроить","Экономика,Технологии,Россия,Эльвира Набиуллина,Центральный Банк РФ (ЦБ РФ)"
Путин поручил создать высокоэффективные накопители энергии ,15:13 21.03.2025,https://ria.ru/20250321/putin-2006491203.html,Путин поручил создать производство высокомощных и высокомких накопителей энергии,"Экономика,Технологии,Россия,Москва,Владимир Путин,Сбербанк России"
Правительство будет мониторить формирование цен на БПЛА ,14:39 21.03.2025,https://ria.ru/20250321/tseny-2006470522.html,Путин поручил правительству мониторить формирование цен на БПЛА,"Экономика,Россия,Владимир Путин,Технологии"
Путин поручил утвердить план мероприятий для роста экспорта беспилотников ,14:35 21.03.2025,https://ria.ru/20250321/bespilotniki-2006468671.html,Правительство утвердит план мероприятий для увеличения экспорта беспилотников,"Владимир Путин,Беспилотники,Россия,Экономика,Технологии,Михаил Мишустин"
Путин поручил расширить использование БПЛА в отраслях экономики ,14:13 21.03.2025,https://ria.ru/20250321/putin-2006459308.html,Путин поручил кардинально расширить использование БПЛА в отраслях экономики,"Экономика,Владимир Путин,Россия,Михаил Мишустин,Андрей Белоусов,Федеральная служба безопасности РФ (ФСБ России),Технологии"
IT-компания КРОК предоставила документы по проекту прошлых лет для проверки ,22:21 20.03.2025,https://ria.ru/20250320/krok-2006330004.html,Документы IT-компании КРОК по проекту прошлых лет дополнительно проверят,"Технологии,Экономика,Россия"
"IT-компания ""Крок"" сообщила, что работает в штатном режиме ",13:58 20.03.2025,https://ria.ru/20250320/krok-2006189266.html,"Компания ""Крок"" после сообщения об обысках подтвердила работу в штатном режиме","Экономика,Технологии"
"Глава ВТБ заявил, что SWIFT уже никому не нужен ",15:20 19.03.2025,https://ria.ru/20250319/swift-2005991499.html,"Костин: SWIFT уже никому не нужен, у России есть современные системы расчетов","Экономика,Технологии,Россия,Андрей Костин (банкир),SWIFT,Российский союз промышленников и предпринимателей,Евросоюз"
Дмитриев рассказал о проблемах для возвращения компаний из США в Россию ,14:09 18.03.2025,https://ria.ru/20250318/dmitriev-2005706443.html,"Дмитриев: компании из США хотят вернуться в РФ, но многие ниши уже заняты","Российский фонд прямых инвестиций,Россия,Экономика,Кирилл Дмитриев,Технологии,Российский союз промышленников и предпринимателей,В мире"
Банки обяжут ввести в приложения функционал для пострадавших от мошенниках ,12:24 18.03.2025,https://ria.ru/20250318/banki-2005680641.html,ЦБ обязал банки ввести в приложения функционал для сообщений о мошенниках,"Экономика,Технологии,Центральный Банк РФ (ЦБ РФ),Россия"
Российская Sitronics Electro начала поставку электрозарядок в Армению ,02:44 18.03.2025,https://ria.ru/20250318/armenija-2005615522.html,Российская Sitronics Electro поставила несколько зарядных станций в Армению,"Экономика,Технологии,Армения,Россия,Ближний Восток"
В Sitronics Electro планируют охватить электрозарядками всю Россию ,16:24 17.03.2025,https://ria.ru/20250317/zaryadki-2005526724.html,Sitronics Electro планирует охватить зарядками для электромобилей всю Россию,"Экономика,Технологии,Россия,Авто"
"Россиянам раскрыли приемы мошенников, обещающих удачные инвестиции ",09:26 17.03.2025,https://ria.ru/20250317/moshenniki-2005424221.html,"МВД: мошенники используют иллюзии эксклюзивности, обещая выгодные инвестиции","Технологии,Министерство внутренних дел РФ (МВД России),Россия,Экономика,мошенники"
Superjet совершил первый полет с российским двигателем ,06:03 17.03.2025,https://ria.ru/20250317/superjet-2005408448.html,Ростех: Superjet совершил первый полет с российским двигателем ПД-8,"Объединенная двигателестроительная корпорация,Ростех,Sukhoi Superjet 100 (SSJ100),Технологии,Экономика,Комсомольск-на-Амуре,Сергей Чемезов,Денис Мантуров,Объединенная авиастроительная корпорация (ОАК),Россия"
Вступает в силу запрет ЕС на доступ к SWIFT нескольких российских банков ,00:15 17.03.2025,https://ria.ru/20250317/swift-2005392458.html,Запрет ЕС на доступ к SWIFT для 11 российских банков начинается с 17 марта,"Экономика,Технологии,Россия,Евросоюз,SWIFT,Уралсиб (финансовая корпорация)"
"""Алмаз-Антей"" прокомментировал сообщения о проекте электромобиля Е-Neva ",22:27 13.03.2025,https://ria.ru/20250313/e-neva-2004881743.html,"""Алмаз"" выделил производство гражданского автотранспорта в отдельное направление","Экономика,Технологии,Санкт-Петербург,Концерн ПВО ""Алмаз-Антей"",Toyota Corolla,Авто"
Российские IT-проекты продолжили отток с зарубежных облаков в 2024 году ,05:53 13.03.2025,https://ria.ru/20250313/it-2004656215.html,Отток российских IT-проектов с зарубежных облаков в 2024 году достиг 14%,"Экономика,Технологии,Google"
В Госдуме предложили ввести нулевую ставку НДС для производителей БАС ,18:26 12.03.2025,https://ria.ru/20250312/gosduma-2004595636.html,Депутат Школкина: нулевая ставка НДС поможет развитию внутреннего рынка БАС,"Экономика,Технологии,Надежда Школкина,Госдума РФ"
"""Сбер"" тестирует оплату покупок в Турции по  QR-коду ",16:38 12.03.2025,https://ria.ru/20250312/sber-2004567699.html,Сбербанк намерен в конце марта запустить оплату покупок в Турции по QR-коду,"Экономика,Технологии,Турция,Белоруссия,Таджикистан,Сбербанк России,Сбер"
"Цифровизация не заменит человека в сельском хозяйстве, заявил Патрушев ",13:29 12.03.2025,https://ria.ru/20250312/patrushev-2004512971.html,Патрушев: цифровые системы никогда не заменят труд человека в сельском хозяйстве,"Экономика,Технологии,Россия,Дмитрий Патрушев,Совет Федерации РФ"
Минпромторг предложил ввести обязательную маркировку смартфонов и ноутбуков ,10:06 12.03.2025,https://ria.ru/20250312/minpromtorg-2004468024.html,Минпромторг предложил ввести маркировку смартфонов и ноутбуков с сентября,"Экономика,Технологии,Россия,Министерство промышленности и торговли РФ (Минпромторг России)"
"Минэкономразвития поддержало ""самозапрет"" покупок на маркетплейсах ",04:11 12.03.2025,https://ria.ru/20250312/minekonomrazvitiya-2004440962.html,Минэкономразвития поддержало внедрение самозапрета покупок на маркетплейсах,"Экономика,Россия,Владислав Даванков,Министерство экономического развития РФ (Минэкономразвития России),Госдума РФ"
В России утвердили создание особых экономических зон в трех регионах ,09:04 10.03.2025,https://ria.ru/20250310/pravitelstvo-2004004321.html,Правительство утвердило создание особых экономических зон в трех регионах,"Экономика,Россия,Новосибирская область,Московская область (Подмосковье),Михаил Мишустин"
В Госдуме предложили запустить план ГОЭЛРО-2 ,07:25 10.03.2025,https://ria.ru/20250310/babakov-2003997373.html,В Госдуме предложили запустить план ГОЭЛРО-2 для новых ,"Технологии,Россия,США,Дальний Восток,Александр Бабаков,Дональд Трамп,Владимир Путин,Госдума РФ,Экономика"
Эксперт рассказал о росте интереса хакеров к интернет-магазинам косметики  ,13:13 08.03.2025,https://ria.ru/20250308/hakery-2003801281.html,Пашков: хакеры в 9 раз чаще стали интересоваться интернет-магазинами косметики,"Экономика,Технологии,Происшествия,Общество,Россия"
В США проведут полный аудит криптовалюты ,22:17 07.03.2025,https://ria.ru/20250307/ssha-2003738752.html,Сакс: США проведут аудит криптовалюты и закончат войну против криптоиндустрии,"США,В мире,Криптовалюта,Экономика"
"Трамп призвал США использовать, а не ограничивать цифровые активы ",05:42 07.03.2025,https://ria.ru/20250307/ssha-2003532329.html,"Указ Трампа призывает США использовать, а не ограничивать цифровые активы","Экономика,Технологии,США,Дональд Трамп"
Каждая вторая предпринимательница в России занята в сфере услуг ,07:44 06.03.2025,https://ria.ru/20250306/predprinimatelnitsa-2003335241.html,Промсвязьбанк: каждая вторая предпринимательница в России занята в сфере услуг,"Экономика,Технологии,Россия"
"Китайские компании хотят развивать отношения с Россией, заявил Титов ",07:37 06.03.2025,https://ria.ru/20250306/kompanii-2003335062.html,Титов: компании китайской провинции Шэньси хотят развивать отношения с Россией,"Экономика,Технологии,Россия,Шэньси,Китай,Борис Титов,Российско-Китайский Комитет дружбы, мира и развития"
СП рекомендовала оптимизировать меры поддержки инновационной инфраструктуры ,00:06 06.03.2025,https://ria.ru/20250306/infrastruktura-2003311149.html,СП рекомендовала оптимизировать меры господдержки инновационной инфраструктуры,"Экономика,Технологии,Россия"
"На российском рынке всем хватит места, заявил Титов ",03:41 05.03.2025,https://ria.ru/20250305/titov-2003094758.html,"Титов: на российском рынке всем хватит места, он большой и динамично развивается","Экономика,Россия,Борис Титов,Российско-Китайский Комитет дружбы, мира и развития"
"Новые рынки помогут IT-компаниям из России, заявил эксперт ",03:59 04.03.2025,https://ria.ru/20250304/it-2002876978.html,Директор Марков: российским IT-компаниям нужно выходить на новые рынки,"Экономика,Технологии,Россия,США,Ближний Восток"
В Армавире построят пресс алюминиевых профилей для поездов ВСМ ,06:03 03.03.2025,https://ria.ru/20250303/armavir-2002651777.html,В Армавире построят пресс алюминиевых профилей для сварки вагонов для ВСМ,"Экономика,Технологии,Армавир,Россия,Китай"
Эксперты оценили зависимость российских компаний от зарубежных IT-решений ,10:17 01.03.2025,https://ria.ru/20250301/it-reshenija-2002419449.html,К2 Cloud: зависимость компаний от зарубежных IT-решений остается высокой,"Экономика,Технологии"
"В Казахстане увеличили число терминалов, принимающих карты ""Мир"" ",09:40 01.03.2025,https://ria.ru/20250301/kazahstan-2002414457.html,"Посол Абаев: число терминалов с картой ""Мир"" в Казахстане выросло в 1,7 раза","Экономика,Технологии,Казахстан,Россия,Астана,Даурен Абаев,В мире"
Суд рассмотрит жалобу Google на штраф в восемь миллиардов рублей ,08:12 01.03.2025,https://ria.ru/20250301/sud-2002407509.html,Чертановский суд Москвы рассмотрит жалобу Google на штраф в 8 миллиардов рублей,"Экономика,Технологии,Москва,Россия,Google,YouTube,Федеральная антимонопольная служба (ФАС России)"
OpenAI оказалась вынуждена обновлять ИИ-модели из-за давления конкурентов ,16:29 28.02.2025,https://ria.ru/20250228/openai-2002251997.html,MTS AI: OpenAI вынуждена выпускать новые версии ИИ без существенных улучшений,"Экономика,Технологии,Китай,Европа,США,Илон Маск,Google,СНГ,В мире"
"ЦБ объяснил, почему в России не будут выпускать пластиковые купюры ",16:07 28.02.2025,https://ria.ru/20250228/tsb-2002246257.html,ЦБ: бумажные купюры выдерживают низкие температуры лучше пластиковых,"Экономика,Россия,Центральный Банк РФ (ЦБ РФ)"
Силуанов назвал ИИ ключевым источником роста мировой экономики в будущем ,15:39 28.02.2025,https://ria.ru/20250228/siluanovyj-2002241300.html,Силуанов: искусственный интеллект станет ключом роста мировой экономики,"Экономика,Технологии,Кейптаун,Антон Силуанов,Министерство финансов РФ (Минфин России),Большая двадцатка,В мире"
ОАЭ готовы запустить собственную систему банковских карт ,02:14 28.02.2025,https://ria.ru/20250228/oae-2002085763.html,Al Etihad Payments объявила о готовности к запуску системы платежных карт Jaywan,"Экономика,Технологии,ОАЭ,Индия,Samsung,MasterCard, Inc.,Visa, Inc."
"В Минпромторге рассказали об ""обелении"" российского рынка автокомпонентов ",17:48 27.02.2025,https://ria.ru/20250227/minpromtorg-2002011344.html,"Алиханов заявил о расширении номенклатуры автокомпонентов, подлежащих маркировке","Экономика,Технологии,Россия,Антон Алиханов,Министерство промышленности и торговли РФ (Минпромторг России)"
Минпромторг рассказал о проекте мультиязычного сайта с российскими товарами ,16:40 27.02.2025,https://ria.ru/20250227/minpromtorg-2001992420.html,Чекушов: продвижение товаров из РФ за рубежом предполагает комплекс мероприятий,"Экономика,Технологии,Россия,Михаил Мишустин,Вероника Никишина,Министерство промышленности и торговли РФ (Минпромторг России)"
"Достижения российских ученых не должны ложиться ""под гриф"", заявил Путин ",15:53 27.02.2025,https://ria.ru/20250227/putin-2001979264.html,Путин призвал быстрее внедрять разработки российских ученых в производство,"Наука,Россия,Владимир Путин,Федеральная служба безопасности РФ (ФСБ России),Экономика,Производство,Промышленность,Технологии"
Греф ответил на вопрос о конкуренции словами о марсианах ,14:44 27.02.2025,https://ria.ru/20250227/gref-2001953681.html,"Греф пошутил, что Сбер боится конкурентов, только если Маск привезет их с Марса","Экономика,Технологии,Россия,Герман Греф,Илон Маск,Сбербанк России,Сбер,Общество"
Греф поблагодарил Apple за уход с российского рынка ,12:34 27.02.2025,https://ria.ru/20250227/gref-2001916534.html,"Греф поблагодарил Apple за уход с рынка РФ, что позволило создать оплату улыбкой","Экономика,Технологии,Герман Греф,Сбербанк России,Apple,Сбер"
В России могут возобновить производство двигателей для модернизации Ан-2 ,11:20 27.02.2025,https://ria.ru/20250227/rossija-2001896976.html,Алиханов: производство двигателей ТВД-10 планируется возобновить в России,"Экономика,Россия,Антон Алиханов,Министерство промышленности и торговли РФ (Минпромторг России),Ан-2,Технологии"
ЦБ намерен отложить широкое внедрение цифрового рубля ,11:06 27.02.2025,https://ria.ru/20250227/rubl-2001894230.html,"Набиуллина: массовое внедрение цифрового рубля пройдет позже, чем планировалось","Экономика,Центральный Банк РФ (ЦБ РФ),Эльвира Набиуллина,Россия,Технологии"
"ИИ-компании в Китае столь же эффективны, как в США, заявили в Росконгрессе ",00:39 27.02.2025,https://ria.ru/20250227/roskongress-2001836169.html,"""Росконгресс"": ИИ-компании в Китае столь же эффективны, как в США","Экономика,США,Европа,Китай,Технологии"
"В ""Автодоре"" отреагировали на уход из России крупной французской компании ",20:09 26.02.2025,https://ria.ru/20250226/vinci-2001811302.html,"Уход из РФ французской Vinci не скажется на работе ""Автодора""","Экономика,Россия,Автодор"
"""Ростех"" выпустил импортозамещенный станок для обработки авиадеталей ",08:17 26.02.2025,https://ria.ru/20250226/rostekh-2001632328.html,"""Стан"" выпустил полностью импортозамещенный станок для обработки авиадеталей","Экономика,Технологии,Россия,Семен Якубов,Ростех"
Эксперты нашли критические уязвимости в каждом втором банковском приложении ,05:35 26.02.2025,https://ria.ru/20250226/prilozheniya-2001622127.html,В каждом втором банковском приложении нашли критические уязвимости,"Экономика,Технологии"
В Совфеде рассказали о внедрении ИИ в сельское хозяйство ,20:16 25.02.2025,https://ria.ru/20250225/ii-2001582166.html,Сенатор Митин: внедрение ИИ в сельское хозяйство находится на стадии становления,"Экономика,Технологии,Россия,Сергей Митин,Совет Федерации РФ,Ростсельмаш,Министерство сельского хозяйства РФ (Минсельхоз России)"
"Эксперт назвал отрасли, которым не обойтись без редкоземельных металлов ",11:35 25.02.2025,https://ria.ru/20250225/metally-2001463105.html,Рамазанов: редкоземельные металлы нужны для производства катализаторов,"Экономика,Технологии,Россия,США,Владимир Путин,Павел Зарубин,Института Гайдара,ВГТРК"
ВТБ назвал возвращение Visa и Mastercard в Россию малозначимым ,10:08 25.02.2025,https://ria.ru/20250225/vtb-2001423526.html,Зампред правления ВТБ Пьянов назвал возвращение Visa и Mastercard малозначимым,"Экономика,Технологии,Россия,Visa, Inc.,MasterCard, Inc."
Путин призвал наладить полный цикл переработки редких металлов ,22:36 24.02.2025,https://ria.ru/20250224/putin-2001371547.html,Путин: России нужно наладить полный цикл переработки редких металлов к 2030 году,"Экономика,Россия,Владимир Путин,Технологии,редкоземельные металлы"
Alibaba вложит 53 миллиарда долларов в создание инфраструктуры ИИ в Китае ,07:35 24.02.2025,https://ria.ru/20250224/ii-2001198871.html,Синьхуа: Alibaba вложит $53 миллиарда в строительство инфраструктуры ИИ в Китае,"Экономика,Технологии,Китай,Си Цзиньпин,Джек Ма,Alibaba Group,AliExpress"
Банки предупредили о возможных сложностях с покупкой новых долларов ,06:18 24.02.2025,https://ria.ru/20250224/dollary-2001196651.html,"Банки предупредили, что доллары нового образца не всегда бывают в наличии","Экономика,Никита Кондратьев,Анатолий Аксаков,Сбербанк России,Газпромбанк,Россельхозбанк,Технологии"
В Сибур рассказали о потенциале замещения материалов полимерами ,04:31 24.02.2025,https://ria.ru/20250224/polimery-2001192370.html,"""Сибур Полилаб"": потенциал внедрения полимеров высок в строительстве и упаковке","Экономика,Россия,Сибур Холдинг"
"""Сибур"" рассматривает применение своих материалов для аккумуляторов ",02:48 24.02.2025,https://ria.ru/20250224/sibur-2001190142.html,"""Сибур"" рассматривает применение своих материалов для компонентов аккумуляторов","Экономика,Россия,Сибур Холдинг"
Эксперты назвали главные недостатки iPhone 16e ,13:14 22.02.2025,https://ria.ru/20250222/iphone-2000982916.html,"""ДамПродам"": iPhone 16e не сможет завоевать популярность на российском рынке","Экономика,Технологии"
Уход из России обошелся западным брендам почти в 14 миллиардов долларов ,08:07 22.02.2025,https://ria.ru/20250222/ukhod-2000952025.html,Уход с российского рынка стоил западным брендам почти 14 миллиардов долларов,"Экономика,Технологии,McDonald's Corporation,Yum! Brands,Санкции в отношении России,Россия"
Гурьев рассказал об успехах отрасли минудобрений в биологизации АПК России  ,23:58 21.02.2025,https://ria.ru/20250221/udobreniya-2000933940.html,Глава РАПУ Гурьев рассказал об успехах отрасли минудобрений в биологизации АПК,"Экономика,Россия,Москва,США,Андрей Гурьев,Иннопрактика"
Путину рассказали о создании катализаторов для производства полипропилена ,21:36 21.02.2025,https://ria.ru/20250221/putin-2000919339.html,Путину рассказали о российских катализаторах для производства полипропилена,"Экономика,Технологии,Россия,Москва,Казань,Александр Клименко,Владимир Путин,Российская академия наук,Российский научный фонд,Сибур Холдинг"
Собянин представил Путину инновационные разработки московских предприятий ,21:02 21.02.2025,https://ria.ru/20250221/sobjanin-2000914490.html,Собянин представил Путину стенд с передовыми разработками Москвы,"Экономика,Технологии,Москва,Россия,Зеленоград,Сергей Собянин,Владимир Путин"
"АКИТ: авторизация в ""Госуслугах"" усложнит продажу зарубежных товаров онлайн ",19:51 21.02.2025,https://ria.ru/20250221/prodazha-2000904330.html,"АКИТ: ""Госуслуги"" усложнят продажу товаров от зарубежных поставщиков онлайн","Экономика,Технологии,Россия,Ассоциация компаний интернет-торговли (АКИТ),Wildberries,Госдума РФ,Госуслуги,Общество"
Путин высказался о редкоземельных металлах ,16:59 21.02.2025,https://ria.ru/20250221/putin-2000858098.html,Путин поинтересовался предложениями ученых по добыче редкоземельных металлов,"Экономика,Технологии,Россия,Москва,Владимир Путин"
"Путин вспомнил, как ему рассказали об идее атомных подводных газовозов ",16:52 21.02.2025,https://ria.ru/20250221/putin-2000856306.html,Путин назвал создание атомных подводных газовозов возможным и рентабельным,"Наука,Экономика,Россия,Москва,Владимир Путин,Курчатовский институт,Газпром,Новатэк,Природный газ,Энергетика,Технологии"
Путин призвал нарастить финансирование науки ,16:13 21.02.2025,https://ria.ru/20250221/nauka-2000843327.html,Путин призвал совместно с бизнесом нарастить финансирование науки до 2% ВВП,"Наука,Экономика,Технологии,Россия,Москва,Владимир Путин"
Путин заявил о важности развития добычи редкоземельных металлов ,16:09 21.02.2025,https://ria.ru/20250221/putin-2000841288.html,"Путин заявил о важности развития добычи редкоземельных металлов, включая литий","Экономика,Технологии,Россия,Владимир Путин"
Путин попросил обеспечить преимущества российским предприятиям ,16:03 21.02.2025,https://ria.ru/20250221/putin-2000839418.html,Путин поручил обеспечить преимущества компаниям из РФ при возврате конкурентов,"Владимир Путин,Экономика,Технологии,Россия,Всемирная торговая организация (ВТО)"
"Россия открыта к сотрудничеству с мировыми учеными и бизнесом, заявил Путин ",15:54 21.02.2025,https://ria.ru/20250221/putin-2000835782.html,Путин: Россия открыта к сотрудничеству с учеными и бизнесом со всего мира,"Наука,Россия,Владимир Путин,Технологии,В мире,Экономика"
"""Об этом говорит весь мир"". Путин поставил российским ученым новые задачи ",15:52 21.02.2025,https://ria.ru/20250221/putin-2000834294.html,"Путин выступил на пленарном заседании форума ""Технологии будущего"" в Москве","Владимир Путин,Россия,Экономика,Технологии,СССР,Арктика,Всемирная торговая организация (ВТО)"
"Новые предприятия позволят нарастить выпуск полимеров, заявил Путин ",15:38 21.02.2025,https://ria.ru/20250221/polimery-2000827240.html,Путин: новые предприятия позволят РФ в ближайшие годы нарастить выпуск полимеров,"Наука,Экономика,Россия,Тюменская область,Технологии,Владимир Путин,Запсибнефтехим"
Путин призвал нарастить потенциал химической промышленности ,15:36 21.02.2025,https://ria.ru/20250221/putin-2000826431.html,Путин призвал кратно нарастить потенциал химпромышленности и смежных отраслей,"Экономика,Россия,Технологии,Владимир Путин,Москва,Химия,Промышленность"
ОДК передала партию двигателей ПД-14 для установки на МС-21 ,08:19 21.02.2025,https://ria.ru/20250221/odk-2000702081.html,Ростех: ОДК передала партию двигателей ПД-14 для установки на МС-21,"Экономика,Технологии,Россия,США,Великобритания,Сергей Чемезов,Ростех,Объединенная двигателестроительная корпорация,Объединенная авиастроительная корпорация (ОАК),МС-21"
Опубликовано фото автомобиля нового российского бренда Tenet ,05:57 21.02.2025,https://ria.ru/20250221/tenet-2000690734.html,Глава Калужской области Шапша показал первые фото машин российского бренда Tenet,"Экономика,Технологии,Калуга,Калужская область,Владислав Шапша"
"""АГР Холдинг"" начнет производство автомобилей российского бренда Tenet ",21:22 20.02.2025,https://ria.ru/20250220/avtomobil-2000655292.html,"""АГР Холдинг"" и Defetoo подписали соглашение о производстве автомобилей Tenet","Экономика,Технологии,Калуга,АГР,Россия,Авто"
Володин рассказал о последствиях ухода зарубежных компаний из России ,20:44 20.02.2025,https://ria.ru/20250220/volodin-2000652187.html,Володин: иностранным компаниям будет непросто вернуться на российский рынок,"Экономика,Россия,Вячеслав Володин,Антон Алиханов,Госдума РФ,Министерство промышленности и торговли РФ (Минпромторг России)"
Ретейлеры в России открыли предзаказ на новый iPhone ,17:37 20.02.2025,https://ria.ru/20250220/iphone-2000614194.html,Аналитик Mobile Research Group Муртазин: спрос на iphone 16e будет небольшой,"Экономика,Технологии,Россия,Эльдар Муртазин"
Мантуров высказался о возможности возвращения иностранных брендов в Россию  ,17:25 20.02.2025,https://ria.ru/20250220/manturov-2000611317.html,"Мантуров: в Россию смогут вернуться те бренды, в которых она заинтересована","Экономика,Россия,В мире,Денис Мантуров"
"""Яндекс"" готовится к производству нового поколения роботов-курьеров ",15:42 20.02.2025,https://ria.ru/20250220/jandeks-2000573826.html,"""Яндекс"" готовится к серийному производству нового поколения роботов-курьеров","Экономика,Технологии,Москва,Яндекс"
Набиуллина назвала слухами отказ от цифрового рубля в МФЦ ,13:46 20.02.2025,https://ria.ru/20250220/nabiullina-2000538082.html,Набиуллина назвала слухами специальный отказ от  цифрового рубля в МФЦ,"Технологии,Россия,Эльвира Набиуллина,Экономика"
Банк России оценил количество потребителей услуг теневого бизнеса ,12:47 20.02.2025,https://ria.ru/20250220/tsb-2000521371.html,ЦБ: число потребителей услуг теневого бизнеса в РФ достигло 10 млн человек,"Экономика,Технологии,Россия"
Эксперт оценил перспективы поставок российского алюминия для iPhone 17 ,12:20 20.02.2025,https://ria.ru/20250220/postavki-2000512556.html,Худалов: экологичный алюминий из России может заменить титан в iPhone 17 Pro ,"Экономика,Технологии,США,Китай,Великобритания,Apple,В мире"
"Минэкономразвития внесло законопроект ""О платформенной экономике"" ",12:04 20.02.2025,https://ria.ru/20250220/mer-2000509192.html,"Минэкономразвития внесло в правительство проект ""О платформенной экономике""","Экономика,Технологии,Россия,Министерство экономического развития РФ (Минэкономразвития России),Госдума РФ"
ЦБ рассказал о масштабах дропперства в России ,11:08 20.02.2025,https://ria.ru/20250220/dropper-2000495220.html,ЦБ: каждый месяц дропперами становятся около 80 тысяч россиян и иностранцев,"Экономика,Технологии,Россия,Эльвира Набиуллина,Центральный Банк РФ (ЦБ РФ)"
В Казахстане не будут блокировать средства нерезидентов ,10:02 20.02.2025,https://ria.ru/20250220/kazahstan-2000477373.html,АРРФР: деньги нерезидентов не будут блокироваться на счетах в банках Казахстана,"Экономика,Технологии,Казахстан,В мире"
H&M не планирует возобновлять работу в России ,15:16 19.02.2025,https://ria.ru/20250219/hm--2000307430.html,Шведский ритейлер одежды H&M не планирует возобновлять работу в России,"Экономика,Технологии,Россия,Швеция,H&M,В мире"
ЦБ рассказал о работе банков по охлаждению подозрительных переводов ,13:45 19.02.2025,https://ria.ru/20250219/bank-2000282359.html,Набиуллина: банки ежемесячно охлаждают около 300 тысяч подозрительных переводов,"Экономика,Технологии,Эльвира Набиуллина,Центральный Банк РФ (ЦБ РФ)"
Онлайн-инкассация: как новый сервис экономит бизнесу время и деньги ,13:37 19.02.2025,https://ria.ru/20250219/onlayn-inkassatsiya-1999847236.html,None,"Россия,ВкусВилл,Газпромбанк,Интервью,Экономика,Технологии,Финтех"
"Новым гендиректором ""М.Видео-Эльдорадо"" стал Феликс Либ ",10:30 19.02.2025,https://ria.ru/20250219/direktor-2000229081.html,"Гендиректором ""М.Видео-Эльдорадо"" стал экс-глава Natura Siberica Феликс Либ","Экономика,Технологии,М.Видео"
"Российским танкам увеличат мощность двигателей, сообщили УВЗ ",06:11 19.02.2025,https://ria.ru/20250219/uralvagonzavod-2000200642.html,"""Уралвагонзавод"": российским танкам увеличат мощность двигателей","Экономика,Технологии,Абу-Даби,ОАЭ,Уралвагонзавод,Ростех"
Из России с 2022 года ушли более 300 американских компаний ,06:02 19.02.2025,https://ria.ru/20250219/ssha-2000200024.html,Более трехсот компаний из США прекратили работу в России с февраля 2022 года,"Экономика,Россия,США,Саудовская Аравия,Технологии,Кирилл Дмитриев,Amazon,Netflix,Apple"
Эксперты оценили шансы Visa и Mastercard вернуться в Россию ,05:15 19.02.2025,https://ria.ru/20250219/karty-2000197380.html,Экономист Пермяков: репутация Visa и Mastercard у потребителей ухудшилась,"Экономика,Россия,Азия,Технологии,Анатолий Аксаков,Мери Валишвили,Руслан Пермяков,Visa, Inc.,MasterCard, Inc.,РЭУ имени Г. В. Плеханова"
В ВТБ рассказали о работе с ИИ в колл-центре ,04:44 19.02.2025,https://ria.ru/20250219/vtb-2000195644.html,"ВТБ: ""синтетические люди"" помогают решить более 60% вопросов в колл-центре","Экономика,Технологии"
Глава Т-Банка рассказал о роли науки и молодых специалистах в компании ,23:46 18.02.2025,https://ria.ru/20250218/t-bank-2000179307.html,Близнюк рассказал о роли науки и молодых специалистах в Т-Банке,"Экономика,Станислав Близнюк,Технологии,Т-Банк (АО «Тинькофф Банк»)"
СМИ рассказали о возможном возращении крупной западной компании в Россию ,10:20 18.02.2025,https://ria.ru/20250218/kompaniya-1999981895.html,Mash: компания Coca-Cola планирует вернуться в Россию,"Экономика,Технологии,Украина,Россия,Александр Шохин,Inditex,Bershka,Zara,The Coca-Cola Company"
В ГД рассказали о новом способе передачи чека покупателю ,02:51 18.02.2025,https://ria.ru/20250218/gosduma-1999954762.html,Депутат Гаврилов: новый способ передачи чека покупателю заработает с 1 марта,"Экономика,Технологии,Россия,Сергей Гаврилов,Федеральная налоговая служба (ФНС России),Госдума РФ,КПРФ"
Объем утечек данных из финотрасли в 2024 году составил 410 миллионов строк ,06:30 17.02.2025,https://ria.ru/20250217/utechka-1999745020.html,"ГК ""Солар"": объем утечек из финотрасли в 2024 году составил 410 миллионов строк","Экономика,Технологии"
Все системы Сбербанка работают в штатном режиме ,08:36 16.02.2025,https://ria.ru/20250216/sberbank-1999643895.html,"В Сбербанке заявили, что все системы работают в штатном режиме после сбоя","Экономика,Технологии,Сбербанк России,Сбер"
Свой расчет: Россия и Китай лишают Запад ключевого товара ,08:00 15.02.2025,https://ria.ru/20250215/titan-1999073542.html,Поставки российского титана в Китай выросли на 44 процента,"Экономика,Технологии,Россия,США,Китай,Airbus,Евросоюз"
Южнокорейские компании прорабатывают возвращение на российский рынок ,16:42 14.02.2025,https://ria.ru/20250214/rynok-1999437026.html,Hyundai планирует вернуться в Россию и выкупить производство,"Экономика,Технологии,Россия,Украина,Санкт-Петербург,Владимир Путин,Дональд Трамп,Hyundai Motor,LG Electronics,Samsung,Hyundai Creta"
"""Ростех"" разработал уникальную технологию изготовления чип-резисторов ",09:40 14.02.2025,https://ria.ru/20250214/rostehi-1999294820.html,Росэлектроника разработала уникальную технологию изготовления чип-резисторов,"Экономика,Технологии,Российская электроника,Ростех"
Китайский инвестор создаст в Приморье завод сельхозтехники ,09:01 14.02.2025,https://ria.ru/20250214/primore-1999286754.html,Китайский инвестор планирует к 2027 году создать в Приморье завод сельхозтехники,"Экономика,Технологии,Дальний Восток,Арктика,Приморский край"
В России введут ограничения для использования иностранных мессенджеров ,15:54 13.02.2025,https://ria.ru/20250213/messendzhery-1999145397.html,Мишустин: госслужбы и банки больше не будут использовать иностранные мессенджеры,"Россия,Технологии,Михаил Мишустин,Экономика"
В АЭИ оценили возможность создания платежной системы БРИКС ,17:06 12.02.2025,https://ria.ru/20250212/briks-1998910600.html,АЭИ: платежная система БРИКС может быть создана в ближайшие два-три года,"Экономика,Технологии,ОАЭ,Саудовская Аравия,Китай,БРИКС,Visa, Inc.,MasterCard, Inc."
ВТБ впервые отменил комиссию по переводам за рубеж ,09:43 12.02.2025,https://ria.ru/20250212/vtb-1998780080.html,ВТБ впервые отменил комиссию по переводам за рубеж для розничных клиентов,"Экономика,Технологии,Узбекистан,Таджикистан,Китай"
"В ""Ростехе"" рассказали о преимуществах российского оружия ",08:22 12.02.2025,https://ria.ru/20250212/rosteha-1998767167.html,Оздоев: российское оружие постоянно получает новые качества,"Безопасность,Технологии,Россия,Абу-Даби,Бекхан Оздоев,Ростех,Экономика"
Минпромторг запустит эксперимент по маркировке автозапчастей ,00:46 12.02.2025,https://ria.ru/20250212/markirovka-1998742541.html,Минпромторг: эксперимент по маркировке автозапчастей запустят в феврале,"Экономика,Россия,Министерство промышленности и торговли РФ (Минпромторг России)"
Глава OpenAI посочувствовал Маску ,17:38 11.02.2025,https://ria.ru/20250211/musk-1998689278.html,Альтман: Илон Маск всю жизнь чувствует себя неуверенно и не выглядит счастливым,"Экономика,Технологии,США,Великобритания,Европа,Илон Маск"
"Альтман намекнул Маску, что он не сможет купить OpenAI ",16:46 11.02.2025,https://ria.ru/20250211/maska-1998670489.html,"Глава Open AI Альтман заявил, что конкуренты не могут победить компанию на рынке","Экономика,Технологии,США,Илон Маск,В мире"
Мишустин рассказал о планах по повышению производительности труда в России ,15:17 11.02.2025,https://ria.ru/20250211/mishustin-1998645923.html,Мишустин: производительность труда в России к 2030 году вырастет на 20 процентов,"Экономика,Технологии,Россия,Михаил Мишустин"
"В ЦБ рассказали, сколько стоит карта дроппера на ""черном рынке"" ",07:12 11.02.2025,https://ria.ru/20250211/tsb-1998530416.html,"ЦБ: стоимость карты дроппера на ""черном рынке"" доходит до 70 тысяч рублей","Экономика,Технологии,Центральный Банк РФ (ЦБ РФ),дропперы"
Альтман отверг предложение консорциума Маска о покупке OpenAI ,06:24 11.02.2025,https://ria.ru/20250211/openai-1998528411.html,Альтман отверг предложение консорциума Маска о получении контроля над OpenAI,"Экономика,США,Илон Маск,Twitter"
Исследование показало рост числа компьютерных клубов в России ,03:13 11.02.2025,https://ria.ru/20250211/klub-1998520130.html,"""Контур.Фокус"": число компьютерных клубов в России за год увеличилось в три раза","Экономика,Технологии,Москва,Краснодарский край,Московская область (Подмосковье)"
"СМИ: инвесторы во главе с Маском предложили $97,4 миллиарда за OpenAI ",02:58 11.02.2025,https://ria.ru/20250211/openai-1998519566.html,"WSJ: Маск и группа инвесторов предложили $97,4 миллиарда за контроль над OpenAI","Экономика,Технологии,США,Илон Маск"
"ЦБ объяснил бабушкам, что такое цифровой рубль ",15:18 07.02.2025,https://ria.ru/20250207/babushki-1997988432.html,"ЦБ объяснил бабушкам, что такое цифровой рубль и какие у него преимущества","Экономика,Технологии,Россия,Центральный Банк РФ (ЦБ РФ),Цифровой рубль"
Путин призвал повысить производительность труда в России ,14:46 07.02.2025,https://ria.ru/20250207/putin-1997979579.html,Путин назвал повышение производительности труда в России в числе ключевых задач,"Россия,Владимир Путин,Михаил Мишустин,Экономика"
Центробанк назвал дату выпуска обновленной купюры в 1000 рублей ,10:56 07.02.2025,https://ria.ru/20250207/tsentrobank-1997900380.html,Центробанк: новую купюру в 1000 рублей выпустят в декабре 2025 года,"Экономика,Россия,Центральный Банк РФ (ЦБ РФ),Технологии"
Патрушев призвал упреждать аварии на российских судах ,17:27 06.02.2025,https://ria.ru/20250206/suda-1997794398.html,Патрушев призвал упреждать аварии на российских судах на уровне проектирования,"Технологии,Россия,Нижний Новгород,Николай Патрушев,Владимир Путин,Экономика"
"В России улучшили технологию создания ламп, светодиодов и красок ",09:00 05.02.2025,https://ri.ria.ru/20250205/nauka-1997139228.html,None,"Наука,Университетская наука,Технологии,Россия,Томский государственный архитектурно-строительный университет (ТГАСУ),Российские инновации,Технологическое лидерство,Экономика,Наука"
Мантуров предложил запретить приобретать иностранное оборудование ,16:35 03.02.2025,https://ria.ru/20250203/manturov-1997133221.html,"Мантуров призвал не закупать зарубежное оборудование, если есть российское","Денис Мантуров,Экономика,Россия,Технологии,Антон Алиханов,Министерство промышленности и торговли РФ (Минпромторг России),Корпорация МСП"
Китайская компания создаст в Казахстане производство роботов ,16:13 03.02.2025,https://ria.ru/20250203/agibot-1997125215.html,Китайская компания AgiBot создаст в Казахстане производство по выпуску роботов,"Экономика,Технологии,Казахстан,В мире"
"Китайские интернет-магазины пострадают из-за новых пошлин США, пишут СМИ ",14:30 03.02.2025,https://ria.ru/20250203/ssha-1997077074.html,“Ицай”: китайские интернет-магазины пострадают из-за введенных Трампом пошлин,"В мире,США,Экономика,Китай,Технологии,Канада,Всемирная торговая организация (ВТО),Введение Трампом пошлин на импорт,Дональд Трамп"
В ГД внесли законопроект о приоритете российских товаров на маркетплейсах ,11:55 03.02.2025,https://ria.ru/20250203/tovary-1997007484.html,В ГД рассмотрят проект о приоритетном показе товаров из России на маркетплейсах,"Экономика,Технологии,Россия,Госдума РФ"
В России вырос интерес к виниловым пластинкам ,08:14 03.02.2025,https://ria.ru/20250203/plastinki-1996952340.html,Moneyplace: россияне в 2024 году купили почти вдвое больше пластинок,"Экономика,Технологии,Россия,Ozon,Wildberries"
Россиян предупредили о проблемах при покупке новых Samsung на маркетплейсах ,04:35 03.02.2025,https://ria.ru/20250203/samsung-1996944503.html,Специалист Голицына: новые Samsung могут быть несовместимы с российским рынком,"Экономика,Технологии,Индия,Россия,Samsung,МТС,WhatsApp Inc."
Мишустин посетил выставку цифровых проектов в Казахстане ,11:23 31.01.2025,https://ria.ru/20250131/mishustin-1996568613.html,"Мишустин вместе с коллегами по ЕАЭС осмотрел выставку ""Digital Almaty 2025""","Экономика,Технологии,Белоруссия,Михаил Мишустин,Евразийский экономический союз,Евразийская экономическая комиссия,Казахстан"
В Минпромторге рассказали о росте производства гражданских дронов в России ,06:17 31.01.2025,https://ria.ru/20250131/bespilotniki-1996523608.html,"Минпромторг: выпуск гражданских дронов в России в 2024 году вырос в 2,5 раза","Экономика,Россия,АТР,Владимир Путин,Министерство промышленности и торговли РФ (Минпромторг России),Фонд развития промышленности,Технологии"
"Посол в России оценил перспективы карт ""Мир"" в Индии ",17:38 30.01.2025,https://ria.ru/20250130/karty-1996450365.html,"Посол Кумар: перспективы внедрения карт ""Мир"" в Индии представляются позитивными","Технологии,Индия,Россия,Карта ""Мир"",Платежная система ""Мир"",Экономика"
"Wildberries в тестовом режиме запустит сервис ""Чаевые"" ",13:24 30.01.2025,https://ria.ru/20250130/wildberries-1996347147.html,"Wildberries запускает сервис ""Чаевые"" для менеджеров ПВЗ и курьеров","Экономика,Технологии,Яндекс.Маркет,Wildberries"
Газпромбанк провел тестовые операции с цифровым рублем ,16:07 29.01.2025,https://ria.ru/20250129/gazprombank-1996136153.html,Газпромбанк провел тестовые операции с цифровым рублем для платежей в бюджет,"Экономика,Технологии,Газпромбанк,Министерство финансов РФ (Минфин России),Россия,Цифровой рубль"
"ЕС предложил ввести санкции против трех российских банков, сообщили СМИ ",15:19 29.01.2025,https://ria.ru/20250129/sanktsii-1996121612.html,"Bloomberg: санкции ЕС могут затронуть фирмы, использующие СПФС вместо SWIFT","Экономика,Технологии,Россия,Москва,Владимир Путин,Евросоюз,SWIFT,Санкции в отношении России"
В Китае представили ИИ мощнее DeepSeek ,10:44 29.01.2025,https://ria.ru/20250129/alibaba-1996061822.html,Alibaba Cloud представила языковую модель искусственного интеллекта Qwen 2.5-Max,"Экономика,Технологии,Китай,Россия,Джек Ма,WeChat,Alibaba Group,AliExpress,Nasdaq"
Россия стала одним из крупнейших поставщиков алмазов в Гонконг ,05:34 29.01.2025,https://ria.ru/20250129/almazy-1996031687.html,Россия впервые вошла в пятерку крупнейших поставщиков алмазов в Гонконг,"Экономика,Технологии,Гонконг,Россия,Индия"
Путин поручил расширить использование цифровых геоданных ,22:20 28.01.2025,https://ria.ru/20250128/putin-1996010040.html,Путин: прогресс в вопросе расширения использования цифровых геоданных невелик,"Экономика,Технологии,Россия,Владимир Путин"
Путин поручил жестко следить за выполнением нацпроекта по развитию БАС ,22:18 28.01.2025,https://ria.ru/20250128/putin-1996009736.html,Путин поручил организовать мониторинг выполнения нацпроекта по развитию БАС,"Россия,Экономика,Технологии,Владимир Путин"
Путин попросил поддержать бизнес в сфере беспилотной авиации ,22:09 28.01.2025,https://ria.ru/20250128/putin-1996008630.html,Путин попросил правительство поддержать амбиции бизнеса на рынке БПЛА,"Россия,Экономика,Технологии,Владимир Путин"
Путин поручил организовать международный форум по беспилотным системам ,22:06 28.01.2025,https://ria.ru/20250128/putin-1996008467.html,Путин поручил в 2025 году организовать международный форум системам БПЛА,"Россия,Экономика,Технологии,Владимир Путин,В мире"
Путин призвал ускорить развитие беспилотной авиации ,21:38 28.01.2025,https://ria.ru/20250128/putin-1996006000.html,"Путин: РФ должна ускорить развитие беспилотной авиации, чтобы выйти в лидеры","Россия,Владимир Путин,Технологии,Экономика,В мире"
Путин оценил возможности развития отрасли беспилотной авиации ,21:37 28.01.2025,https://ria.ru/20250128/putin-1996005857.html,Путин: у России есть все ресурсы для развития отрасли беспилотной авиации,"Экономика,Технологии,Россия,Владимир Путин"
Путин рассказал о стартапах по производству беспилотников ,21:27 28.01.2025,https://ria.ru/20250128/bpla-1996004526.html,Путин: стартапы в производстве БПЛА оперативно выходят на серийное производство,"Экономика,Технологии,Россия,Владимир Путин"
Путин ознакомился с производством дронов для сельского хозяйства ,19:57 28.01.2025,https://ria.ru/20250128/putin-1995994508.html,Путин на НПЦ в Тольятти ознакомился с сельскохозяйственных дронов,"Россия,Тольятти,Самарская область,Технологии,Экономика,Владимир Путин"
"""Калашников"" заявил о рекордной выручке по экспортным контрактам ",12:00 28.01.2025,https://ria.ru/20250128/kalashnikov-1995860134.html,"""Калашников"" получил рекордную выручку по экспортным контрактам 2024 года","Безопасность,Технологии,Калашников (концерн),Экономика"
Богатейшие люди мира потеряли 108 миллиардов долларов из-за DeepSeek ,11:33 28.01.2025,https://ria.ru/20250128/rasprodazha-1995857775.html,BBI: богатейшие люди мира потеряли $108 млрд от распродажи акций из-за DeepSeek ,"Экономика,Технологии,Oracle Corporation,Dell, Inc.,Nasdaq"
В РЖД пока отказались от идеи запуска роботов-носильщиков ,08:47 28.01.2025,https://ria.ru/20250128/rzhd-1995827502.html,РЖД временно отказались от идеи запуска на вокзалах роботов-носильщиков,"Экономика,Технологии,Москва,РЖД"
Акции высокотехнологических компаний в США рухнули на 17 процентов ,01:49 28.01.2025,https://ria.ru/20250128/aktsii-1995810105.html,Акции высокотехнологических компаний в США упали на 17 процентов из-за DeepSeek,"Экономика,Технологии,Китай,США,Великобритания,Google,Microsoft Corporation,Apple,Nasdaq"
Авито тестирует новую программу выкупа смартфонов ,14:43 27.01.2025,https://ria.ru/20250127/avito-1995702254.html,"Сервис ""Авито"" начал тестирование бесплатной программы выкупа смартфонов","Технологии,Авито,Смартфоны,Экономика"
Китайский конкурент ChatGPT возглавил рейтинги мобильных приложений ,12:41 27.01.2025,https://ria.ru/20250127/deepseek-1995684210.html,Приложение DeepSeek возглавило рейтинги мобильных приложений в некоторых странах,"Экономика,Технологии,Китай,США,Великобритания,Илон Маск,Apple,Nasdaq"
Китайская компания запустит массовое производство роботов-гуманоидов ,08:53 27.01.2025,https://ria.ru/20250127/ubtech-1995629863.html,Китайская UBTech Robotics запустит массовое производство роботов для предприятий,"Наука,Экономика,Технологии,Китай,Foxconn"
Путин призвал сделать технологическое сотрудничество полезным для России ,15:36 23.01.2025,https://ria.ru/20250123/putin-1995151424.html,Путин призвал настроить механизм техсотрудничества для извлечения выгоды,"Россия,Владимир Путин,Экономика,В мире,Технологии,Агентство стратегических инициатив (АСИ)"
РЭЦ опубликовал календарь выставок и миссий на 2025 год ,11:23 23.01.2025,https://ria.ru/20250123/rets-1995096674.html,"РЭЦ опубликовал календарь выставок и миссий на 2025 г на платформе ""Мой экспорт""","Экономика,Россия,Индонезия,Вьетнам"
"""Умные"" дроны будут востребованы на фронте и в тылу, заявил разработчик ",03:12 23.01.2025,https://ria.ru/20250123/drony-1995061299.html,Разработчик Маслак: беспилотники с ИИ будут востребованы на фронте и в тылу,"Специальная военная операция на Украине,Экономика,Технологии,Россия,Министерство экономического развития РФ (Минэкономразвития России),Почта России"
В России начали принимать предзаказы на новые смартфоны Samsung Galaxy S25 ,23:19 22.01.2025,https://ria.ru/20250122/rossija-1995050528.html,Стоимость новых смартфонов Samsung Galaxy S25 с ИИ начинаются от 100 тыс рублей,"Экономика,Технологии,Samsung,МТС,Яндекс.Маркет,Россия"
"""М.Видео-Эльдорадо"" открыла предзаказ новой линейки Samsung Galaxy S25 ",22:07 22.01.2025,https://ria.ru/20250122/samsung-1995046576.html,None,"Экономика,Технологии,Москва,Samsung,М.Видео,Эльдорадо,Samsung Galaxy"
"Эксперт рассказал, что ждет крипто-сообщество после инаугурации Трампа ",18:09 21.01.2025,https://ria.ru/20250121/kriptovalyuta-1994869077.html,Аналитик Антонов: после инаугурации Трампа крипто-сообщество ожидает перемен,"США,Техас,Пенсильвания,Дональд Трамп,Владислав Антонов (аналитик),В мире,Экономика"
"Глава ВТБ призвал ""убить"" SWIFT ",15:19 19.01.2025,https://ria.ru/20250119/swift-1994477803.html,Глава ВТБ Костин: SWIFT надо убить и больше с этой системой не работать,"Экономика,Технологии,Россия,Андрей Костин (банкир),Павел Зарубин,Владимир Чистюхин,SWIFT,Центральный Банк РФ (ЦБ РФ)"
Банк России внес в реестр новую платежную систему ,22:46 17.01.2025,https://ria.ru/20250117/tsentrobank-1994309046.html,ЦБ добавил в реестр новую платежную систему Пэйви,"Экономика,Технологии,Владивосток"
"Россия закупила у Индии пылесосы на рекордные 3,86 миллиона долларов ",06:02 15.01.2025,https://ria.ru/20250115/rossiya-1993763371.html,"Россия в 2024 году закупила у Индии пылесосы на рекордные 3,86 миллиона долларов","Экономика,Индия,Россия,Китай"
Путин призвал к справедливому распределению прибыли от российских вакцин ,14:25 13.01.2025,https://ria.ru/20250113/putin-1993472498.html,Путин призвал не обделять создателей вакцин при распределении прибыли от продаж,"Владимир Путин,Россия,Здравоохранение,Здоровье - Общество,Экономика,Кирилл Дмитриев,Российский фонд прямых инвестиций"
"В Сбербанке рассказали, зачем мошенникам нужны поддельные документы ",08:23 13.01.2025,https://ria.ru/20250113/sberbank-1993412725.html,Сбер: мошенникам нужны поддельные документы для оформления карт для дропперов,"Экономика,Технологии,Станислав Кузнецов,Сбербанк России,Сбер"
СМИ: бум российской продукции в Китае заканчивается ,13:33 10.01.2025,https://ria.ru/20250110/kitay-1993104996.html,South China Morning Post: в Китае не уверены в подлинности российских товаров,"Экономика,Технологии,Китай,Россия,Шанхай"
"В Китае сократилось число подделок российских товаров, заявил торгпред ",04:21 08.01.2025,https://ria.ru/20250108/kitay-1992781427.html,Дахновский: число подделок российских товаров на китайском рынке сокращается,"Экономика,Технологии,Китай,Россия"
Турция готова сотрудничать с Китаем в области редкоземельных материалов ,18:49 04.01.2025,https://ria.ru/20250104/turtsiya-1992520635.html,Байрактар: Турция готова сотрудничать с КНР в области редкоземельных материалов,"Технологии,Китай,Турция,Эскишехир (провинция),Министерство энергетики РФ (Минэнерго России),Nikkei,Еврокомиссия,Экономика,В мире"
"США ввели санкции против китайской компании, которую обвинили в кибератаках ",18:24 03.01.2025,https://ria.ru/20250103/sanktsii-1992430348.html,Минфин США ввело санкции против китайской компании Integrity Technology Group,"В мире,США,Экономика,Шанхайская фондовая биржа,ФБР"
Байден заблокировал сделку с Nippon Steel ,16:26 03.01.2025,https://ria.ru/20250103/steel-1992419708.html,Байден назвал сделку по покупке U.S.Steel концерном Nippon Steel угрозой для США,"В мире,США,Китай,Джо Байден,Экономика"
Китай включил 28 американских компаний в список экспортного контроля ,11:59 02.01.2025,https://ria.ru/20250102/eksport-1992305069.html,Минкоммерции КНР включило 28 компаний США в список экспортного контроля,"Технологии,Китай,США,Raytheon,General Dynamics,В мире,Экономика"
Крупные банки обязали вносить реквизиты мошенников в свои системы за час ,02:43 01.01.2025,https://ria.ru/20250101/moshenniki-1992203149.html,ЦБ обязал банки вносить реквизиты мошенников в свои системы в два раза быстрее,"Экономика,Технологии,Россия,Центральный Банк РФ (ЦБ РФ)"
Путин поручил обеспечить технологическую независимость России в 2025 году ,13:22 31.12.2024,https://ria.ru/20241231/putin-1992154863.html,Путин поручил нарастить темпы обеспечения технологической независимости РФ,"Экономика,Технологии,Россия,Владимир Путин,Эльвира Набиуллина,Центральный Банк РФ (ЦБ РФ)"
ВЭБ примет участие в финансировании проекта строительства Баимского ГОК ,20:21 29.12.2024,https://ria.ru/20241229/veb-1992017868.html,ВЭБ примет участие в финансировании строительства Баимского ГОК в Чукотском АО,"Экономика,Технологии,Россия,Чукотский автономный округ,Игорь Шувалов"
В Турции заявили о решении проблемы с фальшивыми долларами на рынке ,16:45 28.12.2024,https://ria.ru/20241228/turtsiya-1991891782.html,Ассоциация банков Турции заявила о решении проблемы с фальшивыми долларами,"Турция,Анкара (провинция),Экономика"
Путин подписал закон о технологической политике ,13:07 28.12.2024,https://ria.ru/20241228/zakon-1991841433.html,"Путин подписал закон, направленный на обеспечение технологического суверенитета","Экономика,Технологии,Россия,Максим Решетников,Владимир Путин"
"Группа Газпромбанка приобрела 12,5% группы ""Моторика"" ",19:46 27.12.2024,https://ria.ru/20241227/kiberprotezy-1991754102.html,Компания группы Газпромбанка купила долю в разработчике киберпротезов,"Россия,Газпромбанк,Экономика,Технологии"
"Дороги в Татарстане оборудовали российским ИТ-решением ""Свободный поток"" ",16:59 26.12.2024,https://ria.ru/20241226/telematika-1991480989.html,"""Телематика"" оборудовала безбарьерной системой оплаты 2 дороги в Татарстане","Россия,Казань,Марат Хуснуллин,Рустам Минниханов,Дороги,Экономика,Технологии,Республика Татарстан (Татарстан)"
"В Госдуме надеются, что RuStore появится на гаджетах Apple ",16:18 26.12.2024,https://ria.ru/20241226/rustore-1991488766.html,Горелкин: проект о RuStore на гаджетах Apple может быть принят в весеннюю сессию,"Экономика,Технологии,Россия,Антон Горелкин,Госдума РФ,Apple"
К российскому аналогу SWIFT подключились 580 организаций ,13:16 26.12.2024,https://ria.ru/20241226/svift-1991432028.html,"К СПФС, аналогу SWIFT, подключились 580 организаций","Экономика,Технологии,Россия,Владимир Чистюхин,Ольга Скоробогатова,Центральный Банк РФ (ЦБ РФ),SWIFT"
Минпромторг поддержит пять проектов по созданию ТЛЦ за рубежом ,08:00 25.12.2024,https://ria.ru/20241225/minpromtorg-1991130901.html,Минпромторг поддержит пять проектов по созданию ТЛЦ за рубежом до 2030 года,"Экономика,Технологии,Россия,Антон Алиханов,Министерство промышленности и торговли РФ (Минпромторг России)"
Минпромторг прорабатывает возможность запуска промкластера в Таджикистане ,07:26 25.12.2024,https://ria.ru/20241225/minpromtorg-1991128852.html,Алиханов: Минпромторг прорабатывает запуск промышленного кластера в Таджикистане,"Экономика,Технологии,Таджикистан,Россия,Антон Алиханов,Министерство промышленности и торговли РФ (Минпромторг России)"
Маркетплейсы хотят обязать продвигать российские товары ,23:57 24.12.2024,https://ria.ru/20241224/marketpleysy-1991115689.html,Маркетплейсы хотят обязать рекомендовать российские аналоги иностранных брендов,"Экономика,Технологии,Россия,Антон Алиханов,Министерство промышленности и торговли РФ (Минпромторг России)"
"Минпромторг подготовил обновил проект о ""российской полке"" в магазинах ",22:57 24.12.2024,https://ria.ru/20241224/minpromtorg-1991112702.html,Минпромторг подготовил обновленный проект о российской полке товаров в магазинах,"Экономика,Технологии,Россия,Антон Алиханов,Татьяна Буцкая,Министерство промышленности и торговли РФ (Минпромторг России)"
Минпромторг рекомендовал доработать конструкцию шасси SSJ-100 ,20:42 24.12.2024,https://ria.ru/20241224/ssj-100-1991103350.html,Минпромторг рекомендовал разработчику SSJ-100 доработать конструкцию шасси,"Экономика,Технологии,Россия,Антон Алиханов,Министерство промышленности и торговли РФ (Минпромторг России),Федеральное агентство воздушного транспорта (Росавиация),Объединенная авиастроительная корпорация (ОАК),Sukhoi Superjet 100 (SSJ100)"
В Чечне появились новые пятитысячные купюры ,16:31 24.12.2024,https://ria.ru/20241224/chechnja-1991042031.html,Новые купюры в пять тысяч рублей начали поступать в обращение в Чечне,"Экономика,Технологии,Екатеринбург,Чеченская республика (Чечня)"
"В МТС рассказали, как оптимизация отразится на персонале компании ",10:27 20.12.2024,https://ria.ru/20241220/mts-1990326135.html,В МТС не планируют массовых сокращений персонала при проведении оптимизации,"Экономика,МТС,Технологии,Россия"
В МТС рассказали о планах по оптимизации работы компании ,10:21 20.12.2024,https://ria.ru/20241220/mts-1990324379.html,МТС в 2025 г откажется от неэффективных направлений и объединит все IT-бизнесы,"Экономика,Технологии,МТС,Россия"
Минтранс рассматривает создание беспилотной авиакомпании на Сахалине ,20:15 19.12.2024,https://ria.ru/20241219/mintrans-1990266180.html,Минтранс: создание беспилотной авиакомпании на Сахалине рассматривается,"Экономика,Технологии,Сахалинская область,Россия,Сахалин,Роман Старовойт,Валерий Лимаренко"
"Путин раскрыл, как уход иностранных компаний повлиял на российский бизнес ",12:25 19.12.2024,https://ria.ru/20241219/putin--1990088235.html,"Путин заявил, что уход иностранных компаний подтолкнул российский бизнес","Россия,Прямая линия с Владимиром Путиным — 2024,Владимир Путин,Сбер,Экономика"
Развитие платежного рынка в России: платить удобней и быстрее ,13:33 18.12.2024,https://ria.ru/20241218/platezhi-1988833667.html,None,"Технологии,Россия,Экономика,Спецпроекты"
СДЭК и Ozon запустили совместные пункты выдачи заказов ,09:10 17.12.2024,https://realty.ria.ru/20241217/ozon-1989601805.html,СДЭК и Ozon открывают совместные пункты выдачи заказов,"Экономика,Технологии,Ozon,СДЭК,Коммерческая недвижимость"
В Госдуме оценили перспективы сохранения наличных в обороте ,06:51 17.12.2024,https://ria.ru/20241217/nalichnye-1989589474.html,Аксаков: власти не будут делать шагов по вытеснению наличных из обращения,"Экономика,Технологии,Россия,Анатолий Аксаков,Эльвира Набиуллина,Госдума РФ,Министерство финансов РФ (Минфин России)"
Российские разработчики создали ИИ-инструмент для трейдеров ,04:17 17.12.2024,https://ria.ru/20241217/neyrotreyder-1989581864.html,"Российские разработчики создали ИИ-инструмент для трейдеров ""Нейротрейдер""","Экономика,Технологии"
"Технопарк ""Жигулевская долина"" пополнился новыми резидентами ",21:17 16.12.2024,https://ria.ru/20241216/tekhnopark-1989557707.html,"Самарский технопарк ""Жигулевская долина"" пополнился шестью новыми резидентами","Самарская область,Экономика,Технологии,Вячеслав Федорищев"
Сальков: развитие российской робототехники - критически важная задача ,17:10 16.12.2024,https://ria.ru/20241216/salkov-1989475324.html,None,"Россия,Китай,Белоруссия,Государственная корпорация по атомной энергии ""Росатом"",Технологии,робототехника,Экономика,Цифровизация"
Истории успеха экспортеров должны стать инструментом поддержки бизнеса ,15:58 16.12.2024,https://ria.ru/20241216/rets-1989488795.html,Елена Якутович сообщила о значимости информационной поддержки экспортеров,"Экономика,Россия,Екатеринбург,Технологии,Российский экспортный центр (РЭЦ)"
Эксперты: закон об онлайн-торговле должен учитывать мнение всех сторон ,12:28 16.12.2024,https://ria.ru/20241216/torgovlya-1989402853.html,"Участники круглого стола ""Ведомостей"" считают важным контроль онлайн-торговли","Федеральная антимонопольная служба (ФАС России),Совет Федерации РФ,Иван Абрамов,Экономика,Россия,Америка,Amazon,Технологии"
Юрист предупредил о рисках оплаты переводом на рынках ,02:56 15.12.2024,https://ria.ru/20241215/perevod-1989273570.html,Юрист Хаминский: оплата переводом на рынке может привести к уголовному сроку,"Экономика,Москва,Средняя Азия,Технологии"
Рынок индустриального ПО в России нуждается в платформенной кооперации ,18:54 13.12.2024,https://ria.ru/20241213/konferentsiya-1989119424.html,Более 600 организаций стали участниками III Конференции по матмоделированию,"Экономика,Технологии,Россия,Санкт-Петербург,Новосибирск,Илья Массух,Алексей Боровков,Государственная корпорация по атомной энергии ""Росатом"",Санкт-Петербургский политехнический университет Петра Великого,Министерство промышленности и торговли РФ (Минпромторг России)"
"РЭЦ выдал первые сертификаты ""Сделано в России"" на услуги ",16:43 13.12.2024,https://ria.ru/20241213/sertifikaty-1989101335.html,None,"Экономика,Технологии,Россия"
"Цыбульский внес предложения по продвижению бренда ""Сделано в России"" ",15:36 13.12.2024,https://ria.ru/20241213/tsybulskiy-1989085059.html,"Цыбульский: маркетинговая программа РЭЦ поможет в продвижении ""Сделано в России""","Архангельская область,Экономика,Архангельская область,Александр Цыбульский,Россия,Технологии,Владимир Путин"
"ГК ""Солар"" запустила портал самооценки зрелости SOC ",12:24 13.12.2024,https://ria.ru/20241213/solar-1988799248.html,None,"Кибербезопасность,ГК «Солар» (ранее ""РТК-Солар""),Экономика,Технологии,Кибербезопасность"
Посол рассказал об оптимизации двусторонней торговли Китая и России ,08:48 13.12.2024,https://ria.ru/20241213/torgovlya-1988956333.html,Посол Китая: двусторонняя торговля России и КНР продолжает оптимизироваться,"Экономика,Технологии,Китай,Россия,Чжан Ханьхуэй"
"В Никарагуа рассказали об интеграции банковской системы ""Мир"" ",17:27 12.12.2024,https://ria.ru/20241212/mir-1988869692.html,Советник президента Ортега: в Никарагуа могут установить банкоматы системы Мир,"Никарагуа,Россия,Москва,Лауреано Ортега,Экономика,В мире"
За дизайн новой купюры в тысячу рублей проголосовали 700 тысяч россиян ,12:17 12.12.2024,https://ria.ru/20241212/banknota-1988781773.html,ЦБ: за дизайн новой купюры в тысячу рублей проголосовали 700 тысяч россиян,"Экономика,Эльвира Набиуллина,Центральный Банк РФ (ЦБ РФ),Общество"
Завершилось голосование по дизайну новой купюры в тысячу рублей ,12:11 12.12.2024,https://ria.ru/20241212/tsb-1988779682.html,"Лидером голосования по дизайну новой купюры в тысячу руб стал теплоход ""Метеор""","Центральный Банк РФ (ЦБ РФ),Казань,Общество,Экономика"
Набиуллина рассказала о выпуске новой банкноты в тысячу рублей ,12:09 12.12.2024,https://ria.ru/20241212/banknota-1988778470.html,"Набиуллина заявила, что новую банкноту в тысячу рублей выпустят к концу 2025","Эльвира Набиуллина,Экономика,Центральный Банк РФ (ЦБ РФ)"
Wildberries будет продавать билеты на поезда ,11:56 12.12.2024,https://ria.ru/20241212/wildberries-1988774789.html,Wildberries и РЖД подписали соглашение о сотрудничестве,"Экономика,Технологии,РЖД,Wildberries"
СМИ узнали о новых планах США по ограничению поставки чипов в Китай ,11:15 12.12.2024,https://ria.ru/20241212/amerika-1988764644.html,SCMP: США намерены ввести новые ограничения на экспорт чипов в КНР до конца года,"Технологии,Китай,США,Экономика"
"АО ""ГЛОНАСС"" запустит новое поколение устройств ",06:15 12.12.2024,https://ria.ru/20241212/glonass-1988728806.html,"АО ""ГЛОНАСС"" запустит новое поколение устройств вызова экстренных служб","Экономика,Технологии,Россия,Москва,Алексей Райкевич,ЭРА-ГЛОНАСС"
"Применение ИИ в госуправлении приведет к оптимизации ресурсов, заявил Путин ",18:39 11.12.2024,https://ria.ru/20241211/putin-1988670042.html,Путин: применение ИИ в госуправлении поможет оптимизировать финансовые ресурсы,"Технологии,Россия,Владимир Путин,Искусственный интеллект (ИИ),Экономика"
Путин назвал Москву одним из лучших мегаполисов мира ,18:32 11.12.2024,https://ria.ru/20241211/putin-1988668133.html,"Путин назвал Москву одним из лучших мегаполисов, привлекательным для инвестиций","Москва,Россия,Владимир Путин,Технологии,Экономика"
"Компании будут создавать продукты в сфере ИИ для всего мира, заявил Путин ",18:23 11.12.2024,https://ria.ru/20241211/putin-1988666333.html,Путин: компании из РФ будут создавать ИИ-продукты и услуги для всего мира ,"Технологии,Россия,Владимир Путин,ИИ,Искусственный интеллект (ИИ),Экономика,В мире"
"""Почте России"" могут разрешить размещать почтоматы в многоквартирных домах ",13:48 11.12.2024,https://ria.ru/20241211/pochta-1988588468.html,Минцифры прорабатывает возможность размещать почтоматы в многоквартирных домах,"Экономика,Технологии,Россия,Максут Шадаев,Почта России,Совет Федерации РФ"
Индийский посол рассказал о развитии торговли и обмена с Россией ,12:43 11.12.2024,https://ria.ru/20241211/indiya-1988580693.html,Посол Кумар призвал бизнес РФ и Индии чаще участвовать в торговых выставках,"Индия,Россия,Москва,Экономика"
Набиуллина проголосовала онлайн по дизайну новой купюры ,06:15 11.12.2024,https://ria.ru/20241211/nabiullina-1988539592.html,Набиуллина проголосовала онлайн по дизайну новой купюры в 1000 рублей,"Экономика,Технологии,Уфа,Казань,Эльвира Набиуллина"
"В России есть все для рывка в технологической сфере, заявил Путин ",15:25 10.12.2024,https://ria.ru/20241210/putin-1988414677.html,Путин: в России есть все для рывка в технологической сфере несмотря на санкции,"Россия,Экономика,Владимир Путин,Технологии"
В Китае начали антимонопольное расследование в отношении Nvidia ,15:26 09.12.2024,https://ria.ru/20241209/nvidia-1988189702.html,Hегулятор в КНР объявил о начале антимонопольного расследования против Nvidia,"Технологии,Китай,США,NVIDIA Corporation,В мире,Экономика"
Объем кибератак на сайты крупных компаний в фуд-ритейле вырос на 80% ,04:41 09.12.2024,https://ria.ru/20241209/kiberataki-1988071162.html,Servicepipe: объем кибератак на сайты крупных компаний за год вырос на 80%,"Экономика,Технологии"
Югра презентовала свою стратегию развития креативной экономики ,14:30 08.12.2024,https://ria.ru/20241208/ekonomika-1988002819.html,ХМАО в числе 20 регионов РФ поделился опытом по поддержке креативных индустрий ,"Россия,Технологии,Москва,Ханты-Мансийский автономный округ,Экономика,Югра,Министерство экономического развития РФ (Минэкономразвития России),Сергей Афанасьев"
Айсен Николаев: креативные индустрии развивают человеческий капитал Якутии ,20:13 06.12.2024,https://ria.ru/20241206/nikolaev-1987820640.html,None,"Республика Саха (Якутия),Поддержка бизнеса,Экономика,Технологии,Якутск,Дальний Восток,Россия,Айсен Николаев"
ЦБ выступил против монополизации платежного QR-кода банками ,17:55 06.12.2024,https://ria.ru/20241206/qr-kod-1987789683.html,ЦБ: монополизация платежного QR-кода рядом банков приведет к перекосам на рынке,"Экономика,Технологии,Герман Греф,Центральный Банк РФ (ЦБ РФ),Сбер,Альфа-банк"
"Центр ""Сибура"" укрепит научно-технологический потенциал Тюменской области ",16:32 06.12.2024,https://ria.ru/20241206/sibur-1987759623.html,"Моор сообщил об открытии в Тюменской области научного центра ""Сибура""","Тюменская область,Экономика,Технологии,Тюменская область,Россия,Тобольск,Валерий Фальков,Дмитрий Чернышенко,Александр Моор,Сибур Холдинг,Запсибнефтехим"
"""Логичный шаг"". Запад придумал, как перетянуть Китай на свою сторону ",08:00 06.12.2024,https://ria.ru/20241206/proizvodstvo-1987580324.html,Экономист Хачатурян назвал утопичным план ЕС переманить компании из Китая,"Экономика,Технологии,Китай,Брюссель,Европа,Кадри Симсон,Евросоюз,Дональд Трамп,Еврокомиссия,Tesla motors,Mercedes,Volkswagen Touareg"
Свинцов: нужно двигаться к децентрализации инфраструктуры цифровых платформ ,18:55 05.12.2024,https://ria.ru/20241205/svintsov-1987582811.html,Депутат Свинцов: ответственность движения товаров в цифровых экосистемах размыта,"Экономика,Технологии,Россия,Андрей Свинцов,Госдума РФ,Министерство экономического развития РФ (Минэкономразвития России),Федеральная антимонопольная служба (ФАС России)"
Путин рассказал о важности регуляторики в развитии беспилотного транспорта ,16:35 05.12.2024,https://ria.ru/20241205/putin-1987563962.html,"Путин заявил, что для развития беспилотного транспорта нужна регуляторика","Владимир Путин,Экономика,Россия,Технологии"
Мишустин рассказал о нацпроектах по обеспечению суверенитета России ,16:31 05.12.2024,https://ria.ru/20241205/mishustin-1987562881.html,Мишустин: восемь нацпроектов направят на достижение суверенитета России,"Экономика,Технологии,Россия,Михаил Мишустин"
Путин создал рабочую группу по нацпроектам ,15:54 05.12.2024,https://ria.ru/20241205/putin-1987549606.html,Путин попросил Шувалова возглавить рабочую группу по нацпроектам,"Экономика,Россия,Владимир Путин,Игорь Шувалов,Технологии,Нацпроекты"
Путин рассказал о работе над решениями по платежным документам ,15:29 05.12.2024,https://ria.ru/20241205/putin-1987543333.html,Путин: РФ активно работает над собственными решениями по платежным документам,"Россия,БРИКС,Владимир Путин,Нацпроекты,Экономика,Технологии"
Путин призвал добиваться конкурентоспособности российских технологий ,15:12 05.12.2024,https://ria.ru/20241205/putin-1987537022.html,Путин призвал добиваться глобальной конкурентоспособности российских технологий,"Экономика,Россия,Владимир Путин,Технологии"
"Буму на электромобили на Западе приходит конец, заявил Сечин ",10:52 05.12.2024,https://ria.ru/20241205/elektromobil-1987473055.html,Сечин: буму на электромобили на Западе приходит конец из-за отсутствия спроса,"Экономика,Россия,США,Игорь Сечин,Роснефть,Технологии"
Криптовалюта Bitcoin ,06:32 05.12.2024,https://ria.ru/20241205/bitkoin-1987446001.html,None,"Экономика,Россия,Япония,США,Владимир Путин,Европейский суд,Tesla motors,Илон Маск"
"Основатель SpaceVM рассказал, как быстро заместят иностранное ПО ",04:22 05.12.2024,https://ria.ru/20241205/zameschenie-1987439902.html,SpaceVM: замещение иностранного ПО в России займет около пяти лет,"Экономика,Технологии,Россия"
Путин рассказал о создании цифровой инвестиционной платформы БРИКС ,17:49 04.12.2024,https://ria.ru/20241204/briks-1987387956.html,Путин: РФ предложила БРИКС создать инвестплатформу с цифровыми расчетами,"Инвестиционный Форум ВТБ ""РОССИЯ ЗОВЕТ!"",Экономика,Технологии,Африка,Россия,Казань,Владимир Путин,БРИКС,Банк ""Развитие"""
Путин рассказал об инструментах поддержки важных отраслей экономики ,17:48 04.12.2024,https://ria.ru/20241204/ekonomika-1987392124.html,Путин: у правительства есть инструменты для поддержки важных отраслей экономики,"Инвестиционный Форум ВТБ ""РОССИЯ ЗОВЕТ!"",Экономика,Технологии,Россия,Москва,Владимир Путин,Центр международной торговли"
Путин рассказал о работе БРИКС по созданию платежной системы ,16:23 04.12.2024,https://ria.ru/20241204/briks-1987363980.html,Путин заявил о внимании БРИКС к созданию единой цифровой платежной системы,"Инвестиционный Форум ВТБ ""РОССИЯ ЗОВЕТ!"",Россия,Владимир Путин,БРИКС,Экономика,Технологии"
Мишустин рассказал о нацпроектах по технологическому лидерству ,14:46 03.12.2024,https://ria.ru/20241203/natsproekty-1987097006.html,Мишустин: нацпроекты по технологическому лидерству охватывают ключевые секторы,"Экономика,Технологии,Россия,Михаил Мишустин"
"Производитель спутников арендовал офис в технопарке ""ЗИЛ"" ",14:44 03.12.2024,https://realty.ria.ru/20241203/holding-1987096752.html,"Производитель спутников ""ИКС Холдинг"" арендовал офис в технопарке ""ЗИЛ""","Экономика,Технологии,Москва,Завод имени Лихачева (ЗИЛ),Аренда,Офисы"
Мишустин рассказал о финансировании нацпроектов технологического лидерства ,14:02 03.12.2024,https://ria.ru/20241203/natsproekty-1987087753.html,Мишустин: финансирование проектов технологического лидерства заложено в бюджет,"Экономика,Михаил Мишустин,Россия,Бюджет,Технологии"
"""Почта России"" не согласилась с предписанием ФАС ",11:32 03.12.2024,https://ria.ru/20241203/fas-1987051926.html,"""Почта России"" не согласилась с предписанием ФАС по доступу к ее информсистеме","Экономика,Технологии,Почта России,Федеральная антимонопольная служба (ФАС России)"
"ФАС выдала предписание ""Почте России"" ",10:12 03.12.2024,https://ria.ru/20241203/fas-1987027095.html,"ФАС выдала предписание ""Почте России"", ограничившей доступ к своей информсистеме","Экономика,Технологии,Россия,Почта России,Федеральная антимонопольная служба (ФАС России)"
ВТБ назвал самые распространенные схемы инвестиционного мошенничества ,10:09 03.12.2024,https://ria.ru/20241203/vtb-1987026045.html,ВТБ назвал три самые распространенные схемы инвестиционного мошенничества,"Инвестиционный Форум ВТБ ""РОССИЯ ЗОВЕТ!"",Экономика,Технологии"
"""Сколково"": партнерство с Москвой и потенциал ВЭБа дадут новые возможности ",09:11 03.12.2024,https://ria.ru/20241203/partnerstvo-1987015694.html,"Партнерство ""Сколково"" и Москвы создает новые возможности для  техкомпаний","Экономика,Технологии,Москва,Россия,Сергей Перов,Владимир Путин,Игорь Шувалов,Сколково"
"Путин во вторник встретится с советником по развитию ""Яндекса"" Кудриным ",00:37 03.12.2024,https://ria.ru/20241203/putin-1986988668.html,"Путин обсудит с Кудриным работу ""Яндекса"" в сфере образования","Экономика,Технологии,Россия,Алексей Кудрин,Владимир Путин,Яндекс"
Путин пообещал обсудить вопросы дороговизны обслуживания оборудования ,23:48 02.12.2024,https://ria.ru/20241202/putin-1986985618.html,Путин обсудит с Костиным и Мантуровым дороговизну обслуживания оборудования,"Экономика,Технологии,Россия,Владимир Путин,Андрей Костин (банкир),Денис Мантуров,Министерство промышленности и торговли РФ (Минпромторг России)"
Демешин: на острове Большой Уссурийский внедрят опыт Татарстана в сфере IT ,06:55 02.12.2024,https://ria.ru/20241202/demeshin-1986789270.html,"На Большом Уссурийском, где организуют ТОР, внедрят опыт Татарстана в области IT","Хабаровский край,Экономика,Хабаровский край,Дмитрий Демешин,Рустам Минниханов,Владимир Путин,Большой Уссурийский (остров),Россия"
В России стартовал национальный органический конкурс ,02:29 02.12.2024,https://ria.ru/20241202/konkurs-1986779531.html,В России стартовал национальный конкурс за достижения в органике,"Технологии,Россия,Совет Федерации РФ,Роскачество,Министерство сельского хозяйства РФ (Минсельхоз России),Экономика"
Трамп пригрозил странам БРИКС из-за планов по созданию альтернативы доллару ,21:00 30.11.2024,https://ria.ru/20241130/tramp-1986662781.html,Трамп пригрозил странам БРИКС 100%-ными пошлинами в случае отказа от доллара,"БРИКС,США,Дональд Трамп,Экономика,Россия,Технологии,Бразилия,Владимир Путин"
Кубические кресла представили на Московской неделе интерьера и дизайна ,17:36 30.11.2024,https://ria.ru/20241130/kresla-1986642532.html,В столице показали кубические кресла на неделе интерьера и дизайна,"Культура,Германия,Технологии,Берлин (город),Экономика,Москва"
Путин подписал закон о налогообложении криптовалют ,13:11 29.11.2024,https://ria.ru/20241129/putin-1986420679.html,Путин подписал поправки в Налоговый кодекс о налогообложении криптовалют,"Экономика,Россия,Владимир Путин,Криптовалюта,Технологии,Общество"
Путин подписал закон о корректировке налогообложения IT-компаний ,13:10 29.11.2024,https://ria.ru/20241129/zakon--1986419726.html,Президент РФ Путин подписал закон о корректировке налогообложения IT-компаний,"Россия,Владимир Путин,Федеральная служба по надзору в сфере связи, информационных технологий и массовых коммуникаций (Роскомнадзор),Экономика"
"Объем инвестиций в основной капитал в Нижегородской области вырос на 2,5% ",12:52 29.11.2024,https://ria.ru/20241129/obem-1986413287.html,"Никитин: объем инвестиций в Нижегородскую область за 9 месяцев вырос на 2,5%","Нижегородская область,Экономика,Технологии,Россия,Глеб Никитин,Владимир Путин"
Александр Ведяхин: каждый третий стартап в мире интегрирует технологию ИИ ,13:00 28.11.2024,https://ria.ru/20241128/vedyakhin-1986095752.html,Ведяхин: сегодня технологию ИИ интегрирует каждый третий стартап в мире ,"Россия,Сбер,Сбербанк России,Технологии,Искусственный интеллект (ИИ),ИИ,Наука,Экономика,SberUnity"
Путин и Токаев поддержали идею сопряжения транспортных проектов в Евразии ,21:05 27.11.2024,https://ria.ru/20241127/proekty-1986105378.html,РФ и Казахстан поддержали идею по транспортно-логистическим проектам в Евразии,"Экономика,Россия,Казахстан,Евразия,Владимир Путин,Касым-Жомарт Токаев,Технологии"
Глава Unilever объяснил уход компании из России ,16:04 27.11.2024,https://ria.ru/20241127/unilever-1986027199.html,Глава Unilever объяснил уход из России потерей контроля над бизнесом,"Экономика,Технологии,Россия,Unilever"
Аналитики: биткоин притягивает россиян на криптобиржах ,15:07 27.11.2024,https://ria.ru/20241127/poseschenie-1986011599.html,"""МегаФон"" заявил, что россияне стали чаще посещать криптовалютные сайты","Экономика,Технологии,Россия,США,Мегафон,Биткоин,Криптовалюта"
"Экспортеры могут пользоваться бесшовными платежами на портале ""Мой экспорт"" ",14:35 27.11.2024,https://ria.ru/20241127/eksportery-1986004010.html,"Платформа ""Мой экспорт"" упростила пользователям бесшовный процесс оплаты","Экономика,Россия,Российский экспортный центр (РЭЦ),Технологии,Банки,ВЭБ.РФ (ВЭБ)"
Путин рассказал о росте инвестиций в экономику Казахстана ,00:56 27.11.2024,https://ria.ru/20241127/putin-1985899934.html,Путин: Россия инвестировала в экономику Казахстана около 13 миллиардов долларов,"Экономика,Технологии,Казахстан,Россия,Владимир Путин"
Путин назвал Россию крупнейшим экономическим партнером Казахстана ,00:20 27.11.2024,https://ria.ru/20241127/putin-1985896507.html,Путин: Россия и Казахстан выступают сторонниками евразийской интеграции,"Экономика,Технологии,Россия,Казахстан,Владимир Путин,Евразийский экономический союз"
Яндекс Лавка опубликовала бесплатное руководство по контролю качества ,15:27 26.11.2024,https://ria.ru/20241126/yandeks-1985805611.html,Яндекс Лавка опубликовала руководство по контролю качества товаров и доставки,"Экономика,Общество,Технологии,Яндекс,доставка"
Источник: использование карт Газпромбанка в Турции больше невозможно ,13:02 26.11.2024,https://ria.ru/20241126/turtsiya-1985769200.html,Использование карт UnionPay Газпромбанка в Турции стало невозможным,"Экономика,Технологии,Венгрия,Египет,Италия,Дмитрий Песков,Газпромбанк,Санкции в отношении России"
"""Гигантские потери"". Решение Москвы аукнулось Западу спустя два года ",08:00 26.11.2024,https://ria.ru/20241126/samolety-1985580501.html,Европейские и американские авиакомпании сокращают число рейсов в Китай,"Экономика,Технологии,Китай,Россия,Шанхай,Пит Буттиджич,Энтони Блинкен,British Airways,Евросоюз,Finnair"
"РЭЦ и Минпромторг России запустили новый проект ""Интервью с торгпредом"" ",10:53 25.11.2024,https://ria.ru/20241125/rets-1985535013.html,None,"Экономика,Министерство промышленности и торговли РФ (Минпромторг России),Африка,Нигерия,Россия"
Приложение Газпромбанка перестало работать на iPhone в Турции ,10:46 24.11.2024,https://ria.ru/20241124/gazprombank-1985421900.html,None,"Экономика,Технологии,США,Газпромбанк,Турция,Санкции в отношении России,Реакция на санкции"
Карты Газпромбанка не работают в Камбодже ,10:38 24.11.2024,https://ria.ru/20241124/gazprombank-1985421541.html,Карты Газпромбанка системы Unionpay не работают в Камбодже,"Экономика,США,Камбоджа,Газпромбанк,Санкции в отношении России,Реакция на санкции"
В Германии перестали работать карты Газпромбанка ,20:58 23.11.2024,https://ria.ru/20241123/gazprombank-1985388056.html,"В Германии больше нельзя снять наличные с карт UnionPay, выданных Газпромбанком","Экономика,Технологии,США,Германия,Россия,Газпромбанк,Санкции в отношении России,В мире,UnionPay"
В Таиланде перестали работать карты Газпромбанка ,18:57 23.11.2024,https://ria.ru/20241123/gazprombank-1985375739.html,Карты Газпромбанка платежной системы UnionPay перестали работать в Таиланде,"Экономика,Технологии,Таиланд,Россия,США,Газпромбанк,В мире,Санкции в отношении России,UnionPay"
Банкоматы уругвайских банков стали задерживать карты Газпромбанка ,18:27 23.11.2024,https://ria.ru/20241123/gazprombank-1985374262.html,Банкоматы уругвайских банков задерживают карты системы UnionPay Газпромбанка,"Экономика,Технологии,Газпромбанк,Министерство финансов США,UnionPay,В мире,Санкции в отношении России,Уругвай"
Карты UnionPay Газпромбанка перестали работать в Аргентине ,18:10 23.11.2024,https://ria.ru/20241123/gazprombank-1985370838.html,Карты Газпромбанка платежной системы UnionPay перестали работать в Аргентине,"Экономика,Технологии,Латинская Америка,Министерство финансов США,Газпромбанк,Аргентина,Общество,В мире,UnionPay,Санкции в отношении России"
Газпромбанк предупредил клиентов за границей о трудностях в работе карт ,18:04 23.11.2024,https://ria.ru/20241123/gazprombank-1985369829.html,Клиенты Газпромбанка получили уведомления о проблемах с UnionPay за границей,"Экономика,Технологии,Россия,Газпромбанк,В мире,Общество"
"Смоленский губернатор предложил продвинуть бренд ""Сделано в России"" ",19:12 22.11.2024,https://ria.ru/20241122/rossija-1985264991.html,"Смоленский губернатор Анохин предложил использовать нацбренд ""Сделано в России""","Смоленская область,Экономика,Технологии,Смоленская область,Смоленск,Россия,Василий Анохин,Вероника Никишина,Российский экспортный центр (РЭЦ)"
Трутнев призвал создать новые верфи для строительства судов ледового класса ,15:43 22.11.2024,https://ria.ru/20241122/trutnev-1985222073.html,Трутнев: необходимо создать новые верфи для строительства судов для Севморпути,"Технологии,Россия,Арктика,Юрий Трутнев,Николай Патрушев,Экономика"
"Госдума передала властям Москвы часть функций по развитию фонда ""Сколково"" ",14:17 21.11.2024,https://realty.ria.ru/20241121/gosduma-1985000929.html,"Госдума приняла закон об интеграции Москвы в управление центром ""Сколково""","Экономика,Технологии,Москва,Россия,Сколково,Госдума РФ,Законодательство"
"России нужен свой широкофюзеляжный самолет, заявил Алиханов ",11:50 21.11.2024,https://ria.ru/20241121/alikhanov-1984970693.html,"Алиханов: России нужен широкофюзеляжный самолет, чтобы летать за рубеж","Россия,Антон Алиханов,Экономика,МС-21"
В Госдуму внесли законопроект об универсальном платежном коде ,23:19 20.11.2024,https://ria.ru/20241120/gosduma-1984919174.html,В Госдуму внесли законопроект о внедрении универсального платежного кода,"Экономика,Технологии,Анатолий Аксаков,Госдума РФ,Россия"
Мишустин призвал соблюдать график строительства ВСМ Москва — Петербург ,17:23 20.11.2024,https://ria.ru/20241120/mishustin-1984879699.html,Мишустин: первые поезда должны пойти по ВСМ через четыре года,"Экономика,Технологии,Россия,Москва,Санкт-Петербург,Михаил Мишустин"
Мишустин заявил о важности массового выпуска всех типов самолетов ,17:18 20.11.2024,https://ria.ru/20241120/samolety-1984877948.html,"Мишустин призвал наладить выпуск самолетов, включая обновленные SJ-100 и ИЛ-96","Экономика,Технологии,Россия,Михаил Мишустин,Аэрофлот,Ту-214,Ил-96,Ил-114-300"
Путин назвал нацпроекты по технологическому лидерству зримыми и большими ,13:50 20.11.2024,https://ria.ru/20241120/putin-1984818060.html,"Путин надеется, что нацпроекты по технологическому лидерству удастся реализовать","Технологии,Владимир Путин,Денис Мантуров,Россия,Экономика"
Глава Югры на экономическом форуме провел ряд важных переговоров ,11:55 20.11.2024,https://ria.ru/20241120/yugra-1984784544.html,None,"Экономика,Пакистан,Казахстан,Ханты-Мансийский автономный округ,Руслан Кухарук,Югра"
"В России создали ПО, которое заменит продукты ушедшей ABBYY ",03:34 20.11.2024,https://ria.ru/20241120/programmy-1984729485.html,"Компания Smart Engines создала ПО, которое заменит продукты ушедшей ABBYY","Россия,Белоруссия,Кипр,Экономика,Технологии,Давид Ян,ABBYY,""Аврора"",Московский физико-технический институт"
"В Kaspersky рассказали, пользуются ли их продуктами в США после ограничений ",07:41 19.11.2024,https://ria.ru/20241119/kasperskiy-1984512446.html,"""Лаборатория Касперского"": компания не отслеживает активность американцев","Экономика,Технологии,США,Лаборатория Касперского"
Цены на iPhone 16 Pro в России резко изменились ,01:01 15.11.2024,https://ria.ru/20241115/tseny-1983861690.html,Hi-Tech Mail: iPhone 16 Pro подешевел в России на 40%,"Apple,Россия,Экономика,Технологии"
"Грузопоток на Каспии сильно вырастет, заявил Патрушев ",12:45 14.11.2024,https://ria.ru/20241114/patrushev-1983711996.html,"Патрушев: грузопоток на Каспии сильно вырастет, необходимо развитие флота","Экономика,Россия,Астраханская область,Каспийское море,Николай Патрушев"
Томская область и Узбекистан будут сотрудничать в сфере цифровизации ,09:53 14.11.2024,https://ria.ru/20241114/tsifrovizatsiya-1983668408.html,None,"Томская область,Экономика,Технологии,Томская область,Узбекистан,Владимир Мазур,Людмила Огородова"
"В Якутске пройдет третий форум ""Цифровой Алмаз"" ",19:14 11.11.2024,https://ria.ru/20241111/jakutsk-1983177357.html,None,"Республика Саха (Якутия),Экономика,Технологии,Россия,Якутск,Китай"
Дистрибьютер компрессорной техники на Кубани внедрит бережливые технологии ,00:28 11.11.2024,https://ria.ru/20241111/kuban-1982775712.html,На Кубани дистрибьютер компрессорной техники внедрит бережливые технологии,"Краснодарский край,Экономика,Технологии,Динской район,Краснодарский край"
Нигерия готова к сотрудничеству с Россией в сфере цифровых валют ,20:32 09.11.2024,https://ria.ru/20241109/nigeriya-1982863702.html,Помощник главы Нигерии: РФ и Нигерия могут сотрудничать в сфере цифровых валют,"Экономика,Технологии,Нигерия,Россия,Африка,В мире"
РЭЦ: минресурсы Африки могут быть точкой притяжения для бизнеса в России ,18:26 09.11.2024,https://ria.ru/20241109/afrika-1982850844.html,None,"Экономика,Африка,Россия,Российский экспортный центр (РЭЦ)"
"""Ростех"" договорился с китайским автопроизводителем о создании завода ",13:52 08.11.2024,https://ria.ru/20241108/rostekh-1982650363.html,"""Ростех"" договорился с китайским автопроизводителем о создании завода в России","Экономика,Технологии,Китай,Россия,Московская область (Подмосковье),Сергей Чемезов,Ростех,Московский авиационный институт,Объединенная авиастроительная корпорация (ОАК)"
"""Других вариантов нет"". Экономика России столкнулась с неожиданным вызовом ",08:00 08.11.2024,https://ria.ru/20241108/vino-1982519291.html,Патрушев: производство российского вина в этом году вырастет до 70 миллионов,"Экономика,Технологии,Дмитрий Киселев,БРИКС,Кубань-Вино,Европа,Россия,СССР"
Терминальный комплекс на Кубани на 10% ускорил процесс перевалки зерновых ,01:12 08.11.2024,https://ria.ru/20241108/kuban-1982561010.html,Терминальный комплекс на Кубани на 10% ускорил перевалку зерновых культур,"Краснодарский край,Экономика,Технологии,Темрюкский район,Черное море"
Путин высказался о запрете китайских товаров и технологий в США ,22:00 07.11.2024,https://ria.ru/20241107/putin-1982533144.html,"Путин: запрещая китайские товары и технологии, США вредят сами себе","В мире,США,Россия,Технологии,Владимир Путин,Экономика,Заседание дискуссионного клуба ""Валдай"" в 2024 году"
"Путин оценил работу платежной системы ""Мир"" ",21:06 07.11.2024,https://ria.ru/20241107/mir-1982521853.html,"Путин назвал систему ""Мир"" успехом","Экономика,Заседание дискуссионного клуба ""Валдай"" в 2024 году,Технологии,Владимир Путин,Карта ""Мир"""
СМИ: в России могут ввести систему подтверждения навыков IT ,13:53 07.11.2024,https://ria.ru/20241107/it-1982419238.html,"""Ъ"": на ""Госуслугах"" могут ввести систему подтверждения навыков IT-разработчиков","Технологии,Россия,HeadHunter,Экономика"
"""Мой экспорт"" расширяет возможности получения лицензий на экспорт и импорт ",13:38 07.11.2024,https://ria.ru/20241107/litsenzii-1982413871.html,None,"Экономика,Технологии,Россия,Министерство промышленности и торговли РФ (Минпромторг России)"
Калинин: взаимодействие крупного и малого бизнеса должно стать системным ,13:31 07.11.2024,https://ria.ru/20241107/biznes-1982410539.html,None,"Твой бизнес,Экономика,Технологии,Россия,Александр Калинин,АвтоВАЗ,Министерство экономического развития РФ (Минэкономразвития России),Российский союз промышленников и предпринимателей,Lada Vesta,Renault Clio,Твой бизнес – новости"
Меры поддержки бизнеса Кубани объединят в новый проект продвижения брендов ,22:52 06.11.2024,https://ria.ru/20241106/kuban-1982320861.html,None,"Краснодарский край,Экономика,Технологии,Краснодарский край,Вениамин Кондратьев"
Компании представили свои технологии под брендом Made in Russia на ADIPEC ,10:48 06.11.2024,https://ria.ru/20241106/rets-1982141610.html,None,"Экономика,Россия,Технологии,Ближний Восток,Абу-Даби,Российский экспортный центр (РЭЦ)"
СМИ: российские ноутбуки впервые стали популярнее американских ,14:58 05.11.2024,https://ria.ru/20241105/noutbuki-1981949658.html,"""Ъ"": доля российских ноутбуков на рынке на 1,6% превысила продажи американских","Экономика,Технологии,Россия,Ноутбуки"
"Орешкин рассказал, на чем основан глобальный экономический рост ",17:31 04.11.2024,https://ria.ru/20241104/oreshkin-1981814555.html,Орешкин: каждая волна экономического роста основана на технологической платформе,"Экономика,Технологии,Россия,Максим Орешкин,БРИКС"
Медведев назвал Apple хорошей техникой ,11:24 03.11.2024,https://ria.ru/20241103/medvedev-1981669842.html,"Медведев назвал Apple хорошей техникой, но корпорация служит интересам США","Экономика,Технологии,Россия,США,Дмитрий Медведев,Apple,Samsung"
Посол Евдокимов рассказал о возможности сотрудничества с Бенином и Того ,09:32 03.11.2024,https://ria.ru/20241103/rossija-1981656261.html,Посол Евдокимов: Бенин и Того могут сотрудничать в сельском и морском хозяйстве,"Экономика,Технологии,Бенин,Россия,Того,В мире"
"Сумма исков к Google в России превысила мировое богатство, пишут СМИ  ",22:15 01.11.2024,https://ria.ru/20241101/google-1981440916.html,WP: сумма исков к Google в РФ в 2 ундециллиона руб превысила всё богатство мира,"Экономика,Дмитрий Песков,Google,Boston Consulting Group,Всемирный банк,Россия,Технологии"
Райффайзенбанк тестирует покупку долларов через банкоматы ,14:42 01.11.2024,https://ria.ru/20241101/rayffayzenbank--1981353940.html,Райффайзенбанк тестирует покупку долларов через банкоматы в Москве,"Экономика,Москва,США,Райффайзенбанк"
Чистая прибыль Apple снизилась по итогам финансового года ,01:31 01.11.2024,https://ria.ru/20241101/epl-1981254387.html,"По итогам 2023-2024 финансового года чистая прибыль Apple снизилась на 3,4%","Экономика,Технологии,США,Apple"
Майнинг криптовалют вышел в российское правовое поле ,00:11 01.11.2024,https://ria.ru/20241101/mayn-1981250138.html,С 1 ноября в России вступил в силу закон о легальном майнинге криптовалют,"Экономика,Технологии,Россия,США,Федеральная налоговая служба (ФНС России),Федеральная служба по финансовому мониторингу (Росфинмониторинг)"
"Для компаний, выпускающих важные металлы, уменьшат налогообложение  ",16:22 31.10.2024,https://ria.ru/20241031/pravitelstvo-1981179278.html,"Правительство уменьшит налогообложение для компаний, выпускающих важные металлы","Экономика,Россия,Михаил Мишустин"
Доля отечественного лифтового оборудования в России достигла почти 90% ,05:59 31.10.2024,https://ria.ru/20241031/minpromtorg-1981038281.html,Минпромторг: доля отечественного лифтового оборудования в России достигает 90%,"Экономика,Технологии,Россия,Министерство промышленности и торговли РФ (Минпромторг России),Министерство строительства и жилищно-коммунального хозяйства РФ (Минстрой России)"
В Москве на 27% увеличили объем производства биологически активных добавок ,07:13 29.10.2024,https://ria.ru/20241029/dobavki-1980581562.html,None,"Департамент инвестиционной и промышленной политики города Москвы,Москва,Анатолий Гарбузов,Экономика,Технологии,Строгино,Поддержка бизнеса"
"Выставку ""Сделано в Татарстане"" представят на ПМЭФ в 2025 году ",17:38 28.10.2024,https://ria.ru/20241028/tatarstan-1980546975.html,None,"Республика Татарстан,Экономика,Технологии,Казань,Россия,Бразилия,Рустам Минниханов,БРИКС,Казанский вертолетный завод,Ту-214,Саммит БРИКС в Казани в 2024 году"
СМИ: в КНР начали строительство завода летающих автомобилей ,06:11 28.10.2024,https://ria.ru/20241028/smi-1980425728.html,Синьхуа: в КНР начали строительство первого в мире завода летающих автомобилей,"Экономика,Технологии,Китай,Пекин"
"""Бизнес найдет решение"". Эксперт рассказал о расчетах между Россией и КНР  ",06:13 27.10.2024,https://ria.ru/20241027/volkov-1980322571.html,Эксперт: ситуация с платежами между Россией и Китаем постепенно налаживается,"Экономика,Технологии,Китай,Россия,Шэньян,БРИКС"
"На Кубани внедрят российские ИИ-технологии для развития ""умных"" городов ",01:28 26.10.2024,https://ria.ru/20241026/kuban-1980197767.html,Власти Кубани подписали соглашение о внедрении разработок на основе ИИ,"Краснодарский край,Экономика,Технологии,Краснодарский край,Россия"
"В ""БАС"" рассказали, как в России применяют дроны ",07:26 25.10.2024,https://ria.ru/20241025/drony-1979960246.html,"""БАС"": дроны в России часто используют для обнаружения незаконных свалок","Экономика,Технологии,Россия,Китай"
В регионах появились новые банкноты номиналом пять тысяч рублей ,06:25 25.10.2024,https://ria.ru/20241025/banknota-1979958524.html,Банкноты номиналом пять тысяч рублей появились в Алтайском и Пермском краях,"Экономика,Технологии,Пермский край,Россия,Алтайский край,банкноты,Банки"
"РЭЦ добавил материалы о цифровых активах в ""Базу знаний экспортера"" ",11:15 24.10.2024,https://ria.ru/20241024/kriptovalyuta-1979751249.html,None,"Экономика,Россия"
Минцифры распространит меры поддержки отечественного ПО на проекты с ИИ ,10:13 24.10.2024,https://ria.ru/20241024/programmy-1979736290.html,Шадаев: меры поддержки российского ПО распространят на проекты с ИИ,"Экономика,Технологии,Максут Шадаев"
Эксперты оценили доходы банков от внедрения цифрового рубля ,00:58 24.10.2024,https://ria.ru/20241024/banki-1979695791.html,Доклад: внедрение цифрового рубля даст банкам до 700 миллионов долларов ежегодно,"Экономика,Технологии,Россия,США,Китай,БРИКС,СНГ"
"Чукотская косметическая компания получила сертификат ""Сделано в России"" ",17:23 23.10.2024,https://ria.ru/20241023/sertifikat-1979626834.html,None,"Экономика,Технологии,Владивосток,Чукотский автономный округ,Россия,Российский экспортный центр (РЭЦ)"
Песков рассказал об инвестиционной платформе БРИКС ,16:50 23.10.2024,https://ria.ru/20241023/peskov-1979610532.html,Песков: инвестиционная платформа БРИКС предлагается не как альтернатива SWIFT,"Экономика,Технологии,Россия,Казань,Восток,Дмитрий Песков,Владимир Путин,БРИКС,SWIFT,Саммит БРИКС в Казани в 2024 году"
Страны БРИКС поддержали развитие электронной торговли ,16:38 23.10.2024,https://ria.ru/20241023/briks-1979606523.html,Декларация: страны БРИКС поддержали развитие электронной торговли,"Экономика,Технологии,БРИКС,Саммит БРИКС в Казани в 2024 году"
Страны БРИКС поддержали создание новой инвестиционной платформы ,16:34 23.10.2024,https://ria.ru/20241023/briks-1979604912.html,БРИКС поддержала создание инвестиционной платформы для увеличения инвестиций,"Экономика,Технологии,БРИКС,Новый банк развития,Саммит БРИКС в Казани в 2024 году"
Страны БРИКС призвали использовать национальные валюты в расчетах ,15:31 23.10.2024,https://ria.ru/20241023/briks-1979584990.html,Декларация: страны БРИКС призвали использовать национальные валюты в расчетах,"Саммит БРИКС в Казани в 2024 году,БРИКС,Экономика,Технологии"
В BitRiver рассказали о планах по созданию цифрового хаба для стран БРИКС ,15:27 23.10.2024,https://ria.ru/20241023/bitriver-1979583119.html,None,"Экономика,Технологии,Россия,Евразия,Кирилл Дмитриев,БРИКС,Российский фонд прямых инвестиций,BitRiver,Саммит БРИКС"
Путин рассказал про планы создать платформу БРИКС по драгоценным металлам ,13:05 23.10.2024,https://ria.ru/20241023/briks-1979539402.html,Путин: Россия предлагает создать платформу БРИКС по драгоценным металлам,"Россия,БРИКС,Саммит БРИКС в Казани в 2024 году,Экономика,Владимир Путин"
Путин призвал страны БРИКС активизировать сотрудничество ,13:02 23.10.2024,https://ria.ru/20241023/briks-1979538447.html,Путин призвал БРИКС активизировать сотрудничество в технологиях и финансах,"БРИКС,Саммит БРИКС в Казани в 2024 году,Экономика,Владимир Путин,Россия,Технологии"
Российские IT-решения заинтересовали партнеров на выставке GITEX в Дубае ,10:51 23.10.2024,https://ria.ru/20241023/it-1979503110.html,None,"Экономика,Египет,Российский экспортный центр (РЭЦ),Технологии,Россия,ОАЭ"
"Сервис ""Этикетка"" от билайн бизнес промаркировал более 250 млн звонков ",10:00 23.10.2024,https://ria.ru/20241023/servis-1979391127.html,None,"Экономика,Технологии,ВымпелКом,Билайн,Бизнес"
Китай в январе-сентябре резко нарастил поставки чеснока в Россию ,04:02 23.10.2024,https://ria.ru/20241023/kitaj-1979457293.html,Китай за девять месяцев увеличил поставки чеснока в Россию на 36 процентов,"Экономика,Технологии,Россия,Китай,Япония"
Эскобар отметил прогресс России в создании альтернативной платежной системы ,03:17 23.10.2024,https://ria.ru/20241023/eskobar-1979454127.html,Эскобар: Россия добилась прогресса в создании альтернативной платежной системы,"Технологии,Россия,Казань,Китай,БРИКС,Экономика,Саммит БРИКС в Казани в 2024 году"
Лаборатория инвестиционных исследований заработала в России ,16:55 22.10.2024,https://ria.ru/20241022/laboratoriya-1979375539.html,None,"Экономика,Технологии,Россия,Центральный университет (ЦУ)"
"В ВТБ рассказали, что будет после истечения сертификатов Visa и Mastercard ",11:53 22.10.2024,https://ria.ru/20241022/vtb-1979280152.html,"ВТБ: истекший сертификат чипов Visa и Mastercard не превратит карту в ""кирпич""","Экономика,Технологии,Visa, Inc.,MasterCard, Inc.,РБК (медиагруппа)"
"Программу ""Экспортное наставничество"" представили на Сибирском форуме МСП ",19:02 21.10.2024,https://ria.ru/20241021/msp-1979181061.html,None,"Экономика,Технологии,Россия,Иркутская область,Иркутск,Игорь Кобзев,Российский экспортный центр (РЭЦ),Сбербанк России"
"Тренды отрасли обсудили на конференции ""Дело Спецтехники"" в Москве ",18:46 21.10.2024,https://ria.ru/20241021/konferentsiya-1979167221.html,None,"Россия,Экономика,Москва,Андрей Ковалев,Авито,Министерство промышленности и торговли РФ (Минпромторг России),Технологии,Конференция,Транспорт,Прибыль"
"Бесплатная ""Школа инвестора"" появилась в России ",18:13 21.10.2024,https://ria.ru/20241021/shkola-1979170864.html,None,"Экономика,Технологии,Россия,ПСБ (Банк ПСБ)"
Трудовые ресурсы: как благодаря господдержке решить кадровый вопрос ,14:23 21.10.2024,https://ria.ru/20241021/gospodderzhka-1979096719.html,None,"Твой бизнес,Экономика,Московская область (Подмосковье),Россия,Москва,Министерство экономического развития РФ (Минэкономразвития России),Фонд развития промышленности,Работа,Технологии,ОПОРА,маркетплейс,Инфраструктура"
"РЭЦ: популярность сервиса ""Подбор маркетплейсов"" на ""Моем экспорте"" растет ",14:15 21.10.2024,https://ria.ru/20241021/rets-1979119198.html,None,"Экономика,Россия,Индонезия,Вьетнам,Технологии"
ПСБ: финтех-решения стали главным преимуществом в конкуренции за клиентов ,13:34 21.10.2024,https://ria.ru/20241021/psb-1979109015.html,None,"Экономика,Промсвязьбанк,Центральный Банк РФ (ЦБ РФ)"
"Т-Банк за III квартал спас на 23% больше денег клиентов, чем годом ранее ",13:29 21.10.2024,https://ria.ru/20241021/t-bank-1979108173.html,None,"Экономика,Технологии,Россия,Т-Банк (АО «Тинькофф Банк»)"
"""Авито"": более 74% субъектов МСБ выбирают отечественное оборудование ",10:30 21.10.2024,https://ria.ru/20241021/avito-1978828272.html,None,"Экономика,США,Европа,Авито,Россия,Малый бизнес"
Эксперт: БРИКС может создать независимые от доллара платежные механизмы  ,04:55 20.10.2024,https://ria.ru/20241020/ekspert-1978941602.html,"БРИКС может создать платежные системы, не зависящие от доллара, сообщил эксперт","Экономика,Технологии,Китай,Саудовская Аравия,G7,SWIFT,Саммит БРИКС,БРИКС,Россия"
НСПК начала патентовать технологию для оплаты покупок с iPhone ,18:31 18.10.2024,https://ria.ru/20241018/nspk-1978811015.html,Прототип технологии оплаты покупок с iPhone находится в процессе патентования,"Экономика,Технологии,Дмитрий Дубынин,РБК (медиагруппа)"
"В ""ГЛОНАСС"" заявили, что готовы развивать технорешения со странами БРИКС ",18:29 18.10.2024,https://ria.ru/20241018/glonass-1978810823.html,None,"ЭРА-ГЛОНАСС,Экономика,Технологии,Россия,Москва,Алексей Райкевич,БРИКС,Агентство стратегических инициатив (АСИ)"
ПСБ планирует внедрить открытый банкинг в платежи для бизнеса ,16:21 18.10.2024,https://ria.ru/20241018/psb-1978770135.html,None,"Экономика,Промсвязьбанк,Технологии,ПСБ (Банк ПСБ),Твой бизнес – новости"
Тестировщик протеза сыграл Путину на электрогитаре на площадке БРИКС ,16:09 18.10.2024,https://ria.ru/20241018/putin-1978765718.html,Тестировщик протеза с применением ИИ сыграл Путину на электрогитаре на БРИКС,"Экономика,Технологии,Россия,Москва,Владимир Путин,БРИКС,Российский фонд прямых инвестиций"
"ПАО ""ВымпелКом"" и Альфа-Банк договорились о стратегическом партнерстве ",16:00 18.10.2024,https://ria.ru/20241018/partnerstvo-1978754576.html,None,"Технологии,Альфа-банк,ВымпелКом,Билайн,Экономика,Финансы,партнерство,Бизнес"
Путину показали возможности искусственного интеллекта на площадке БРИКС ,12:55 18.10.2024,https://ria.ru/20241018/briks-1978709900.html,Путину показали возможности ИИ в распознавании лиц на БРИКС,"БРИКС,Экономика,Технологии,Россия,Владимир Путин,Российский фонд прямых инвестиций"
Мишустин оценил высокие темпы роста безналичных платежей в России ,12:48 18.10.2024,https://ria.ru/20241018/rossija-1978708602.html,Мишустин: РФ входит в список ведущих стран по темпам роста безналичных платежей,"Экономика,Технологии,Россия,Михаил Мишустин"
ФАС признала Сбербанк нарушившим закон о рекламе ,12:41 18.10.2024,https://ria.ru/20241018/sberbank-1978705655.html,ФАС признала Сбербанк некорректным сравнением в рекламе финансовой услуги,"Экономика,Технологии,Россия,Москва,Сбербанк России,Федеральная антимонопольная служба (ФАС России)"
Мишустин заявил о планах по расширению проектов техсуверенитета ,12:41 18.10.2024,https://ria.ru/20241018/mishustin-1978705517.html,Мишустин: правительство планирует расширить перечень проектов техсуверенитета,"Экономика,Технологии,Россия,Михаил Мишустин"
Мишустин призвал продолжить выпуск инновационной продукции ,12:26 18.10.2024,https://ria.ru/20241018/mishustin-1978699712.html,Мишустин призвал выпускать инновационную продукцию на отечественных мощностях,"Экономика,Технологии,Россия,Михаил Мишустин"
Путин заявил о сотрудничестве со странами БРИКС в сфере инноваций ,12:07 18.10.2024,https://ria.ru/20241018/briks-1978687645.html,Путин: РФ сотрудничает со странами БРИКС в сфере инноваций и цифровой экономики,"Экономика,Саммит БРИКС в Казани в 2024 году,Россия,Владимир Путин,БРИКС,Технологии"
Путин рассказал о переключении транспортных потоков на надежных партнеров ,12:06 18.10.2024,https://ria.ru/20241018/putin-1978687051.html,Путин: Россия переключает транспортные потоки на надежных зарубежных партнеров,"Владимир Путин,Саммит БРИКС в Казани в 2024 году,Экономика,Технологии,Россия,БРИКС"
Обозначены контуры нового федерального проекта по производительности труда ,10:42 18.10.2024,https://ria.ru/20241018/proekt-1978581106.html,None,"Твой бизнес,Экономика,Технологии,Россия,Ленинградская область,Москва,Максим Орешкин,Максим Решетников,Александр Дрозденко,Министерство экономического развития РФ (Минэкономразвития России)"
ПСБ: игровые механики нужны банкам для эффективной коммуникации с клиентом ,20:05 17.10.2024,https://ria.ru/20241017/psb-1978600804.html,None,"Экономика,Московская биржа,Технологии,ПСБ (Банк ПСБ)"
"""ВымпелКом"" стал ассоциированным членом Ассоциации ФинТех ",14:16 17.10.2024,https://ria.ru/20241017/fintekh-1978509569.html,None,"Билайн,ВымпелКом,Технологии,Экономика"
НСПК показала прототип технологии для оплаты покупок с iPhone ,12:36 17.10.2024,https://ria.ru/20241017/nspk-1978482843.html,НСПК показала прототип технологии оплаты покупок смартфонами на базе iOS,"Экономика,Технологии,Дмитрий Дубынин"
"ЦБ заявил о готовности к диалогу с теми, кто тапал хомяка в Hamster Kombat ",12:25 17.10.2024,https://ria.ru/20241017/hamsterkombat-1978479577.html,ЦБ РФ: игроки Hamster Kombat пока не жаловались на результаты игровой активности,"Михаил Мамута,Технологии,Экономика,Центральный Банк РФ (ЦБ РФ),Telegram"
"Раскрыто, какой источник дохода потеряют банки с 1 ноября ",02:10 17.10.2024,https://ria.ru/20241017/banki-1978421885.html,Эксперт Мехтиев рассказал об отмене комиссии при некоторых платежах через СБП,"Эльман Мехтиев,Экономика,Банки,Система быстрых платежей (СБП)"
ПСБ и Гознак на форуме FINOPOLIS заключили соглашения о сотрудничестве ,18:16 16.10.2024,https://ria.ru/20241016/sotrudnichestvo-1978386743.html,None,"Экономика,Технологии,Россия,Петр Фрадков,Аркадий Трачук,Гознак,ПСБ (Банк ПСБ)"
Григоренко рассказал о возможностях единой антифрод-платформы ,18:10 16.10.2024,https://ria.ru/20241016/grigorenko-1978385417.html,Григоренко: единая антифрод-платформа позволит блокировать похищенные аккаунты,"Россия,Экономика,Дмитрий Григоренко,Ольга Скоробогатова,Центральный Банк РФ (ЦБ РФ),Ростелеком,Федеральная служба по надзору в сфере связи, информационных технологий и массовых коммуникаций (Роскомнадзор)"
Рост застраховавших экспорт компаний МСП по программе ЭКСАР составил 74% ,17:37 16.10.2024,https://ria.ru/20241016/msp-1978377174.html,None,"Экономика,Россия,СНГ"
"Опубликована деловая программа конференции по финансам и инвестициям ""Толк"" ",14:47 16.10.2024,https://ria.ru/20241016/programma-1978343323.html,None,"Экономика,Россия,Т-Банк (АО «Тинькофф Банк»)"
Правительство и ЦБ планируют поставить барьер мошенничеству в интернете ,14:42 16.10.2024,https://ria.ru/20241016/tsb-1978342212.html,Григоренко: правительство и ЦБ готовят проект против мошенничества в интернете,"Экономика,Технологии,Дмитрий Григоренко,Эльвира Набиуллина,Владимир Путин,Госдума РФ"
"Греф призвал снять с ""Почты России"" тяжелые законодательные ограничения ",14:31 16.10.2024,https://ria.ru/20241016/gref-1978340142.html,"Греф: ""Почта России"" проиграла маркетплейсам из-за законодательных ограничений","Экономика,Технологии,Россия,Герман Греф,Почта России,Сбербанк России"
Набиуллина сравнила универсальный QR-код для платежей с розеткой ,11:29 16.10.2024,https://ria.ru/20241016/nabiullina-1978293766.html,Набиуллина и Греф поспорили на форуме Finopolis о едином QR,"Экономика,Технологии,Эльвира Набиуллина,Герман Греф,Сбербанк России,Альфа-банк,Центральный Банк РФ (ЦБ РФ)"
РЖД обсуждают с странами БРИКС развитие существующих проектов ,05:02 16.10.2024,https://ria.ru/20241016/rzhd-1978253428.html,РЖД обсуждают со странами БРИКС развитие имеющихся проектов и реализацию новых,"Экономика,Технологии,Россия,Индия,Китай,Сергей Павлов,Владимир Путин,БРИКС,РЖД"
"Инвестиции в ИБ-стартапы: ""Солар"" запустил отраслевой венчурный фонд ",20:18 15.10.2024,https://ria.ru/20241015/solar-1978220409.html,None,"Кибербезопасность,Технологии,Россия,Анна Курбатова,Альфа-банк,ГК «Солар» (ранее ""РТК-Солар""),Экономика,Кибербезопасность"
Российские IT-компании демонстрируют свои решения на GITEX в Дубае ,17:39 15.10.2024,https://ria.ru/20241015/dubay-1978202159.html,None,"Экономика,Технологии,Дубай,Россия,Российский экспортный центр (РЭЦ)"
Почему США опасаются уступить России первое место в майнинге  ,13:38 15.10.2024,https://ria.ru/20241015/mayning-1978115550.html,None,"Экономика,Россия,Технологии,США,Америка,Константин Ордов,Владимир Путин,Дональд Трамп,Госдума РФ,Центральный Банк РФ (ЦБ РФ),Федеральная служба государственной статистики (Росстат)"
Минпромторг может субсидировать до 80 процентов затрат грузоперевозчиков ,22:55 14.10.2024,https://ria.ru/20241014/minpromtorg-1978042666.html,Алиханов: Минпромторг может субсидировать до 80% затрат грузоперевозчиков,"Экономика,Технологии,Россия,Африка,Латинская Америка,Антон Алиханов,Министерство промышленности и торговли РФ (Минпромторг России)"
"РЭЦ и ""Союзэкспертиза"" сотрудничают в продвижении бренда ""Сделано в России"" ",15:57 14.10.2024,https://ria.ru/20241014/rets-1977973303.html,None,"Экономика,Россия,Торгово-промышленная палата РФ,Росэксимбанк,Фонд ""Росконгресс"""
Компании в России ищут иностранных экспертов для организации производства ,08:49 13.10.2024,https://ria.ru/20241013/importozameschenie-1977802896.html,Fersol: компании ищут иностранных экспертов для работы над импортозамещением,"Экономика,Технологии,Турция,Китай,Индия"
Путин призвал активней внедрять в АПК отечественное оборудование и технику ,00:13 13.10.2024,https://ria.ru/20241013/tekhnika-1977786916.html,Путин: необходимо шире внедрять в АПК отечественное оборудование и технику,"Экономика,Россия,Владимир Путин,Технологии"
Силуанов ответил на вопрос о создании платежной системы БРИКС ,13:15 11.10.2024,https://ria.ru/20241011/siluanov-1977583093.html,Силуанов: доклад по платежной системе БРИКС представят на саммите в Казани,"Экономика,Антон Силуанов,Казань,БРИКС,Россия,Технологии"
"Рыбников: ""ФосАгро"" продолжает укрепляться на российском рынке минудобрений ",18:45 10.10.2024,https://ria.ru/20241010/fosagro-1977465010.html,None,"Экономика,Михаил Мишустин,ФосАгро,Министерство сельского хозяйства РФ (Минсельхоз России),Технологии"
ФАС поддержала законопроект о цифровой экономике ,18:11 10.10.2024,https://ria.ru/20241010/shaskolskiy-1977459355.html,Шаскольский: ФАС поддерживает законопроект Минэка о цифровой экономике,"Экономика,Технологии,Сочи,Россия,Максим Шаскольский,Федеральная антимонопольная служба (ФАС России)"
Ушаков прокомментировал запуск финансовой платформы БРИКС ,15:05 10.10.2024,https://ria.ru/20241010/ushakov-1977399904.html,Ушаков: запуск финансовой платформы БРИКС снизит издержки во взаимной торговле,"Экономика,Технологии,Россия,Юрий Ушаков,БРИКС"
НСПК завершила внедрение универсального QR-кода во всей сети СБП ,12:05 10.10.2024,https://ria.ru/20241010/nspk-1977359751.html,None,"Национальная система платежных карт (НСПК),Экономика,Технологии"
"Россия добивается независимости в турбиностроении, заявил Путин ",22:19 09.10.2024,https://ria.ru/20241009/putin-1977301658.html,Путин: РФ добивается технологической независимости в сегменте турбиностроения,"Россия,Краснодарский край,Крымский район,Владимир Путин,Вениамин Кондратьев,Сергей Чемезов,Ростех,Экономика"
Путин заявил о приоритетной поддержке индустриальных проектов ,20:47 09.10.2024,https://ria.ru/20241009/putin-1977292954.html,"Путин: власти будут оказывать поддержку проектам, повышающим выпуск продукции","Экономика,Технологии,Россия,Владимир Путин"
Путин призвал стимулировать внедрение в промышленность передовых технологий ,20:28 09.10.2024,https://ria.ru/20241009/putin-1977290072.html,Путин: Россия будет поощрять внедрение в промышленность передовых технологий,"Россия,Экономика,Владимир Путин,Технологии"
"В Wildberries заявили, что компанию не будут переименовывать в Wibes ",13:41 09.10.2024,https://ria.ru/20241009/wildberries-1977180634.html,Wildberries и Russ не планируют переименовывать маркетплейс в Wibes,"Экономика,Технологии,Россия,Андрей Воробьев,Wildberries,Ru-Center,Стрельба у офиса Wildberries в Москве"
Мишустину доложили о создании российских программ для авиации ,13:02 09.10.2024,https://ria.ru/20241009/aeroflot-1977166444.html,"Глава ""Аэрофлота"" рассказал Мишустину о создании российских программ для авиации","Экономика,Технологии,Россия,Михаил Мишустин,Аэрофлот"
Мишустин призвал заменить программное обеспечение российских авиакомпаний ,11:03 09.10.2024,https://ria.ru/20241009/mishustin-1977128987.html,Мишустин: критически важно заменить ПО авиакомпаний на отечественное,"Экономика,Технологии,Россия,Михаил Мишустин,Аэрофлот"
ПСБ рассказал о мошенничестве с воздействием на детей в новых регионах ,10:55 09.10.2024,https://ria.ru/20241009/psb-1977125232.html,ПСБ: в новых регионах РФ мошенники пытаются выманить у детей данные родителей,"Общество,Технологии,Россия,Экономика"
Промсвязьбанк запустил механизм трансграничных расчетов ,11:08 08.10.2024,https://ria.ru/20241008/promsvjazbank-1976910952.html,ПСБ запустил механизм трансграничных расчетов в торговле с любыми странами ,"Экономика,Технологии,Промсвязьбанк"
"АО ""ГЛОНАСС"" представило прототип мобильного терминала спутниковой связи ",04:18 08.10.2024,https://ria.ru/20241008/glonass-1976870430.html,"АО ""ГЛОНАСС"" представило уникальный мобильный терминал спутниковой связи","Экономика,Технологии,Россия,Алексей Райкевич,Газпром,ЭРА-ГЛОНАСС"
Успех России в одной из ключевых отраслей XXI века нервирует Вашингтон ,10:24 07.10.2024,https://ria.ru/20241007/bloomberg-1976705741.html,Bloomberg: Россия меняет свою точку зрения на майнинг,"Экономика,Технологии"
Мишустин рассказал о вкладе электронной промышленности в обороноспособность ,09:59 06.10.2024,https://ria.ru/20241006/elektronika-1976597265.html,Мишустин: электронная промышленность вносит весомый вклад в укрепление обороны,"Технологии,Россия,Михаил Мишустин,Экономика,Безопасность"
В Альфа-банке объяснили проблемы с входом в приложение ,14:49 05.10.2024,https://ria.ru/20241005/alfa-bank-1976517649.html,Альфа-банк: при входе в приложение могут возникнуть проблемы из-за техработ,"Экономика,Технологии,Альфа-банк"
Московские компании по выпуску одежды выходят на новые рынки сбыта ,14:00 05.10.2024,https://ria.ru/20241005/odezhda-1976509585.html,None,"Департамент инвестиционной и промышленной политики города Москвы,Экономика,Москва,Анатолий Гарбузов,Сергей Собянин,Россия"
"Сбой в терминалах ""Сбера"" привел к двойным списаниям, сообщили СМИ ",22:37 04.10.2024,https://ria.ru/20241004/sber-1976458735.html,"РБК: в терминалах ""Сбера"" произошел сбой с двойными списаниями средств","Сбер,Visa, Inc.,MasterCard, Inc.,Россия,Банки,Экономика"
VK предложила работу специалистам из ABBYY ,17:08 04.10.2024,https://ria.ru/20241004/vk-1976416109.html,"VK предложила работу специалистам по ИИ, уволенным из ABBYY","Экономика,Технологии,Венгрия,Сербия,Кипр,Давид Ян,ABBYY,РБК (медиагруппа),Московский физико-технический институт"
Четыре заправки для электромобилей начали работать в Ингушетии ,20:46 02.10.2024,https://ria.ru/20241002/ingushetiya-1976038775.html,None,"Республика Ингушетия,Россия,Малгобек,Назрань,Махмуд-Али Калиматов,Министерство энергетики РФ (Минэнерго России),Экономика,Технологии"
В Якутии кратно увеличат поставки белорусских карьерных самосвалов БЕЛАЗ ,06:46 02.10.2024,https://ria.ru/20241002/belaz-1975860386.html,В Якутии планируют кратно увеличить поставки белорусских самосвалов БЕЛАЗ,"Республика Саха (Якутия),Экономика,Минск,Технологии,Россия,Айсен Николаев,Александр Лукашенко"
"На нацпроект ""Экономика данных"" хотят выделить 129,07 миллиарда рублей ",16:21 30.09.2024,https://ria.ru/20240930/ekonomika-1975561023.html,"На нацпроект ""Экономика данных"" в 2025 г могут выделить 129,07 млрд руб ","Экономика,Технологии,Россия,Дмитрий Григоренко"
"""Лаборатория Касперского"" перевела пользователей в США на антивирус UltraAV ",06:24 29.09.2024,https://ria.ru/20240929/kasperskiy-1975309365.html,"""Лаборатория Касперского"" перевела пользователей в США на антивирус партнера","Экономика,Технологии,США,Антон Иванов,Лаборатория Касперского"
"""Россети"" рассказали о развитии технической политики сетевого комплекса ",18:32 27.09.2024,https://ria.ru/20240927/rosseti-1975153800.html,None,"Экономика,Россия,Санкт-Петербург,Россети,Министерство промышленности и торговли РФ (Минпромторг России),Москва,Министерство энергетики РФ (Минэнерго России)"
Патрушев: Россия идет к максимальной импортонезависимости в судостроении ,13:18 27.09.2024,https://ria.ru/20240927/rossija-1975046846.html,Патрушев: Россия быстро идет к максимальной импортонезависимости в судостроении,"Технологии,Россия,Калининград,Николай Патрушев,Объединенная судостроительная корпорация,Экономика"
Эксперт прокомментировал обвал токена Hamster на старте торгов ,11:47 27.09.2024,https://ria.ru/20240927/hamster-1975023703.html,Эксперт Лобода: падение курса Hamster Kombat отталкивает аудиторию от таких игр,"Экономика,Технологии,Telegram,BitRiver"
"Цивилев рассказал о коммюнике, принятом министрами энергетики БРИКС ",11:32 27.09.2024,https://ria.ru/20240927/briks-1975021099.html,Цивилев: принятое в БРИКС коммюнике предполагает доступ к энергопереходу,"Технологии,Россия,Москва,Сергей Цивилев,БРИКС,Экономика"
Цивилев призвал создавать новую современную энергогенерацию ,11:27 27.09.2024,https://ria.ru/20240927/tsivilev-1975018795.html,Цивилев призвал создавать современную энергогенерацию с дружественными странами,"Экономика,Технологии,Россия,Москва,Сергей Цивилев"
Путин призвал верстать планы на будущее в энергетике ,15:05 26.09.2024,https://ria.ru/20240926/putin-1974869585.html,Путин призвал верстать планы на будущее в энергетике и смотреть вперед,"Экономика,Технологии,Россия,Москва,Владимир Путин"
Путин назвал ТЭК современной и динамичной отраслью ,15:03 26.09.2024,https://ria.ru/20240926/putin-1974869290.html,"Путин: ТЭК успешно отвечает на актуальные, в том числе глобальные вызовы","Экономика,Технологии,Россия,Владимир Путин"
Путин поручил отработать детали нацпроекта по энергетике ,14:34 26.09.2024,https://ria.ru/20240926/putin-1974861118.html,Путин: надо отработать детали нацпроекта по энергетике и приступить к реализации,"Экономика,Владимир Путин,Россия,Москва,Технологии"
"Рост энергорынка, конкуренция, роль БРИКС: Путин выступил на РЭН ",14:11 26.09.2024,https://ria.ru/20240926/putin-1974847578.html,Путин: Запад не выдерживает конкуренцию и перекрывает доступ к технологиям ТЭК,"Владимир Путин,В мире,Экономика,Технологии,Россия"
РЭЦ выявил самые популярные экспортные услуги в Севастополе ,12:50 26.09.2024,https://ria.ru/20240926/rets-1974827095.html,None,"Технологии,Севастополь,Россия,Египет,Российский экспортный центр (РЭЦ),Экономика"
"В Минпромторге рассказали об устройствах на ОС ""Аврора"" ",08:28 26.09.2024,https://ria.ru/20240926/avrora-1974749713.html,"Минпромторг: около 60 тысяч устройств на ОС ""Аврора"" появится в 2024 году","Экономика,Технологии,Россия,""Аврора"",Министерство промышленности и торговли РФ (Минпромторг России)"
"Т-Банк и ""Сбер"" сделают возможным видеть в приложениях счета обоих банков ",00:18 26.09.2024,https://ria.ru/20240926/banki-1974725906.html,"Т-Банк и ""Сбер"" запустят возможность видеть в приложениях счета обоих банков","Сбербанк России,Экономика,Сбер"
На Кубани компания улучшила производство риса по нацпроекту ,22:25 25.09.2024,https://ria.ru/20240925/kuban-1974718549.html,None,"Краснодарский край,Экономика,Технологии,Краснодарский край,Россия"
Беспилотник Университета Иннополис вошел в реестр российской промпродукции ,21:08 25.09.2024,https://ria.ru/20240925/innopolis-1974711831.html,None,"Республика Татарстан,Экономика,Технологии,Россия,Москва,Министерство промышленности и торговли РФ (Минпромторг России)"
Путину представили предложения по развитию экспорта ,19:46 25.09.2024,https://ria.ru/20240925/putin-1974702766.html,Дюмин: Путин изучил предложения по развитию российского экспорта,"Экономика,Россия,Алексей Дюмин,Владимир Путин"
Путин указал на важность защиты прав российских инвесторов за рубежом ,15:51 25.09.2024,https://ria.ru/20240925/putin-1974640463.html,Путин: механизмы защиты инвестиций за рубежом отлажены не со всеми партнерами,"Экономика,Россия,Владимир Путин,В мире"
Путин отметил важность продвижения высокотехнологичных товаров за рубежом ,15:39 25.09.2024,https://ria.ru/20240925/putin-1974636712.html,Путин: важно продвигать российские высокотехнологичные товары за рубежом,"Экономика,Технологии,Россия,Владимир Путин"
Путин рассказал о создании наднациональной платежной инфраструктуры ,15:34 25.09.2024,https://ria.ru/20240925/putin-1974635316.html,Путин: многие страны работают над созданием наднациональной платежной системы,"Экономика,Россия,Владимир Путин,Ближний Восток,Технологии,Азия"
"Решение задач по платежам требует времени, заявил Путин ",15:28 25.09.2024,https://ria.ru/20240925/putin-1974632520.html,Путин: решение задач по платежам во внешней торговле требует времени,"Владимир Путин,Экономика,Россия,Технологии"
В Сбербанке рассказали о новом виде мошенничества ,13:43 25.09.2024,https://ria.ru/20240925/sberbank-1974597840.html,Сбербанк: мошенники маскируют вывод средств через систему бесконтактной оплаты,"Экономика,Технологии,Станислав Кузнецов,Сбербанк России"
"""АвтоВАЗ"" открыл предзаказ электромобиля Lada e-Largus ",13:10 25.09.2024,https://ria.ru/20240925/predzakaz-1974589330.html,"Глава ""АвтоВАЗа"" Соколов: открыт предзаказ электромобиля Lada e-Largus","Экономика,Технологии,Максим Соколов,АвтоВАЗ"
"""Опережают на полвека"". Стало известно, кто будет господствовать на планете ",08:00 25.09.2024,https://ria.ru/20240925/ekonomika-1974423876.html,Аналитик Юшков: у энергетической политики Индии есть важное отличие от Китая,"Экономика,Технологии,Индия,Дели,Китай,Goldman Sachs,S&P Global"
"""Двойника"" М-11 представили при запуске беспилотного движения на трассе ",16:01 24.09.2024,https://ria.ru/20240924/zapusk-1974439841.html,None,"Технологии,Авто,Транспорт,Россия,Экономика"
"КМЗ импортозаместит судовые насосы Запада, заявил директор ",03:13 24.09.2024,https://ria.ru/20240924/nasosy-1974340367.html,КМЗ импортозаместит судовые насосы Запада на 7 млрд рублей до 2035 года,"Экономика,Россия,Технологии,Европа,Адмиралтейские верфи"
Мишустин пообещал поддержку инвестпроектов в сфере электроники ,12:04 23.09.2024,https://ria.ru/20240923/elektronika-1974213686.html,Мишустин: власти продолжат поддерживать проекты для развития сферы электроники,"Экономика,Россия,Михаил Мишустин,Технологии"
Мишустин ознакомился с российскими разработками в области электроники ,12:01 23.09.2024,https://ria.ru/20240923/elektronika-1974213017.html,"Мишустину на форуме ""Микроэлектроника 2024"" показали разработки компаний из РФ","Экономика,Технологии,Россия,Михаил Мишустин,БРИКС"
Мишустин оценил рост производства электроники в России ,11:56 23.09.2024,https://ria.ru/20240923/elektronika-1974209575.html,Мишустин: объем производства электроники за первое полугодие вырос на 35%,"Экономика,Россия,Михаил Мишустин,Технологии"
Мишустин рассказал об инвестициях в развитие электронной промышленности ,11:54 23.09.2024,https://ria.ru/20240923/elektronika-1974208841.html,Мишустин: инвестиции в электронику в 2024 г в 15 раз превысят показатели 2020 г,"Экономика,Россия,Михаил Мишустин,Технологии"
"В ""Сколково"" раскрыли число компаний, находящихся в состоянии кризиса ",03:09 21.09.2024,https://ria.ru/20240921/kompanii-1973945876.html,"""Сколково"": доля компаний, находящихся в состоянии кризиса, снизилась в три раза","Экономика,Технологии,Россия,Сколково"
Москва вновь возглавила рейтинг городов БРИКС по технологическому развитию ,15:32 20.09.2024,https://ria.ru/20240920/moskva-1973852058.html,Москва вновь заняла первое место среди крупнейших городов БРИКС по развитию,"Экономика,Технологии,Москва,Шанхай,Санкт-Петербург,БРИКС"
"Карелова поделилась впечатлениями от презентации грин-вискозы ""галиоцелл"" ",20:21 19.09.2024,https://ria.ru/20240919/grin-viskoza-1973734381.html,"Сенатор Карелова: разработчики грин-вискозы ""галиоцелл"" решают важные для задачи","Экономика,Технологии,Россия,Санкт-Петербург,Галина Карелова"
Объем использования нацвалют в БРИКС превысил масштабы расчетов в долларах ,17:59 19.09.2024,https://ria.ru/20240919/briks-1973699903.html,Шастри: объем использования нацвалют уже превысил масштабы расчетов в долларах,"Экономика,Технологии,Россия,Египет,Эфиопия,БРИКС,Зарядье"
"Путин рассказал, что нужно для создания широкой линейки БПЛА ",16:38 19.09.2024,https://ria.ru/20240919/putin-1973681131.html,Путин: для производства БПЛА нужна синергия между научными центрами и бизнесом,"Владимир Путин,Экономика,Россия,Технологии"
"Шувалов: ""Сколково"" вырастит не менее 20 компаний-лидеров до 2030 года ",21:25 18.09.2024,https://ria.ru/20240918/skolkovo-1973516813.html,None,"Сколково,Игорь Шувалов,Технологии,Экономика,Поддержка бизнеса,Россия,Сколково"
"Сайт венгерской фирмы, связываемой с терактом в Ливане, перестал работать ",15:36 18.09.2024,https://ria.ru/20240918/sajt-1973432211.html,"Сайт венгерской фирмы, названной производителем взорвавшихся пейджеров, закрылся","Экономика,Технологии,Ливан,Будапешт,Азия,Детонация сотен пейджеров в Ливане"
Суд Евросоюза отменил решение ЕК по штрафу в отношении Google ,10:56 18.09.2024,https://ria.ru/20240918/google-1973340881.html,"Суд Евросоюза отменил решение ЕК по штрафу в 1,5 миллиарда евро против Google","Экономика,Еврокомиссия,Google,Россия,Брюссель,Технологии,Евросоюз"
Твердый аргумент. Россия меняет переговорную позицию ,08:00 18.09.2024,https://ria.ru/20240918/titan-1973153792.html,"За полгода недружественные страны заплатили за российский титан $264,9 млн ","Экономика,Технологии,Россия,США,Германия,Airbus,Boeing"
В России начались продажи iPhone 16 ,22:52 17.09.2024,https://ria.ru/20240917/wildberries-1973291019.html,Wildberries запустил в России первые продажи iPhone 16 и других новинок Apple,"Экономика,Технологии,США,Apple,Wildberries,Россия"
Общественный совет Минцифры обсудил замещение IT-решений ,22:12 17.09.2024,https://ria.ru/20240917/mintsifry-1973283800.html,В Минцифры обсудили замещение иностранных IT-решений и регулирование дипфейков,"Экономика,Технологии,Россия,Наталья Касперская,Бэлла Черкесова"
"Стартовал акселератор ""Экспортеры 2.0"" для выхода на зарубежные рынки  ",19:17 16.09.2024,https://ria.ru/20240916/skolkovo-1973050376.html,None,"Экономика,Россия,Технологии,Сколково"
"""М.Видео"" и ""Эльдорадо"" завершили процесс объединения ",14:36 16.09.2024,https://ria.ru/20240916/eldorado-1972965025.html,"Ритейлеры ""М.Видео"" и ""Эльдорадо"" завершили процесс объединения брендов","Экономика,Технологии,М.Видео,Эльдорадо"
ЦБ запретил дочкам иностранных банков передавать данные о клиентах ,16:10 13.09.2024,https://ria.ru/20240913/tsb-1972550279.html,ЦБ запретил дочкам иностранных банков передавать данные о российских клиентах,"Экономика,Россия,Эльвира Набиуллина,Центральный Банк РФ (ЦБ РФ)"
Патрушев рассказал об инновациях с первой в России цифровой верфи ,14:56 13.09.2024,https://ria.ru/20240913/patrushev-1972530319.html,Патрушев: инновации с первой в РФ цифровой верфи применят другие судостроители,"Экономика,Технологии,Россия,Петрозаводск,Республика Карелия,Николай Патрушев,Александр Гуцан,Артур Парфенчиков,Федеральное агентство морского и речного транспорта (Росморречфлот)"
В России разработали уникальную технологию внесения удобрений ,07:49 13.09.2024,https://ria.ru/20240913/nti-1972427598.html,НТИ: разработана технология внесения удобрений с анализом снимков из космоса,"Экономика,Технологии,Россия,Национальная технологическая инициатива (НТИ)"
В Краснодарском крае 200 компаний внедрили бережливые технологии ,01:47 13.09.2024,https://ria.ru/20240913/kuban-1972408384.html,На Кубани 200 предприятий в рамках нацпроекта внедрили бережливые технологии,"Краснодарский край,Экономика,Технологии,Краснодарский край"
"В России создали стимулятор роста растений, повышающий урожай в 1,5 раза ",09:00 12.09.2024,https://ri.ria.ru/20240912/nauka-1972154785.html,None,"Наука,Экономика,Технологии,Россия,Ярославский государственный технический университет,Продовольственная безопасность,Российские инновации,Экологическое благополучие,Наука,Университетская наука"
Эксперт НТИ оценил рост рынка морских беспилотников в России ,07:52 12.09.2024,https://ria.ru/20240912/bespilotniki-1972210259.html,Эксперт НТИ Кабанов: рынок морских беспилотников в России продолжает расти,"Россия,Алексей Кабанов,Экономика,Технологии"
"Финансист объяснил, когда отменят наличные деньги ",02:17 12.09.2024,https://ria.ru/20240912/nalichnost-1972196273.html,Финансист Гордиенко усомнился в отказе от наличных денег к 2030 году,"Экономика,Гознак,РЭУ имени Г. В. Плеханова,Технологии,Деньги,Наличные деньги"
"Три резидента смоленской ОЭЗ ""Стабна"" запустили новые производства ",18:42 11.09.2024,https://ria.ru/20240911/smolensk-1972158709.html,None,"Экономика,Смоленская область,Василий Анохин,Технологии"
ЦБ ожидает падения показателей хищений средств клиентов банков ,16:40 11.09.2024,https://ria.ru/20240911/tsb-1972125049.html,ЦБ ожидает падения показателей хищений средств клиентов банков до конца года,"Экономика,Технологии,Россия"
Больше 200 банков в России до сих пор подключены к SWIFT ,17:47 10.09.2024,https://ria.ru/20240910/maslov-1971909604.html,Маслов: больше 200 банков в России до сих пор подключены к SWIFT,"Экономика,Технологии,Россия,Китай,Индия,SWIFT"
"В ФБР раскрыли, какие убытки понесли США от мошенничества с криптовалютой ",13:23 10.09.2024,https://ria.ru/20240910/fbr-1971811460.html,ФБР: убытки от мошенничества с криптовалютой составили более 5 млрд долларов,"Экономика,США,ФБР,В мире"
Титов призвал создать единый с Китаем рынок по торговле углеродами ,12:13 10.09.2024,https://ria.ru/20240910/rynok-1971794071.html,Титов: России и Китаю нужен единый рынок по торговле углеродными единицами,"Экономика,Технологии,Китай,Россия,Иркутск,Борис Титов,ООН"
В МТС рассказали о ценах на новые iPhone 16 ,22:35 09.09.2024,https://ria.ru/20240909/tseny-1971710667.html,МТС: цены на новые iPhone 16 по предзаказу начинаются от 115 тысяч рублей,"Экономика,Технологии,Россия,США,Apple,МТС"
"В Москве рассказали, как столичные компании открывают новые рынки сбыта ",13:15 08.09.2024,https://ria.ru/20240908/moskva-1971392099.html,None,"Департамент инвестиционной и промышленной политики города Москвы,Экономика,Москва,Россия,Казахстан,Сергей Собянин,Анатолий Гарбузов,ШОС"
Старовойт: Россия войдет в высшую лигу стран с высокоскоростным движением ,12:13 07.09.2024,https://ria.ru/20240907/transport-1971247693.html,"Старовойт: Россия, реализовав проект по строительству ВСМ, войдет в высшую лигу","Экономика,Технологии,Россия,Москва,Санкт-Петербург,Роман Старовойт,Владимир Путин,РЖД,Дальневосточный федеральный университет,ВЭФ — 2024 (Восточный экономический форум)"
Старовойт рассказал об интересе стран Ближнего Востока к Севморпути ,10:11 07.09.2024,https://ria.ru/20240907/sevmorput-1971230752.html,Старовойт: страны Ближнего Востока заинтересованы в развитии Севморпути,"Экономика,Технологии,Россия,Ближний Восток,Китай,Роман Старовойт,Владимир Путин,Государственная корпорация по атомной энергии ""Росатом"",Дальневосточный федеральный университет,ВЭФ — 2024 (Восточный экономический форум)"
В Минтрансе назвали российскую транспортную отрасль одной из лидеров в мире ,09:36 07.09.2024,https://ria.ru/20240907/starovojt-1971227348.html,Глава Минтранса Старовойт: транспортная отрасль является одной из лидеров в мире,"Экономика,Технологии,Россия,Санкт-Петербург,Хельсинки,Роман Старовойт,Яндекс,Дальневосточный федеральный университет,ВЭФ — 2024 (Восточный экономический форум)"
Старовойт рассказал о развитии Восточного полигона ,01:58 07.09.2024,https://ria.ru/20240907/poligon-1971205402.html,Старовойт: развитию Восточного полигона уделяют большое внимание,"Экономика,Технологии,Россия,Дальний Восток,Владивосток,Роман Старовойт,Владимир Путин,Дальневосточный федеральный университет,ВЭФ — 2024 (Восточный экономический форум)"
Минцифры начало новый отбор особо значимых IT-проектов ,13:59 06.09.2024,https://ria.ru/20240906/mintsifry-1971044660.html,Минцифры: на особо значимые IT-проекты выделят шесть миллиардов рублей,"Россия,Экономика,Технологии"
"Платформенная экономика в России быстро развивается, заявили в АЦП ",07:50 06.09.2024,https://ria.ru/20240906/ekonomika-1970961587.html,Глава АЦП: Россия стала одним из лидеров платформенной экономики в мире,"Экономика,Технологии,Россия,Владивосток,Андрей Шаронов,Авито,Wildberries,Ozon"
Четкое изображение и качественный звук: какой телевизор выбрать для дома  ,13:57 05.09.2024,https://ria.ru/20240905/televizor-1782099245.html,None,"Технологии,Экономика,Общество"
"Путин рассказал, из-за чего нервничают сотрудники Минфина ",13:22 05.09.2024,https://ria.ru/20240905/putin-1970806073.html,Путин: идеи о дополнительных преференциях в ДФО заставляют нервничать Минфин,"ВЭФ — 2024 (Восточный экономический форум),Экономика,Технологии,Дальний Восток,Россия,Владивосток,Владимир Путин"
"""Ими управляют инопланетяне"". Путин на ВЭФ расставил все по местам ",12:11 05.09.2024,https://ria.ru/20240905/putin-1970754549.html,Пленарное заседание ВЭФ с участием Путина продлилось больше трех часов,"Экономика,Технологии,Дальний Восток,Россия,Владивосток,Дальневосточный федеральный университет,ВЭФ — 2024 (Восточный экономический форум)"
Путин объяснил назначение цифрового рубля ,11:57 05.09.2024,https://ria.ru/20240905/putin-1970781505.html,Путин: цифровой рубль — один из видов нацвалюты для граждан и бизнеса,"Экономика,Технологии,Россия,Владивосток,Владимир Путин,Дальневосточный федеральный университет,ВЭФ — 2024 (Восточный экономический форум)"
Путин увидел потенциал для роста геологической изученности в ДФО ,10:05 05.09.2024,https://ria.ru/20240905/putin-1970740068.html,Путин: Дальний Восток имеет потенциал кратного роста геологической изученности,"Экономика,Дальний Восток,Россия,Владивосток,Владимир Путин,Дальневосточный федеральный университет,ВЭФ — 2024 (Восточный экономический форум)"
Путин призвал ВЭБ контролировать риски государственно-частного партнерства ,10:01 05.09.2024,https://ria.ru/20240905/putin-1970738456.html,Путин: ВЭБ.РФ должна контролировать риски в государственно-частном партнерстве,"Экономика,Россия,Дальний Восток,Владивосток,Владимир Путин,Дальневосточный федеральный университет,ВЭФ — 2024 (Восточный экономический форум)"
Путин рассказал о масштабном плане развития Севморпути ,09:33 05.09.2024,https://ria.ru/20240905/putin-1970728904.html,Путин: масштабный план развития Северного морского пути развернут,"Экономика,Россия,Арктика,Владивосток,Владимир Путин,Дальневосточный федеральный университет,ВЭФ — 2024 (Восточный экономический форум)"
"Сбер и ""Инновационный инжиниринговый центр"" договорились о сотрудничестве ",09:32 05.09.2024,https://ria.ru/20240905/sber-1970728126.html,None,"Экономика,Сбер,Россия,Владивосток,Технологии"
Путин рассказал о проекте для обработки гражданских беспилотников в ДФО ,09:21 05.09.2024,https://ria.ru/20240905/putin-1970723045.html,Путин: в ДФО организуют проект для обработки гражданских беспилотников,"Владимир Путин,Экономика,Технологии,Дальний Восток,Россия,Владивосток,Дальневосточный федеральный университет"
Россиянам рассказали о новой многоступенчатой схеме мошенников ,09:13 05.09.2024,https://ria.ru/20240905/moshenniki-1970719789.html,"Сбербанк зафиксировал новую мошенническую схему, заканчивающуюся утечкой данных","Экономика,Технологии,Владивосток,Станислав Кузнецов,Сбербанк России,Дальневосточный федеральный университет,ВЭФ — 2024 (Восточный экономический форум)"
Путин рассказал о проектах в важнейших сферах на Дальнем Востоке ,09:05 05.09.2024,https://ria.ru/20240905/putin-1970716236.html,"Путин: в ДФО с 2013 года запущено более 3,5 тысячи промышленных и иных проектов","Дальний Восток,Экономика,Россия,Владивосток,Владимир Путин,Дальневосточный федеральный университет,ВЭФ — 2024 (Восточный экономический форум)"
Минтранс видит в перспективе ВСМ для связи Приморья с Хабаровском ,07:42 05.09.2024,https://ria.ru/20240905/vsm-1970694340.html,Минтранс считает наиболее вероятной магистраль для связи Приморья с Хабаровском,"Экономика,Технологии,Россия,Дальний Восток,Москва,Валентин Иванов,Виталий Савельев,Владимир Путин,РЖД,Дальневосточный федеральный университет,ВЭФ — 2024 (Восточный экономический форум)"
"Суда ""АстраПорт Шиппинг"" начнут тестировать спутниковую связь в 2024 году ",07:15 05.09.2024,https://ria.ru/20240905/glonass-1970690689.html,"АО ""ГЛОНАСС"" предоставит спутниковую связь для морских судов до конца 2024 года","Экономика,Технологии,Каспийское море,Россия,Владивосток,Алексей Райкевич,Дальневосточный федеральный университет,ВЭФ — 2024 (Восточный экономический форум)"
"""Сила Сибири-2"" проходит экологическую экспертизу, заявил Кобзев ",07:03 05.09.2024,https://ria.ru/20240905/gazoprovod-1970689438.html,"Кобзев: мы не оставляем мысли о том, что ""Сила Сибири-2"" будет реализована","Экономика,Технологии,Иркутская область,Владивосток,Китай,Игорь Кобзев,Дальневосточный федеральный университет,Сила Сибири — 2,ВЭФ — 2024 (Восточный экономический форум)"
"Автопром России может отказаться от натурального каучука, заявил ""Сибур"" ",05:33 05.09.2024,https://ria.ru/20240905/avtoprom-1970682509.html,Эксперт Ляхович: российский автопром сможет отказаться от натурального каучука,"Экономика,Технологии,Восток,СССР,Владивосток,Сибур Холдинг,Министерство промышленности и торговли РФ (Минпромторг России),Дальневосточный федеральный университет,ВЭФ — 2024 (Восточный экономический форум),Россия"
Fesco запустит сервис по доставке грузов между Китаем и Новороссийском ,04:15 05.09.2024,https://ria.ru/20240905/fesco-1970675846.html,Fesco до 2025 года запустит сервис по доставке грузов между КНР в Новороссийском,"Экономика,Китай,Санкт-Петербург,Владивосток,FESCO,Дальневосточный федеральный университет,Россия,ВЭФ — 2024 (Восточный экономический форум)"
Путин поручил оформить предложения по полувагонам на Дальнем Востоке ,17:02 04.09.2024,https://ria.ru/20240904/putin--1970572152.html,Путин поручил оформить предложения по движению полувагонов на Дальнем Востоке,"Экономика,Дальний Восток,Россия,Владивосток,Владимир Путин,Дальневосточный федеральный университет,РЖД,ВЭФ — 2024 (Восточный экономический форум)"
Путин рассказал о конкурентном преимуществе Дальнего Востока ,16:55 04.09.2024,https://ria.ru/20240904/logistika-1970568662.html,Путин назвал близость к логистическим коридорам конкурентным преимуществом ДФО,"Экономика,Технологии,Дальний Восток,Россия,Владивосток,Владимир Путин,Дальневосточный федеральный университет,ВЭФ — 2024 (Восточный экономический форум),Восточный экономический форум (ВЭФ)"
Путин поручил продумать размещение заказов для промышленности в России ,16:37 04.09.2024,https://ria.ru/20240904/putin-1970562312.html,Путин: Минпромторг должен продумать размещение заказов на предприятиях РФ,"Экономика,Россия,Дальний Восток,Приморский край,Владимир Путин,Министерство промышленности и торговли РФ (Минпромторг России),Дальневосточный федеральный университет"
"Сервис выдачи сертификата происхождения товаров на ""Моем экспорте"" обновили ",14:49 04.09.2024,https://ria.ru/20240904/servis-1970521197.html,None,"Экономика,Технологии,Российский экспортный центр (РЭЦ),ВЭБ.РФ (ВЭБ)"
На ВЭФ обсудили значение биотехнологий в развитии производства в России ,13:29 04.09.2024,https://ria.ru/20240904/vef-1970498886.html,None,"Экономика,Технологии,Россия,Дальний Восток,Владивосток,Иннопрактика,Дальневосточный федеральный университет,ВЭФ — 2024 (Восточный экономический форум)"
В России отключают подписки на облачные сервисы Microsoft ,11:03 04.09.2024,https://ria.ru/20240904/rossija-1970452370.html,"""Софтлайн"": в России отключают подписки на облачные сервисы Microsoft","Экономика,Технологии,Россия,Microsoft Corporation"
РЖД запустили удлиненные контейнерные поезда ,05:11 04.09.2024,https://ria.ru/20240904/rzhd-1970395151.html,РЖД запустили в 2024 году удлиненные контейнерные поезда из 120-140 вагонов,"Экономика,Технологии,Дальний Восток,Владивосток,РЖД,Дальневосточный федеральный университет,ВЭФ — 2024 (Восточный экономический форум)"
Сбербанк рассказал о самой мощной в своей истории 13-часовой DDoS-атаке ,23:04 03.09.2024,https://ria.ru/20240903/sberbank-1970373297.html,Кузнецов: в июле Сбербанк успешно пережил мощнейшую в своей истории DDoS-атаку,"ВЭФ — 2024 (Восточный экономический форум),Сбербанк России,Экономика,Технологии,Украина,Россия,Владивосток,Станислав Кузнецов,Дальневосточный федеральный университет"
Международный форум Kazan Digital Week ожидает 25 тысяч участников ,18:51 03.09.2024,https://ria.ru/20240903/forum-1970346220.html,None,"Республика Татарстан,Экономика,Технологии,Россия,Айрат Хайруллин,Казань,Белоруссия"
Минтранс держит на контроле вывоз контейнеров с Дальнего Востока ,18:03 03.09.2024,https://ria.ru/20240903/mintrans-1970336923.html,Минтранс держит на постоянном контроле вывоз контейнеров с Дальнего Востока,"Экономика,Технологии,Дальний Восток,Владивосток,Валентин Иванов,Алексей Чекунков,РЖД,Дальневосточный федеральный университет"
"Расширение БРИКС поможет повысить финстабильность, заявил Сторчак ",14:49 03.09.2024,https://ria.ru/20240903/briks-1970271944.html,Сторчак: расширение БРИКС дает хорошие шансы на повышение финстабильности,"Экономика,Технологии,Россия,Индия,Владивосток,Сергей Сторчак,БРИКС,МВФ,Дальневосточный федеральный университет"
Apple перестанет использовать жидкокристаллические дисплеи в iPhone SE ,13:55 03.09.2024,https://ria.ru/20240903/apple-1970248964.html,Nikkei: Apple перестанет использовать LCD во всех моделях iPhone SE,"Экономика,Технологии,Apple,Nikkei"
Сбербанк предотвратил хищения на сумму более 200 миллиардов рублей ,13:17 03.09.2024,https://ria.ru/20240903/sberbank-1970229882.html,Сбербанк с начала года предотвратил хищения на сумму более 200 миллиардов рублей,"Экономика,Технологии,Владивосток,Станислав Кузнецов,Сбербанк России,Центральный Банк РФ (ЦБ РФ),Дальневосточный федеральный университет,ВЭФ — 2024 (Восточный экономический форум)"
В Сбербанке оценили эффективность антифрод-системы ,11:12 03.09.2024,https://ria.ru/20240903/sberbank-1970184281.html,Кузнецов: эффективность антифрод-системы Сбербанка близка к стопроцентной,"Экономика,Технологии,Владивосток,Станислав Кузнецов,Сбербанк России,Сбер,Центральный Банк РФ (ЦБ РФ),ВЭФ — 2024 (Восточный экономический форум)"
ВТБ запустил обслуживание клиентов на 13 иностранных языках ,09:00 03.09.2024,https://ria.ru/20240903/vtb-1970149055.html,ВТБ первым из банков запустил обслуживание клиентов на 13 иностранных языках,"Экономика,Технологии,Россия,Дальний Восток,Москва,Дальневосточный федеральный университет"
РЖД планируют оснастить первый высокоскоростной поезд автопилотом ,03:47 03.09.2024,https://ria.ru/20240903/rzhd-1970119374.html,РЖД: первый российский поезд для ВСМ планируется с автопилотом,"Экономика,Технологии,Москва,Санкт-Петербург,Россия,Александр Мишарин,Олег Белозеров,Дальневосточный федеральный университет,ВЭФ — 2024 (Восточный экономический форум)"
В МИД рассказали о перспективах создания единой валюты БРИКС ,08:53 02.09.2024,https://ria.ru/20240902/mid-1969895683.html,МИД: пока сложно говорить о перспективах и сроках появления единой валюты БРИКС,"Экономика,Технологии,Россия,Бразилия,Индия,Дмитрий Биричевский,БРИКС"
Обойти не получится. В России вводят новые ограничения ,08:00 02.09.2024,https://ria.ru/20240902/kriptovalyuta-1969566832.html,В России начался эксперимент с криптовалютами,"Экономика,Технологии,Россия,Министерство финансов РФ (Минфин России),Центральный Банк РФ (ЦБ РФ),Криптовалюта"
В правительстве рассказали о реализации проекта ВСМ Москва — Петербург ,17:35 01.09.2024,https://ria.ru/20240901/realizatsija-1969835318.html,Савельев: реализация проекта ВСМ Москва — Петербург идет по графику,"Технологии,Санкт-Петербург,Россия,Москва,Виталий Савельев,Владимир Путин,Экономика"
Россияне стали чаще интересоваться российскими гаджетами ,08:52 01.09.2024,https://ria.ru/20240901/rossiya-1969776350.html,Спрос на отечественную вычислительную технику в России удвоился с начала года,"Технологии,Экономика"
Критическую информационную инфраструктуру переведут на отечественные ПАКи ,00:54 01.09.2024,https://ria.ru/20240901/infrastruktura-1969755984.html,Критическая информационная инфраструктура начнет переход на отечественные ПАКи,"Россия,Экономика,Министерство промышленности и торговли РФ (Минпромторг России),Министерство энергетики РФ (Минэнерго России),Министерство финансов РФ (Минфин России),Технологии"
"Убытки Telegram в 2023 году составили 173 миллиона долларов, пишет FT ",10:55 30.08.2024,https://ria.ru/20240830/telegram-1969405386.html,FT: чистый убыток Telegram в 2023 году составил $173 млн при выручке в $342 млн,"Экономика,Технологии,Париж,Франция,Павел Дуров,Telegram,Задержание Павла Дурова во Франции"
"Эксперт назвал запуск беспилотной ""Ласточки"" технологическим прорывом ",18:58 29.08.2024,https://ria.ru/20240829/ekspert-1969313257.html,"Эксперт Поликарпов: РЖД первыми в мире запустили беспилотный поезд ""Ласточка""","Экономика,Технологии,Австралия,Россия,Санкт-Петербург,Олег Белозеров,РЖД,Московское центральное кольцо (МЦК),Rio Tinto"
"Работы ИИ показали на награждении призеров этапа премии ""Сделано в России"" ",14:13 29.08.2024,https://ria.ru/20240829/ii-1969226521.html,None,"Экономика,Технологии,Уфа,Приволжский ФО,Кировская область,Российский экспортный центр (РЭЦ),ВЭБ.РФ (ВЭБ)"
В России за три года выросло число интернет-магазинов ,04:35 29.08.2024,https://ria.ru/20240829/magaziny-1969104430.html,ФОСТ: число интернет-магазинов в России за три года выросло в семь раз,"Экономика,Россия,Федеральная служба государственной статистики (Росстат),Технологии"
"В ""ГЛОНАСС"" рассказали об экспортном потенциале российских технологий ",03:04 29.08.2024,https://ria.ru/20240829/drony-1969099469.html,Эксперт: мониторинг дронов в России обрел потенциал для экспорта в страны БРИКС,"Экономика,Технологии,Сахалин,Земля,Россия,Алексей Райкевич,БРИКС,ЭРА-ГЛОНАСС"
Чернышенко назвал технологическое лидерство национальной целью развития ,11:27 28.08.2024,https://ria.ru/20240828/chernyshenko-1968921483.html,Чернышенко: технологическое лидерство стало национальной целью развития России,"Экономика,Технологии,Россия,Дмитрий Чернышенко,Министерство экономического развития РФ (Минэкономразвития России)"
Минцифры хочет обязать IT-компании отчислять часть сэкономленных налогов ,16:11 27.08.2024,https://ria.ru/20240827/mintsifry-1968783615.html,Минцифры хочет обязать крупные IT-компании направлять 5% налогов на обучение,"Экономика,Россия,Максут Шадаев,Министерство цифрового развития, связи и массовых коммуникаций РФ (Минцифры России),Технологии"
В Минцифры рассказали о работе по созданию решений для телерадиовещания ,15:59 27.08.2024,https://ria.ru/20240827/mintsifry-1968779395.html,Минцифры: российские разработки делают телерадиовещание менее импортозависимым,"Экономика,Технологии,Москва,Алексей Земский,Александр Афанасьев,НТВ (телеканал),ВГТРК"
Мишустин сообщил о планах нарастить выпуск БПЛА более чем в пять раз ,15:11 27.08.2024,https://ria.ru/20240827/mishustin--1968763669.html,Михаил Мишустин сообщил о планах нарастить выпуск БПЛА более чем в пять раз,"Специальная военная операция на Украине,Безопасность,Михаил Мишустин,Россия,Экономика"
"ГК ""Галс-Девелопмент"" внедряет новые технологии в строительстве ",19:03 26.08.2024,https://realty.ria.ru/20240826/tekhnologii-1968602202.html,None,"Экономика,Москва,Строительство,Технологии,ГК ""Галс"""
"Грузинский банк ""ТБС"" возобновил получение денежных переводов из России ",16:22 26.08.2024,https://ria.ru/20240826/bank-1968556670.html,"Грузинский банк ""ТБС"" возобновил получение переводов из РФ по ""Золотой короне""","Технологии,Грузия,Россия,Экономика"
"НПЦ БАС ""Самара"" готов открыть двери для резидентов-инноваторов ",16:00 24.08.2024,https://ria.ru/20240824/innovatsii-1968240851.html,None,"Экономика,Россия,Константин Яшин (заместитель директора Фонда развития промышленности Оренбургской области ),Самарская область,Технологии,Тольятти"
В Госдуму внесут законопроект о сборе с бизнеса за зарубежное ПО ,11:54 23.08.2024,https://ria.ru/20240823/tekhnologii-1967990117.html,Минцифры ждет внесения в Госдуму проекта о сборе за использование зарубежного ПО,"Экономика,Технологии,Россия,Максут Шадаев,Госдума РФ,Министерство финансов РФ (Минфин России)"
Россия и Китай будут укреплять сотрудничество в сфере торговли услугами ,11:21 22.08.2024,https://ria.ru/20240822/uslugi-1967737578.html,Россия и Китай договорились укреплять взаимодействие в сфере торговли услугами,"Экономика,Технологии,Россия,Китай,БРИКС"
"Сервис ""Qiwi Кошелек"" переедет на новый домен ",10:41 21.08.2024,https://ria.ru/20240821/qiwi--1967488647.html,"АСВ: сервис ""Qiwi Кошелек"" 21 августа переедет на новый адрес qiwiwall","Экономика,Технологии,Агентство по страхованию вкладов,КИВИ банк,Россия"
Эксперт описал перспективы применения ИИ в логистике ,07:34 21.08.2024,https://ria.ru/20240821/logistika-1967462827.html,Эксперт Васканян: применение ИИ в логистике снизит нагрузку на персонал,"Экономика,Технологии"
"Поддержку экспорта для бизнесменов представили на Молодежном форуме ""Амур"" ",18:48 19.08.2024,https://ria.ru/20240819/eksport-1967161244.html,None,"Экономика,Хабаровск,Россия"
Патрушев призвал создать тарифную модель использования ледоколов на СМП ,16:52 19.08.2024,https://ria.ru/20240819/patrushev-1967131839.html,Патрушев: необходимо создать эффективную тарифную модель использования ледоколов,"Экономика,Россия,Мурманск,Арктика,Николай Патрушев"
"""Яндекс Маркет"" вводит сервисный сбор для пользователей ",14:41 19.08.2024,https://ria.ru/20240819/market-1967082996.html,"""Яндекс Маркет"" вводит сервисный сбор в размере 20 рублей за один заказ","Экономика,Технологии,Москва,Екатеринбург,Нижний Новгород,Яндекс.Маркет"
Unilever отказалась от иска в защиту прав на бренд Domestos ,14:18 19.08.2024,https://ria.ru/20240819/isk-1967074140.html,Суд прекратил дело по иску Unilever в защиту прав на Domestos и упаковку,"Экономика,Технологии,Россия,Unilever"
В России разработали банкомат с ИИ для дистанционного обслуживания клиентов ,06:57 19.08.2024,https://ria.ru/20240819/bankomat-1966970828.html,Smart Engines: в России создали банкомат с ИИ для дистанционного обслуживания,"Россия,Экономика,Технологии"
Производство компонентов для косметики модернизировали в Смоленской области ,18:49 16.08.2024,https://ria.ru/20240816/kosmetika-1966674800.html,None,"Смоленская область,Экономика,Василий Анохин,Смоленская область,Технологии"
Алиханов предложил БРИКС совместно производить газотурбинные установки ,11:08 16.08.2024,https://ria.ru/20240816/alihanov-1966545732.html,Алиханов предложил обсудить с БРИКС совместный выпуск газотурбинных установок,"Экономика,Технологии,Россия,Бразилия,Индия,Антон Алиханов,БРИКС,Министерство промышленности и торговли РФ (Минпромторг России)"
ФНС тестирует новый интерфейс ЕНС в личном кабинете юрлица ,10:26 16.08.2024,https://ria.ru/20240816/fns-1966539531.html,"ФНС и ""Опора России"" тестируют новый интерфейс ЕНС в личном кабинете для юрлица","Технологии,Россия,Федеральная налоговая служба (ФНС России),Экономика"
РЭЦ подвел итоги реализации нацпроекта по экспорту в ЦФО ,20:40 14.08.2024,https://ria.ru/20240814/rets--1966269344.html,None,"Россия,Москва,Рязанская область,Виталий Степанов,Экономика"
Сервисы Сбербанка работают в штатном режиме ,18:17 14.08.2024,https://ria.ru/20240814/sberbank-1966246912.html,Сервисы Сбербанка в настоящее время работают в штатном режиме,"Сбербанк России,Экономика"
Стала известна причина приостановки торгов на Московской бирже ,17:30 14.08.2024,https://ria.ru/20240814/torgi-1966234410.html,Торги на Мосбирже приостанавливали из-за выявления программной ошибки,"Экономика,Технологии,Московская биржа"
Две тысячи рабочих мест: во Владимире открылся новый крупный завод  ,12:04 14.08.2024,https://ria.ru/20240814/zavod-1966029151.html,None,"Александр Авдеев (дипломат),Владимирская область,Россия,Владимир,Григорий Аникеев,Таможенный союз,СНГ,Экономика,Технологии,Завод"
"В США рассматривают возможность разделения Google, сообщили СМИ ",10:06 14.08.2024,https://ria.ru/20240814/minjust-1966092951.html,Блумберг: Минюст США рассматривает возможность разделения Google,"Экономика,Технологии,США,Google,Microsoft Corporation,В мире"
"Компанию ""МЕДИА1"" продадут группе инвесторов ",19:13 13.08.2024,https://ria.ru/20240813/media1-1966019276.html,"Российскую группу ""МЕДИА1"" продадут инвесторам","Экономика,Казань,Иван Таврин,Эльдар Муртазин,Денис Кусков,Национальная Медиа Группа,Ростелеком"
Ритейлеры поддержали предложение ФАС об ограничении цен на ряд моделей ,13:01 13.08.2024,https://ria.ru/20240813/fns-1965901078.html,"DNS, ""М.Видео"" и ""Ситилинк"" поддержали предложение ФАС об ограничении цен","Экономика,Технологии,Россия,Федеральная антимонопольная служба (ФАС России)"
"В ОПК работают 3,8 миллиона человек, заявил глава Минпромторга ",14:47 12.08.2024,https://ria.ru/20240812/opk-1965719802.html,"Алиханов: численность работников в ОПК достигла 3,8 миллиона, это рекорд","Россия,Антон Алиханов,Министерство промышленности и торговли РФ (Минпромторг России),Безопасность,Экономика"
Российские аэропорты планируют полностью перевести на отечественное ПО ,23:08 09.08.2024,https://ria.ru/20240809/aeroporty-1965311138.html,Глава Минцифры Шадаев: аэропорты России полностью перейдут на отечественное ПО,"Экономика,Технологии,Россия,Максут Шадаев,Microsoft Corporation,Госдума РФ"
РЭЦ начнет прием заявок на господдержку обслуживания товаров экспортеров ,20:44 09.08.2024,https://ria.ru/20240809/rets-1965294864.html,None,"Экономика,Технологии,Министерство промышленности и торговли РФ (Минпромторг России),Россия,сертификация"
Путин подписал закон об оптимизации процедуры госзакупок ,22:58 08.08.2024,https://ria.ru/20240808/putin-1965065046.html,Владимир Путин подписал закон об оптимизации процедуры госзакупок,"Экономика,Технологии,Россия,Владимир Путин,Михаил Мишустин"
Путин подписал закон о цифровых сервисах при оказании господдержки фермерам ,22:16 08.08.2024,https://ria.ru/20240808/putin-1965059110.html,Путин подписал закон о переходе на господдержку фермеров в электронном виде,"Экономика,Технологии,Россия,Владимир Путин,Министерство сельского хозяйства РФ (Минсельхоз России),Госдума РФ,Год семьи"
"РЭЦ: ""Сделано в России"" — знак качества для потребителей за рубежом ",14:08 06.08.2024,https://ria.ru/20240806/rets-1964406141.html,None,"Экономика,Технологии,Россия,Китай,Пекин,Экспорт,Российский экспортный центр (РЭЦ),ВЭБ.РФ (ВЭБ),Бренд Сделано в России (Made in Russia)"
Правительство проработает господдержку обновления ж/д ,13:23 06.08.2024,https://ria.ru/20240806/putin-1964391302.html,Путин поручил рассмотреть вопрос о реализации господдержки на обновление ж/д,"Экономика,Технологии,Россия,Владимир Путин,Михаил Мишустин,Алексей Цыденов"
Путин поручил рассмотреть вопрос льготных кредитов для операторов связи ,11:58 06.08.2024,https://ria.ru/20240806/putin-1964362007.html,Операторам связи могут начать выдавать льготные кредиты на развитие LTE и 5G,"Экономика,Технологии,Россия,Владимир Путин,Михаил Мишустин"
Савельев будет курировать создание беспилотных авиасистем ,10:50 06.08.2024,https://ria.ru/20240806/savelev-1964342779.html,Савельев в рамках работы по достижению наццелей будет курировать создание БПЛА,"Россия,Виталий Савельев,Михаил Мишустин,Денис Мантуров,Экономика,Технологии,Правительство РФ"
Мантуров будет курировать достижение целей технологического лидерства ,10:26 06.08.2024,https://ria.ru/20240806/manturov-1964336818.html,Мантуров будет курировать работы по достижению целей технологического лидерства,"Экономика,Технологии,Денис Мантуров,Михаил Мишустин,Россия"
"РЭЦ: аналитика платформы ""Мой экспорт"" помогает в принятии бизнес-решений ",11:34 05.08.2024,https://ria.ru/20240805/rets-1964108749.html,None,"Экономика,Технологии,Россия,Российский экспортный центр (РЭЦ),ВЭБ.РФ (ВЭБ),Бизнес,Экспорт"
Путин отметил важную роль железных дорог в развитии России ,00:12 04.08.2024,https://ria.ru/20240804/transport-1963922379.html,Путин: заслугой железнодорожников стали новые рынки и устойчивая работа ОПК,"Технологии,Россия,Дальний Восток,Владимир Путин,Экономика"
Путин заявил о задачах в развитии железнодорожной инфраструктуры ,00:09 04.08.2024,https://ria.ru/20240804/rossiya-1963922211.html,Путин: Россия имеет масштабные задачи в развитии железнодорожной инфраструктуры,"Технологии,Россия,Баренцево море,Персидский залив,Владимир Путин,Экономика"
Путин призвал форсированно наращивать железнодорожную инфраструктуру ,00:07 04.08.2024,https://ria.ru/20240804/infrastruktura-1963922074.html,Путин: России необходимо форсированно наращивать железнодорожную инфраструктуру,"Технологии,Владимир Путин,Россия,Экономика"
"Индекс промпроизводства за полгода составил в Рязанской области 112,2% ",22:30 02.08.2024,https://ria.ru/20240802/promproizvodstvo-1963791871.html,None,"Рязанская область,Экономика,Технологии,Рязанская область,Денис Мантуров,Павел Малков,Россия,Концерн ПВО ""Алмаз-Антей"",Воздушно-десантные войска России,Министерство промышленности и торговли РФ (Минпромторг России)"
Совфед обязал майнеров соблюдать антиотмывочное законодательство ,20:45 02.08.2024,https://ria.ru/20240802/sovfed-1963777334.html,Совфед обязал майнеров соблюдать закон о противодействии отмыванию доходов,"Технологии,Госдума РФ,Россия,Криптовалюта,майнинг,Экономика"
"Сбербанк уверен, что договорится с ЦБ о создании единого платежного QR-кода ",19:16 02.08.2024,https://ria.ru/20240802/sberbank-1963760125.html,"Сбербанк уверен, что договорится с ЦБ РФ о создании единого платежного QR-кода","Экономика,Технологии,Герман Греф,Центральный Банк РФ (ЦБ РФ),Сбербанк России,Альфа-банк"
РЭЦ проведет вебинар о сокращении расходов на сертификацию промпродукции ,11:48 02.08.2024,https://ria.ru/20240802/vebinar-1963635840.html,None,"Экономика,Технологии,Россия,Российский экспортный центр (РЭЦ),ВЭБ.РФ (ВЭБ),сертификация,Экспорт,Расходы"
"Анализ показал, как Россия сможет торговать в криптовалютах ",06:05 02.08.2024,https://ria.ru/20240802/kriptovalyuta-1963587766.html,Россия потенциально сможет торговать в криптовалютах с большей частью стран мира,"Экономика,Технологии,Россия,Иран,Афганистан,Госдума РФ"
"Минцифры будет отвечать за развитие направления ""Искусственный интеллект"" ",00:59 02.08.2024,https://ria.ru/20240802/mintsifra-1963571391.html,Григоренко: передача Минцифры ответственности за ИИ ускорит внедрение технологии,"Экономика,Технологии,Россия,Дмитрий Григоренко,Министерство экономического развития РФ (Минэкономразвития России)"
"SWIFT и доллар себя дискредитировали, заявила Матвиенко ",11:36 01.08.2024,https://ria.ru/20240801/dollar-1963386190.html,Матвиенко: платежная система SWIFT и доллар себя дискредитировали,"Экономика,Технологии,Россия,Валентина Матвиенко,БРИКС,SWIFT,Совет Федерации РФ,В мире"
Таджикистан планирует наладить собственное производство электромобилей ,10:57 01.08.2024,https://ria.ru/20240801/tadzhikistan-1963374743.html,Министр: Таджикистан планирует наладить собственное производство электрокаров,"Экономика,Технологии,Таджикистан"
"Под Новосибирском ввели в строй вторую очередь ТЛЦ ""Сибирский"" ",07:18 01.08.2024,https://ria.ru/20240801/tlts-1963345122.html,В Новосибирске открыли вторую очередь ТЛЦ для обработки контейнерных поездов,"Экономика,Технологии,Россия,Дальний Восток,Новосибирская область,Андрей Белоусов,Анатолий Серышев"
KMZ завершил испытания гусеничных модулей для геологоразведки ,03:19 01.08.2024,https://ria.ru/20240801/kmz-1963334256.html,Холдинг KMZ завершил испытания гусеничных модулей для геологоразведки,"Экономика,Технологии,Россия,Научно-исследовательский автомобильный и автомоторный институт ""НАМИ"",Министерство промышленности и торговли РФ (Минпромторг России)"
Росконгресс оценил расходы на информбезопасность в 2024 году ,01:58 31.07.2024,https://ria.ru/20240731/roskongress-1963055837.html,Росконгресс: кибербезопасность в 2024 году превысит 200 миллиардов долларов,"Экономика,Технологии,ООН,БРИКС,ШОС"
"Песков рассказал о роли ""Ростеха"" в оборонной промышленности ",13:07 30.07.2024,https://ria.ru/20240730/rostekh-1962904785.html,"Песков: ""Ростех"" играет абсолютно решающую роль в оборонной промышленности","Экономика,Россия,Дмитрий Песков,Владимир Путин,Сергей Чемезов,Ростех,Технологии"
Глава Росстандарта рассказал о темпах обновления ГОСТов в ОПК ,10:33 30.07.2024,https://ria.ru/20240730/tempy-1962863749.html,Шалаев: темпы разработки и обновления ГОСТов в ОПК выросли в пять раз,"Экономика,Технологии,Федеральное агентство по техническому регулированию и метрологии (Росстандарт)"
Россия строится на руинах Британии ,08:00 30.07.2024,https://ria.ru/20240730/velikobritaniya-1962801162.html,None,"Аналитика,Экономика,Технологии,Россия,Великобритания,Китай,Дональд Трамп,Tata Steel,Евросоюз"
ЦБ рассказал о финансовых пирамидах в России ,16:43 29.07.2024,https://ria.ru/20240729/ekonomika-1962737102.html,ЦБ: 60% финансовых пирамид в I полугодии привлекали средства в криптовалютах,"Экономика,Технологии,Россия,Центральный Банк РФ (ЦБ РФ)"
ОК и Банк России расскажут о финансовой грамотности и кулинарии ,12:20 29.07.2024,https://ria.ru/20240729/finansovaya_gramotnost-1962649870.html,None,"Экономика,Технологии,Центральный Банк РФ (ЦБ РФ),Одноклассники,Цены,Финансы,Кулинария"
В Москве начался первый в России конкурс инновационных решений для авиации ,11:54 29.07.2024,https://ria.ru/20240729/moskva-1962638011.html,В Москве стартовал технологический конкурс инновационных решений для авиации,"Экономика,Технологии,Россия,Москва"
"Эксперт рассказал, к чему привели первые санкции США против нефти России ",07:14 27.07.2024,https://ria.ru/20240727/sanktsii-1962323017.html,ИЭФ: санкции США подтолкнули нефтяную отрасль к реальному импортозамещению,"Экономика,Технологии,Россия,США,Алексей Громов,Санкции в отношении России"
В России создадут центр компетенций по разработке новых материалов ,11:00 26.07.2024,https://ria.ru/20240726/mishustin-1962103107.html,Мишустин поручил разработать механизм поддержки производителей критической химии,"Экономика,Технологии,Россия,Михаил Мишустин,Министерство промышленности и торговли РФ (Минпромторг России),Министерство финансов РФ (Минфин России),Министерство экономического развития РФ (Минэкономразвития России)"
Доходы разработчиков игр от рекламы в ОК выросли на 62% ,10:49 26.07.2024,https://ria.ru/20240726/dokhody-1962099073.html,None,"Экономика,Технологии,Россия,Одноклассники,Соцсети"
"""Русал"" создал сплав для высокоскоростных поездов ",17:57 25.07.2024,https://ria.ru/20240725/rusal-1962010077.html,"""Русал"" создал сплав для скоростных поездов, он на 12% долговечнее аналогов","Экономика,Технологии,Русал"
Видеоролики о российских продуктах в ОАЭ собрали более 280 тысяч просмотров ,17:45 25.07.2024,https://ria.ru/20240725/videoroliki-1962007633.html,None,"Экономика,Технологии,Россия,Дубай,ОАЭ,YouTube,Российский экспортный центр (РЭЦ),ВЭБ.РФ (ВЭБ)"
РЭЦ: более 90% предпринимателей заинтересованы в продажах на маркетплейсах ,18:23 24.07.2024,https://ria.ru/20240724/prodazhi-1961784758.html,None,"Экономика,Технологии,Россия,Москва,БРИКС,Ozon,Wildberries,Российский экспортный центр (РЭЦ),ВЭБ.РФ (ВЭБ)"
Эксперт рассказала о новых способах защиты клиентов банков от мошенников ,17:39 24.07.2024,https://ria.ru/20240724/ekspert-1961770757.html,"Эксперт: банки при анализе операций будут применять системы ""антимошенник""","Экономика,Технологии,Алла Храпунова"
Альфа-банк восстановил работу сервисов ,13:51 24.07.2024,https://ria.ru/20240724/alfa-bank-1961703323.html,Альфа-банк восстановил работу сервисов после сбоя из-за технических работ,"Экономика,Технологии,Альфа-банк,Газпромбанк,Росбанк"
Мишустин призвал применять российские разработки в работе компаний ,09:07 24.07.2024,https://ria.ru/20240724/mishustin-1961621262.html,Мишустин: российским разработкам сложно сразу конкурировать с мировыми аналогами,"Экономика,Технологии,Россия,Новосибирская область,Михаил Мишустин,Министерство промышленности и торговли РФ (Минпромторг России)"
Мишустин рассказал о создании реестра компаний в области промдизайна ,08:52 24.07.2024,https://ria.ru/20240724/mishustin-1961618664.html,Мишустин сообщил о скором внесении поправок для создания реестра промдизайнеров,"Экономика,Технологии,Россия,Михаил Мишустин"
Россия запретила въезд 13 гражданам Японии в ответ на санкции ,19:25 23.07.2024,https://ria.ru/20240723/sanktsii-1961558872.html,МИД России в ответ на санкции закрыл въезд 13 гражданам Японии,"Россия,Москва,Токио,Экономика,Технологии,Япония,Мария Захарова,Санкции в отношении России"
Эксперт прокомментировал усиление кибератак на российские банки ,17:26 23.07.2024,https://ria.ru/20240723/ekspert-1961527028.html,"Эксперт заявил об увеличении числа групп хакеров, атакующих российские банки","Экономика,Технологии,Росбанк,Райффайзенбанк"
Патрушев обсудил с врио губернатора Тульской области развитие АПК ,16:42 23.07.2024,https://ria.ru/20240723/patrushev-1961516520.html,Вице-премьер Патрушев обсудил с врио губернатора Тульской области развитие АПК,"Экономика,Технологии,Тульская область,Россия,Дмитрий Патрушев,Дмитрий Миляев,Владимир Путин"
Россия и Китай могут создать танкерный флот для работы на Севморпути ,16:14 23.07.2024,https://ria.ru/20240723/rossija-1961508939.html,Сечин: РФ и КНР совместно могут создать танкерный флот для работы на Севморпути,"Экономика,Россия,Баренцево море,Берингов пролив,Игорь Сечин,Роснефть,Технологии,Китай"
Конференция инфраструктуры поддержки экспорта стартовала в Самаре ,15:36 23.07.2024,https://ria.ru/20240723/konferentsiya-1961496474.html,None,"Экономика,Технологии,Самарская область,Самара,Россия,Росэксимбанк,Российский экспортный центр (РЭЦ),ВЭБ.РФ (ВЭБ),Экспорт"
"В МТС оценили, готово ли общество к появлению человекоподобных роботов ",14:54 23.07.2024,https://ria.ru/20240723/mts-1961479704.html,Вице-президент МТС Черешнев: общество и институты не готовы к появлению роботов,"Экономика,Технологии,Илон Маск"
Мишустин подчеркнул важность импортозамещения в сфере станкостроения ,08:45 23.07.2024,https://ria.ru/20240723/mishustin-1961369570.html,Мишустин назвал импортозамещение в сфере станкостроения важнейшей задачей,"Экономика,Технологии,Россия,Хабаровск,Белоруссия,Михаил Мишустин"
"Цифровой рубль станет массовым явлением в 2026 году, заявил Аксаков ",18:38 22.07.2024,https://ria.ru/20240722/aksakov-1961305972.html,Аксаков: цифровой рубль станет довольно массовым явлением в 2026 году,"Экономика,Технологии,Россия,Анатолий Аксаков,Госдума РФ"
Магистрантка ТГУ выиграла грант на создание умного курятника ,07:28 22.07.2024,https://ria.ru/20240722/kuryatnik-1961124189.html,Магистрантка ТГУ Оксана Базаева выиграла грант на создание умного курятника,"Экономика,Россия,Технологии"
Эксперт оценил перспективы применения цифрового рубля в бюджетной сфере ,04:51 22.07.2024,https://ria.ru/20240722/rubl-1961116838.html,Эксперт Шишмаков: использование цифрового рубля возможно в бюджетной сфере,"Экономика,Технологии,Россия,Китай,Чанша,Владимир Путин,Антон Силуанов,Санкт-Петербургский государственный университет,Министерство финансов РФ (Минфин России)"
"В ЦБ рассказали, сколько времени займут операции с цифровым рублем ",17:30 19.07.2024,https://ria.ru/20240719/tsifrovoy-rubl-1960798288.html,ЦБ: операции с цифровыми рублями будут осуществляться максимум за 10 секунд,"Технологии,Россия,Общество,Экономика"
Более 150 компаний наладили контакты на Российско-китайском деловом дне ,16:24 19.07.2024,https://ria.ru/20240719/kontakty-1960774115.html,None,"Экономика,Технологии,Россия,Китай,Москва,Чжан Ханьхуэй,Вероника Никишина,Российский экспортный центр (РЭЦ),ВЭБ.РФ (ВЭБ),Бренд Сделано в России (Made in Russia)"
"РЭЦ и китайская ""Хуамин"" заключили меморандум о сотрудничестве ",14:19 19.07.2024,https://ria.ru/20240719/memorandum-1960725307.html,None,"Российский экспортный центр (РЭЦ),Экономика,Технологии,Россия,Китай,Вероника Никишина,ВЭБ.РФ (ВЭБ)"
Эксперт оценил возможный ущерб для компаний из-за IT-сбоя ,13:53 19.07.2024,https://ria.ru/20240719/ekspert-1960716929.html,"Эксперт: сбой Microsoft финансово больнее заденет мировые банки, чем авиаотрасль","Экономика,Технологии,Руслан Пермяков,Microsoft Corporation,Томский университет систем управления и радиоэлектроники,Глобальный сбой в работе банков и авиакомпаний"
"Российский транспорт ""проехал"" мировой IT-сбой без остановок ",13:00 19.07.2024,https://ria.ru/20240719/sboy-1960694737.html,"Опрос компаний показал,  что массовый IT-сбой не коснулся российского транспорта","Экономика,Технологии,Россия,Microsoft Corporation,Глобальный сбой в работе банков и авиакомпаний"
Т-Банк сообщил о проблемах в работе мобильного приложения ,12:48 19.07.2024,https://ria.ru/20240719/t-bank-1960690986.html,Т-Банк сообщил о проблемах с переводами и платежами в мобильном приложении,"Глобальный сбой в работе банков и авиакомпаний,Технологии,Экономика,Россия"
Глобальный IT-сбой не повлиял на работу ВТБ ,12:26 19.07.2024,https://ria.ru/20240719/vtb-1960683182.html,ВТБ: глобальный IT-сбой не повлиял на работоспособность сервисов группы,"Экономика,Технологии,Глобальный сбой в работе банков и авиакомпаний,Россия"
Сбой Microsoft не повлиял на российские энергосистемы ,11:55 19.07.2024,https://ria.ru/20240719/sboj-1960672106.html,СО ЕЭС: сбой в работе Microsoft не повлияет на работу энергосистем в России,"Экономика,Технологии,Россия,Microsoft Corporation,СО ЕЭС,Общество,Глобальный сбой в работе банков и авиакомпаний"
Эксперты оценили последствия глобального сбоя Microsoft для России ,11:46 19.07.2024,https://ria.ru/20240719/sboy-1960667680.html,Эксперты: Россию вряд ли коснется глобальный сбой у Microsoft,"Экономика,Технологии,Россия,Microsoft Corporation"
Минцифры прокомментировало ситуацию со сбоем у Microsoft ,11:40 19.07.2024,https://ria.ru/20240719/sboy-1960665543.html,Минцифры: ситуация со сбоем у Microsoft показывает важность импортозамещения ПО,"Экономика,Технологии,Россия,Microsoft Corporation,Глобальный сбой в работе банков и авиакомпаний"
"Сбой Windows не затронул работу российских АЭС, сообщил оператор ",11:31 19.07.2024,https://ria.ru/20240719/rosenergoatom-1960662295.html,"""Росэнергоатом"": сбой Windows не затронул работу российских АЭС","Экономика,Россия,Росэнергоатом,Государственная корпорация по атомной энергии ""Росатом"",Технологии"
Туалетная бумага с отечественной смываемой втулкой появится в магазинах ,10:45 19.07.2024,https://ria.ru/20240719/bumaga-1960647745.html,Туалетная бумага с первой отечественной смываемой втулкой появится в магазинах,"Экономика,Технологии,Россия"
"РЭЦ поддерживает воронежскую компанию ""Арредо"" в увеличении экспорта ",15:12 18.07.2024,https://ria.ru/20240718/podderzhka-1960492371.html,None,"Экономика,Технологии,Россия,Белгород,Казахстан,Росэксимбанк,Экспорт,Воронеж"
Шувалов рассказал о мечте увидеть мост между материком и Сахалином ,11:01 18.07.2024,https://ria.ru/20240718/shuvalov-1960423494.html,Шувалов: мечтаю при жизни увидеть работающий мост между материком и Сахалином,"Экономика,Технологии,Сахалин,Россия,Сахалинская область,Игорь Шувалов,Владимир Путин,Светлана Чупшева,Агентство стратегических инициатив (АСИ)"
На Сахалине успешно протестировали систему отслеживания дронов ,21:30 17.07.2024,https://ria.ru/20240717/sahalin-1960363371.html,Минтранс: на Сахалине успешно протестировали систему отслеживания беспилотников,"Экономика,Технологии,Россия,Сахалин,ЭРА-ГЛОНАСС"
Путин назвал цифровые валюты динамичным и перспективным направлением ,15:51 17.07.2024,https://ria.ru/20240717/putin-1960271719.html,Путин: цифровые валюты становятся все более востребованными в мире,"Экономика,Технологии,Россия,Владимир Путин"
Росфинмониторинг назвал расчеты в криптовалюте весьма рискованными ,14:43 17.07.2024,https://ria.ru/20240717/kriptovalyuta-1960250948.html,"Росфинмониторинг: расчеты в криптовалюте надо запускать, хотя они рискованны","Экономика,Технологии,Россия,Юрий Чиханчин,Федеральная служба по финансовому мониторингу (Росфинмониторинг),Совет Федерации РФ"
Карты UnionPay Газпромбанка работают за рубежом без перебоев ,14:32 17.07.2024,https://ria.ru/20240717/karta-1960247105.html,Карты UnionPay Газпромбанка работают за рубежом без перебоев ,"Экономика,Технологии,Россия,Газпромбанк,Россельхозбанк"
Путин высоко оценил работу платформы цифрового рубля ,13:52 17.07.2024,https://ria.ru/20240717/putin-1960233876.html,Путин: платформа цифрового рубля в рамках пилота показала свою функциональность,"Россия,Экономика,Технологии,Владимир Путин"
Путин на совещании предложил обсудить использование цифровых валют ,13:47 17.07.2024,https://ria.ru/20240717/putin-1960232706.html,Путин предложил обсудить вопросы использования цифровых валют в финансовой сфере,"Экономика,Россия,Владимир Путин,Технологии"
"Дунаевский сменил Савиновского на посту гендиректора ""Кинопоиска"" ",11:36 17.07.2024,https://ria.ru/20240717/kinopoisk-1960197514.html,"Александр Дунаевский стал гендиректором ""Кинопоиск"", сменив Артема Савиновского","Кинопоиск,Газпром-Медиа Холдинг,Экономика"
В России появился первый органический сидр ,06:24 17.07.2024,https://ria.ru/20240717/sidr-1960158595.html,Роскачество сертифицировало первого производителя органического сидра,"Экономика,Технологии,Россия,Калужская область,Роскачество"
"Платформа ""Кифа"" рассматривает одно или два корпоративных приобретения ",18:56 16.07.2024,https://ria.ru/20240716/priobreteniya-1960101356.html,None,"Экономика,Технологии,Россия,Китай,IT-ресурсы"
Экономист назвал неожиданный инструмент для рывка экономики ,02:17 16.07.2024,https://ria.ru/20240716/instrument-1959906115.html,Экономист Москвитин: чеболизация может пойти на пользу российской экономике,"Экономика,Технологии,Южная Корея,Россия,Высшая школа экономики (ВШЭ)"
"Волож возглавит Yandex N.V. после продажи ""Яндекса"", пишут СМИ ",20:15 15.07.2024,https://ria.ru/20240715/volozh-1959874787.html,"Блумберг: Волож возглавит оставшуюся после продажи ""Яндекса"" Yandex N.V","Экономика,Нидерланды,Аркадий Волож,Яндекс,Технологии"
Путин сообщил о росте инвестиций в новые проекты в металлургической отрасли ,14:44 15.07.2024,https://ria.ru/20240715/putin-1959773777.html,Путин: в металлургической отрасли  продолжается рост инвестиций в новые проекты,"Экономика,Владимир Путин,Россия,Технологии"
"Металлургическая отрасли становится более высокотехнологичной, заявил Путин ",14:43 15.07.2024,https://ria.ru/20240715/putin-1959773477.html,Путин: высокотехнологичная металлургическая отрасли открывает новые возможности,"Экономика,Россия,Владимир Путин,Технологии"
Эксперт спрогнозировал рост дефицита центров обработки данных из-за ИИ ,07:37 15.07.2024,https://ria.ru/20240715/obrabotka_dannykh-1959684508.html,Эксперт Абакумов: дефицит центров обработки данных усилится из-за развития ИИ,"Россия,Удомля,Экономика,Государственная корпорация по атомной энергии ""Росатом"""
Выпуск комплектующих для автотранспорта в Костромской области вырос  ,15:39 14.07.2024,https://ria.ru/20240714/komplektuyuschie-1959589527.html,"Выпуск комплектующих для автотранспорта в Костромской области вырос на 64,2%","Костромская область,Экономика,Технологии,Костромская область,Россия,Сергей Ситников,СНГ,Федеральная служба государственной статистики (Росстат)"
"YouTube сам избрал свой путь на российском рынке, заявил Песков ",13:04 12.07.2024,https://ria.ru/20240712/youtube-1959216065.html,"Песков: Москва жалеет о пути, который YouTube избрал на российском рынке","Экономика,Технологии,Москва,Россия,Дмитрий Песков,YouTube,Ростелеком,Google"
"СМИ: в Центробанке раскрыли, что может стать причиной блокировки перевода ",09:06 12.07.2024,https://ria.ru/20240712/rossiya-1959141202.html,"РБК: в ЦБ рассказали, почему перевод могут заблокировать из-за звонка или СМС","Экономика,Технологии,Центральный Банк РФ (ЦБ РФ)"
РЭЦ начнет прием заявок на компенсацию затрат на участие в выставках ,15:56 11.07.2024,https://ria.ru/20240711/kompensatsii-1959016680.html,None,"Российский экспортный центр (РЭЦ),ВЭБ.РФ (ВЭБ),Экономика,Технологии,Россия,компенсации"
В ВТБ назвали одну из перспектив цифрового рубля ,01:45 11.07.2024,https://ria.ru/20240711/vtb-1958869084.html,Зампред ВТБ: одной из перспектив цифрового рубля стали трансграничные расчеты,"Экономика,Технологии,Россия"
"""Росатом"": кооперация на IT-платформах поможет компаниям обойти конкурентов ",19:49 10.07.2024,https://ria.ru/20240710/rosatom-1958826306.html,None,"Экономика,Технологии,Россия,Екатеринбург,Илья Массух,Государственная корпорация по атомной энергии ""Росатом"",Министерство промышленности и торговли РФ (Минпромторг России),ИИ,Искусственный интеллект (ИИ),Цифровизация"
"""ЛК"" и Gravity Group разработают приложения для KasperskyOS ",18:18 10.07.2024,https://ria.ru/20240710/laboratorija-1958816308.html,"""ЛК"" и Gravity Group будут вместе разрабатывать приложения для KasperskyOS","Экономика,Технологии,Лаборатория Касперского,Россия"
Оборудование для маркировки напитков начнут поставлять в Узбекистан ,14:27 10.07.2024,https://ria.ru/20240710/oborudovanie-1958742315.html,None,"Департамент инвестиционной и промышленной политики города Москвы,Экономика,Технологии,Узбекистан,Россия,Казахстан,Анатолий Гарбузов,СНГ,Содружество"
На Кубани появятся промпарки в сфере сельхозмашиностроения и вагоностроения ,23:53 09.07.2024,https://ria.ru/20240709/promparki--1958643075.html,None,"Краснодарский край,Экономика,Технологии,Краснодарский край,Кропоткин,Екатеринбург,Вениамин Кондратьев"
Россия и Индия будут работать над запуском транспортных коридоров ,18:48 09.07.2024,https://ria.ru/20240709/zayavlenie-1958595533.html,"РФ и Индия готовы запустить коридоры ""Владивосток – Ченнаи"" и ""Север – Юг""","Экономика,Технологии,Россия,Индия"
Индия призвала российские компании запускать производства в стране ,18:12 09.07.2024,https://ria.ru/20240709/zayavlenie-1958584318.html,В Индии призвали российские компании запускать производства в новых промзонах,"Индия,Дели,Экономика,Технологии,Россия"
Россия и Индия намерены стимулировать реализацию экономических проектов ,18:01 09.07.2024,https://ria.ru/20240709/zayavlenie-1958580525.html,РФ и Индия заявили о намерении стимулировать реализацию экономических проектов,"Экономика,Технологии,Россия,Индия,Владимир Путин,Нарендра Моди"
Мишустин пообещал пересмотреть поддержку проектов по обновлению транспорта ,14:29 09.07.2024,https://ria.ru/20240709/mishustin-1958500620.html,"Мишустин пообещал рассмотреть расширение поддержки проектов ""Мовисты"" в регионах","Экономика,Технологии,Россия,Курск,Ярославль,Михаил Мишустин"
Мишустин рассказал о механизме финансирования промпроектов ЕАЭС ,14:05 09.07.2024,https://ria.ru/20240709/mishustin-1958490803.html,"Мишустин: промпроекты ЕАЭС получат допсредства, если докажут свою эффективность","Экономика,Технологии,Россия,Екатеринбург,Михаил Мишустин,Евразийский экономический союз"
Южная Корея и ЮАР заинтересовались российским оборудованием для маркировки ,02:22 09.07.2024,https://ria.ru/20240709/koreja-1958395203.html,Южная Корея и ЮАР интересно российское оборудование для маркировки напитков,"Экономика,Технологии,Южная Корея,ЮАР,Белоруссия,СНГ"
"""Сколково"" поддерживает стартапы для крупных промпредприятий ",22:36 08.07.2024,https://ria.ru/20240708/skolkovo-1958376797.html,None,"Экономика,Технологии,Сколково,Фонд ""Сколково"""
Старовойт назвал строительство ВСМ новой эрой развития России ,19:40 08.07.2024,https://ria.ru/20240708/starovojt-1958346815.html,Глава Минтранса Старовойт назвал строительство ВСМ новой эрой развития России,"Экономика,Технологии,Россия,Москва,Санкт-Петербург,Роман Старовойт,Михаил Мишустин,Федеральное агентство железнодорожного транспорта (Росжелдор),Высокоскоростная магистраль"
"Пятнадцать компаний из Югры представлены на ""Иннопроме"" ",16:16 08.07.2024,https://ria.ru/20240708/jugra-1958271827.html,None,"Технологии,Нягань,Ханты-Мансийский автономный округ,Индия,Руслан Кухарук,Синергия,Иннопром,Экономика"
РЭЦ и ФЦПР ИИ объединились для продвижения отечественного ИТ-экспорта ,15:44 08.07.2024,https://ria.ru/20240708/prodvizhenie-1958263676.html,None,"Экономика,Россия,Технологии,Екатеринбург,Экспорт,ИИ,Искусственный интеллект (ИИ),Российский экспортный центр (РЭЦ),ВЭБ.РФ (ВЭБ)"
"Импортозамещение техрешений в закупочных процессах обсудили на ""Иннопроме"" ",15:28 08.07.2024,https://ria.ru/20240708/importozameschenie-1958253993.html,None,"Экономика,Технологии,маркетплейс,Импортозамещение,Иннопром"
Первый поезд для ВСМ между Москвой и Петербургом произведут в 2027 году ,10:31 08.07.2024,https://ria.ru/20240708/vsm-1958158578.html,На ВСМ между Москвой и Петербургом будут курсировать более 40 поездов,"Экономика,Москва,Санкт-Петербург,Россия,Александр Мишарин,РЖД,Уральские локомотивы,ГТЛК"
В Екатеринбурге показали макет головного вагона высокоскоростного поезда ,08:33 08.07.2024,https://ria.ru/20240708/ekaterinburg-1958130146.html,"Макет вагона российского поезда ВСМ впервые показали на ""Иннопроме""","Экономика,Технологии,Москва,Санкт-Петербург,Александр Мишарин,Олег Белозеров,РЖД,Екатеринбург"
"На Кубани почти 4,5 тысячи сотрудников освоили бережливое производство ",02:01 06.07.2024,https://ria.ru/20240706/kuban-1957807338.html,"На Кубани 4,5 тысячи сотрудников освоили технологии бережливого производства","Краснодарский край,Экономика,Технологии,Краснодарский край,Россия"
"""Форум будущего БРИКС. Облачные города"" пройдет 18-19 сентября в Москве ",20:14 05.07.2024,https://ria.ru/20240705/forum-1957769366.html,None,"Экономика,Технологии,Москва,Ближний Восток,Азия,БРИКС,СНГ,Наука и инновации"
Лимаренко презентовал успешные практики Сахалина в сфере управления ,05:36 05.07.2024,https://ria.ru/20240705/mediasammit-1957541798.html,Губернатор Лимаренко презентовал на МедиаСаммите 2.0 успешные практики Сахалина,"Экономика,Технологии,Сахалинская область,Россия,Южно-Сахалинск,Валерий Лимаренко,Владимир Путин,Виталий Савельев,Сахалин"
ГТЛК тестирует демоверсию маркетплейса дронов ,04:36 05.07.2024,https://ria.ru/20240705/drony-1957538222.html,"ГТЛК тестирует демоверсию маркетплейса отечественных беспилотников ""Налетай.рф""","Экономика,Технологии,Россия,Евгений Дитрих,Владимир Путин,ГТЛК"
В Минпромторге заявили о необходимости новой индустриализации ,07:33 04.07.2024,https://ria.ru/20240704/industrializatsiya-1957255995.html,Замглавы Минпромторга: Россия нуждается в новой полноценной индустриализации,"Экономика,Россия,Василий Осьмаков,Министерство промышленности и торговли РФ (Минпромторг России)"
В Минпромторге рассказали о новом механизме стимулирования роботизации ,06:08 04.07.2024,https://ria.ru/20240704/robospik-1957252364.html,"Минпромторг: механизм ""РобоСПИК"" может заработать в начале 2025 года","Экономика,Технологии,Россия,Василий Осьмаков,Антон Алиханов,Министерство промышленности и торговли РФ (Минпромторг России),Министерство финансов РФ (Минфин России)"
Цифровизация укрепит российско-китайскую торговлю и поможет обойти санкции ,19:07 03.07.2024,https://ria.ru/20240703/rets-1957203457.html,None,"Экономика,Технологии,Россия,Китай,Ляонин,Виталий Манкевич,Российский экспортный центр (РЭЦ),БРИКС,ВЭБ.РФ (ВЭБ),МИА ""Россия сегодня"""
Липецкие компании экспортировали на $300 млн при поддержке РЭЦ в 2024 году ,16:40 03.07.2024,https://ria.ru/20240703/eksportirt-1957161533.html,None,"Экономика,Липецкая область,Россия,Технологии,Российский экспортный центр (РЭЦ),ВЭБ.РФ (ВЭБ),Экспорт"
Глава Института развития интернета  прокомментировал введение санкций ЕС ,10:02 30.06.2024,https://ria.ru/20240630/sanktsii-1956415256.html,"Гендиректор ИРИ о санкциях ЕС: это признание того, что мы все делаем правильно","Экономика,Технологии,Алексей Гореславский,Евросоюз,Институт развития интернета,Еврокомиссия,Санкции в отношении России"
Гонконг нарастил закупки российских алмазов почти в 20 раз ,09:10 30.06.2024,https://ria.ru/20240630/almazy-1956408931.html,Гонконг за пять месяцев увеличил импорт алмазов из России в 18 раз,"Экономика,Гонконг,Россия,Индия"
Мишустин отметил устойчивый рост судостроительной отрасли ,08:36 29.06.2024,https://ria.ru/20240629/mishustin-1956267813.html,"Мишустин отметил устойчивый рост отрасли, несмотря на внешние ограничения","Россия,Михаил Мишустин,Экономика"
"""Гжель"" к 2026 году выпустит до 140 тысяч изделий для экспорта в Китай ",12:21 28.06.2024,https://ria.ru/20240628/eksport-1956063308.html,None,"Твой бизнес,Экономика,Технологии,Китай,Московская область (Подмосковье),Шэньян,Твой бизнес – новости"
Эксперты: рост объемов ЦФА повышает защищенность всего финансового рынка ,09:54 28.06.2024,https://ria.ru/20240628/ekonomika-1956027618.html,Эксперты: ЦФА в сфере безопасности ориентируются на аналоги крупнейших банков,"Экономика,Технологии,Сколково,Интеррос,Московская биржа,Банки.ру"
ЦБ назвал задачи российского финансового рынка ,16:09 26.06.2024,https://ria.ru/20240626/tsb-1955624669.html,"Чистюхин назвал задачи, которые российский финансовый рынок должен решить","Экономика,Технологии,Россия,Владимир Чистюхин,Центральный Банк РФ (ЦБ РФ),СНГ,Петербургский международный юридический форум"
В Кузбассе разработали новую технологию производства растительных масел ,13:24 26.06.2024,https://ria.ru/20240626/maslo-1955569203.html,Власти: технологию для производства растительных масел разработали в Кузбассе,"Экономика,Технологии,Юрга,Сколково"
Сахалин принимает V Дальневосточный форум экологичного транспорта ,07:01 26.06.2024,https://ria.ru/20240626/forum-1955484813.html,None,"Экономика,Сахалин,Южно-Сахалинск,Сахалинская область,Россия,Технологии"
Эксперт оценил влияние санкций ЕС на работу СПФС ,12:12 25.06.2024,https://ria.ru/20240625/ekspert-1955286326.html,Эксперт: санкции ЕС против СПФС не повлияют на ее работу внутри России,"Экономика,Технологии,Санкт-Петербургский государственный университет,Евросоюз"
"Сайт Мосбиржи атаковали украинские хакеры, сообщил источник ",17:39 24.06.2024,https://ria.ru/20240624/khakery-1955125951.html,"Сайт Московской биржи атаковали хакеры из группировки ""IT-армия Украины""","Экономика,Технологии,Россия,Московская биржа,Газпромбанк"
Иран анонсировал запуск офшорного риала ,12:16 23.06.2024,https://ria.ru/20240623/iran-1954835069.html,ЦБ Ирана анонсировал скорый запуск офшорного риала в сделках с Россией,"Экономика,Технологии,Иран,Россия,Тегеран (город)"
Путин подписал закон о господдержке производителей беспилотников ,16:51 22.06.2024,https://ria.ru/20240622/gospodderzhka-1954748649.html,Путин подписал закон о господдержке разработчиков и производителей беспилотников,"Экономика,Технологии,Россия,Владимир Путин,Министерство промышленности и торговли РФ (Минпромторг России)"
Путин подписал закон о стимулировании развития инжиниринговых услуг ,15:01 22.06.2024,https://ria.ru/20240622/putin-1954729702.html,Путин подписал закон для развития инжиниринга и промышленного дизайна,"Экономика,Технологии,Россия,Владимир Путин,Министерство промышленности и торговли РФ (Минпромторг России)"
"В ""Лаборатории Касперского"" отреагировали на внесение в список санкций США ",23:09 21.06.2024,https://ria.ru/20240621/sanktsii-1954642359.html,"""Лаборатория Касперского"": санкции США не повлияют на устойчивость бизнеса","США,Лаборатория Касперского,Санкции,Санкции в отношении России,Экономика,Министерство финансов США,Андрей Тихонов,Россия,Технологии"
США ввели санкции против 12 россиян ,17:14 21.06.2024,https://ria.ru/20240621/sanktsii-1954578363.html,"Минфин США ввел санкции против руководства ""Лаборатории Касперского""","США,Экономика,Лаборатория Касперского,Россия,Санкции в отношении России,Технологии"
Эксперты оценили требования к российским мобильным ОС ,17:03 21.06.2024,https://ria.ru/20240621/operatory-1954574592.html,Эксперты: ужесточение требований к российским мобильным ОС облегчит развитие,"Экономика,Технологии,Министерство промышленности и торговли РФ (Минпромторг России)"
Набиуллина рассказала о новых схемах мошенников ,15:25 21.06.2024,https://ria.ru/20240621/nabiullina-1954541673.html,Набиуллина: среди мошенников в России набирают популярность схемы с кредитами,"Экономика,Технологии,Россия,Эльвира Набиуллина,Центральный Банк РФ (ЦБ РФ)"
В России запустили конкурс лучших практик стран БРИКС ,15:22 21.06.2024,https://ria.ru/20240621/konkurs-1954540165.html,В России запустили конкурс лучших практик стран БРИКС в сфере экономики,"Экономика,Технологии,Россия,Москва,Сергей Катырин,БРИКС,Торгово-промышленная палата РФ,Центр международной торговли"
"В Кремле прокомментировали санкции США против ""Лаборатории Касперского"" ",14:02 21.06.2024,https://ria.ru/20240621/peskov-1954513758.html,"Песков назвал ограничения США против ""Лаборатории Касперского"" несправедливыми","Экономика,Технологии,США,Россия,Дмитрий Песков,Лаборатория Касперского,Санкции в отношении России"
Китай назвал торговое сотрудничество с Россией законным правом ,11:02 21.06.2024,https://ria.ru/20240621/kitay-1954453854.html,МИД КНР: Китай осуществляет нормальное торговое сотрудничество с Россией,"Экономика,Технологии,Китай,Россия,Япония,Есимаса Хаяси,Санкции в отношении России"
В Национальной системе платежных карт сообщили о DDos-атаках на СБП ,16:49 20.06.2024,https://ria.ru/20240620/sbp-1954310919.html,"НСПК: система быстрых платежей работает в штатном режиме, несмотря на DDoS-атаки","Экономика,Технологии,Система быстрых платежей (СБП)"
"Макет головного вагона высокоскоростного поезда покажут на ""Иннопроме"" ",15:21 20.06.2024,https://ria.ru/20240620/poezd-1954271313.html,"На ""Иннопроме"" покажут вагон российского поезда ВСМ в натуральную величину","Экономика,Технологии,Москва,Санкт-Петербург,Александр Мишарин,Олег Белозеров,Владимир Путин,РЖД"
Доля юаня в расчетах через SWIFT снижается ,09:18 20.06.2024,https://ria.ru/20240620/yuan-1954151782.html,Доля юаня в расчетах через SWIFT снижается второй месяц подряд,"Экономика,Технологии,Россия,Китай,Индия,SWIFT"
"Россия рассчитывает на активную работу вьетнамских инвесторов, заявил Путин ",18:57 19.06.2024,https://ria.ru/20240619/putin-1954078930.html,Путин: РФ рассчитывает на активизацию вьетнамских инвесторов на российском рынке,"Экономика,Россия,Вьетнам,Калужская область,Владимир Путин,Технологии"
Wildberries и Группа Russ объявляют об объединении ,20:36 18.06.2024,https://ria.ru/20240618/platforma-1953807440.html,Wildberries и Russ объединятся для создания платформы для продвижения бизнеса,"Экономика,Технологии,Россия,Юг,Азия,Wildberries,СНГ"
Nvidia стала самой дорогой компанией в мире ,20:25 18.06.2024,https://ria.ru/20240618/nvidia-1953805884.html,Nvidia обогнала Microsoft и стала самой дорогой компанией в мире,"Экономика,Технологии,Санта-Клара,Калифорния,Microsoft Corporation,Apple"
РЭЦ: более 120 партнеров обеспечивают доставку грузов по миру ,14:46 18.06.2024,https://ria.ru/20240618/rets-1953679846.html,None,"Россия,Экономика,Российский экспортный центр (РЭЦ),РЖД,Технологии,доставка,ВЭБ.РФ (ВЭБ)"
В App Store появилось новое мобильное приложение для клиентов Сбербанка ,09:18 18.06.2024,https://ria.ru/20240618/sberbank-1953574547.html,"Сбербанк: ""Умный Онлайн"" появился в App Store","Экономика,Технологии,Сбербанк России,Сбер"
"Группа ГМС вложит 11,9 млрд рублей в локализацию сверхмощных компрессоров ",18:45 17.06.2024,https://ria.ru/20240617/kompressory-1953495816.html,None,"Технологии,Россия,Группа ГМС,Новатэк,Государственная корпорация по атомной энергии ""Росатом"",Экономика"
"ФАС повысила тарифы на пересылку писем и бандеролей ""Почты России"" ",17:58 17.06.2024,https://ria.ru/20240617/pochta-1953493110.html,"ФАС утвердила повышение тарифов на пересылку писем и бандеролей ""Почты России""","Экономика,Технологии,Россия,Федеральная антимонопольная служба (ФАС России),Почта России"
"Стало известно, какие виды транспорта выпускаются в ОЭЗ ""Технополис Москва"" ",12:03 15.06.2024,https://ria.ru/20240615/moskva-1953094544.html,None,"Департамент инвестиционной и промышленной политики города Москвы,Экономика,Москва,Максим Ликсутов,Сергей Собянин,Владислав Овчинский,Ульяновский автомобильный завод (УАЗ)"
Предприятия Москвы повышают производство благодаря бережливым технологиям ,12:03 14.06.2024,https://ria.ru/20240614/ekonomika-1952834619.html,None,"Департамент инвестиционной и промышленной политики города Москвы,Экономика,Технологии,Москва,Владислав Овчинский"
Торгпред дал совет компаниям из КНР для укрепления позиций на рынке России  ,08:58 14.06.2024,https://ria.ru/20240614/torgpred-1952770016.html,Торгпред: компании КНР укрепят позиции на рынке путем локализации производства,"Экономика,Технологии,Китай,Россия,Иркутская область"
Медведев заявил о переходе к новому типу международного сотрудничества ,00:23 14.06.2024,https://ria.ru/20240614/medvedev-1952743954.html,Медведев: переход к новым схемам выделения зарубежной помощи будет постепенным,"Экономика,Технологии,Россия,Дмитрий Медведев,Новый банк развития,Единая Россия,ООН"
В БРИКС предложили ввести децентрализованную систему международных платежей ,18:26 13.06.2024,https://ria.ru/20240613/platezhi-1952675411.html,В БРИКС предложили создать децентрализованную систему международных платежей,"Экономика,Технологии,Россия,БРИКС"
"Наступило время для развития отечественных брендов, считает эксперт ",16:50 13.06.2024,https://ria.ru/20240613/brendy-1952632333.html,Кузнецова: наступило уникальное время для развития отечественных брендов,"Экономика,Технологии,Россия"
Британия ввела санкции против пяти иностранных компаний за связи с Россией ,16:06 13.06.2024,https://ria.ru/20240613/sanktsii-1952618309.html,Британия ввела санкции против пяти компаний из третьих стран за связи с Россией,"Экономика,Технологии,ОАЭ,Великобритания,Китай,Санкции в отношении России,Россия"
Генпрокуратуру попросили проверить Nestle и Mondelez на финансирование ВСУ ,14:42 13.06.2024,https://ria.ru/20240613/lugovoy-1952588039.html,Депутат Луговой попросил проверить Nestle и Mondelez на финансирование ВСУ,"Экономика,Технологии,Россия,Украина,США,Андрей Луговой,Игорь Краснов,Nestle S.A.,Вооруженные силы Украины,Mondelez International Inc"
В Госдуме одобрили проект о технологической политике в России ,11:40 13.06.2024,https://ria.ru/20240613/gosduma-1952526270.html,Комитет ГД рекомендовал принять в I чтении проект о технологической политике,"Экономика,Технологии,Россия,Максим Решетников,Владимир Путин,Госдума РФ"
Дроздов: ВЭБ.РФ может соединять крупный бизнес и технологические стартапы   ,09:00 13.06.2024,https://ria.ru/20240613/drozdov-1952289203.html,None,"Экономика,Россия,Сколково,ПМЭФ,ВЭБ.РФ (ВЭБ),Технологии"
"Новые санкции США не повлияют на работу ПСБ, заявили в банке ",22:49 12.06.2024,https://ria.ru/20240612/psb-1952448810.html,ПСБ: новые санкции США не влияют на работу банка и не скажутся на клиентах,"Экономика,Технологии,США,Санкции в отношении России"
"Эксперт раскрыл, как запрет США на оказание IT-услуг повлияет на iPhone ",19:35 12.06.2024,https://ria.ru/20240612/ekspert-1952424477.html,Эксперт: запрет США на оказание IT-услуг в РФ не затронет работу iPhone,"Экономика,Технологии,Россия,Денис Кусков,Руслан Пермяков,Министерство финансов США"
"Первый производственный корпус ОЭЗ ""Новгородская"" запущен ",19:13 12.06.2024,https://ria.ru/20240612/oez-1952421610.html,None,"Экономика,Великий Новгород,Технологии,Россия,Михаил Мишустин,Максим Орешкин,Андрей Никитин (политик),Новгородская область"
Apple вновь стала самой дорогой компанией в мире ,19:04 12.06.2024,https://ria.ru/20240612/apple-1952420028.html,"Apple обогнала по капитализации Microsoft, вновь стала самой дорогой компанией","Экономика,Технологии,Apple,Microsoft Corporation"
"В новый список санкций США вошли компании, связанные с IT и авиацией ",18:51 12.06.2024,https://ria.ru/20240612/sanktsii-1952418058.html,"Новые санкции США коснулись десятков российских компаний сферы IT, авиации, НИИ","Экономика,Технологии,США,Россия,Согаз,Газпром,Санкции в отношении России"
В Госдуме призвали не рассчитывать на большой заработок в Hamster Combat ,17:46 11.06.2024,https://ria.ru/20240611/hamstercombat-1952243516.html,Депутат Ткачев призвал относиться к Hamster Combat как к обычной игре,"Экономика,Госдума РФ,Технологии,Telegram"
Мишустин назвал машиностроение главным драйвером российской промышленности ,16:59 11.06.2024,https://ria.ru/20240611/mishustin-1952230123.html,Мишустин назвал машиностроение главным драйвером роста промышленности РФ,"Экономика,Россия,Михаил Мишустин"
"Программу по станкостроению и робототехнике расширят, заявил Мишустин ",16:53 11.06.2024,https://ria.ru/20240611/mishustin-1952228874.html,Мишустин: программа по станкостроению и робототехнике расширится до нацпроекта,"Экономика,Россия,Михаил Мишустин"
Герман Негляд: новые технологии в финансовой сфере – это благо и уязвимость ,13:49 11.06.2024,https://ria.ru/20240611/neglyad-1952169641.html,None,"ПМЭФ-2024,Интервью,Экономика,Технологии,Федеральная служба по финансовому мониторингу (Росфинмониторинг),Министерство финансов РФ (Минфин России),Крокус Сити Холл"
Росфинмониторинг призвал включить майнинговые пулы в антиотмывочную систему ,09:16 11.06.2024,https://ria.ru/20240611/rosfinmonitoring-1952106214.html,Росфинмониторинг: майнинговые пулы должны быть включены в антиотмывочную систему,"ПМЭФ-2024,Экономика,Технологии,Россия,Федеральная служба по финансовому мониторингу (Росфинмониторинг),Госдума РФ"
"Эксперт рассказал, почему бесполезно платить выкуп хакерам ",02:35 11.06.2024,https://ria.ru/20240611/khakery-1952084208.html,Эксперт Новиков: выплаты выкупа хакерам-вымогателям ни к чему не приводят,"ПМЭФ-2024,Экономика,Технологии,Positive Technologies,Россия"
В России работают около 60 тысяч активных интернет-магазинов ,01:09 11.06.2024,https://ria.ru/20240611/magaziny-1952081182.html,Глава АКИТ Соколов: в России работают около 60 тысяч активных интернет-магазинов,"ПМЭФ-2024,Экономика,Технологии,Россия,Ассоциация компаний интернет-торговли (АКИТ)"
На Кубани стивидорная компания внедрит бережливые технологии по нацпроекту ,00:52 11.06.2024,https://ria.ru/20240611/kuban-1952079834.html,В порту Темрюк на Кубани внедрят бережливые технологии для ускорения процессов,"Краснодарский край,Экономика,Темрюк,Краснодарский край,Технологии"
Посол Филиппин рассказал о работе над приемом платежей с российских карт ,11:43 10.06.2024,https://ria.ru/20240610/posol-1951903072.html,"Посол: Филиппины решают, как дать российским туристам возможность платить картой","Экономика,Технологии,Филиппины,Россия,Москва,Игорь Байлен (посол Филиппин в России),Visa, Inc.,MasterCard, Inc."
Двигатели Adria для АЭС получат нового производителя в России ,03:16 10.06.2024,https://ria.ru/20240610/adria-1951848119.html,KMZ провел реинжиниринг нескольких десятков позиций для ремонта двигателей Adria,"Технологии,Россия,Хорватия,Sulzer,Балтийский завод,Государственная корпорация по атомной энергии ""Росатом"",Экономика"
Эксперт призвал российских производителей БПЛА сотрудничать с китайскими ,11:02 09.06.2024,https://ria.ru/20240609/pmef-1951748476.html,Семенов: российским производителям дронов не надо соперничать с китайскими,"ПМЭФ-2024,Экономика,Технологии,Россия"
"Беспилотники должны стать обычными гаджетами в России, рассказал эксперт ",08:43 09.06.2024,https://ria.ru/20240609/pmef-1951731722.html,Эксперт Семенов: беспилотники должны стать обычными гаджетами в России,"ПМЭФ-2024,Экономика,Технологии,Россия"
"РЭЦ: блогеры могут внести вклад в продвижение бренда ""Сделано в России"" ",18:01 08.06.2024,https://ria.ru/20240608/blogery-1951678001.html,"РЭЦ: блогеры могут внести весомый вклад в продвижение бренда ""Сделано в России""","ПМЭФ-2024,Технологии,Китай,Россия,Санкт-Петербург,Анна Щербакова,БРИКС,Экономика"
"Эксперт рассказал, как снизить стоимость разработки, производства спутников ",11:03 08.06.2024,https://ria.ru/20240608/pmef-1951609899.html,Эксперт Алексеев: в России снизят стоимость разработки и производства спутников,"ПМЭФ-2024,Экономика,Технологии,Россия"
Минцифры хочет запретить бизнесу отправлять бумажные запросы в госорганы ,09:40 08.06.2024,https://ria.ru/20240608/pmef-1951596818.html,Минцифры запретит бизнесу отправлять запросы в госорганы на бумаге с 2025 года,"ПМЭФ-2024,Экономика,Максут Шадаев,Технологии"
Эксперт отметил готовность инвесторов вкладываться в аналоги зарубежного ПО ,04:32 08.06.2024,https://ria.ru/20240608/investory-1951575178.html,Эксперт Сметанин: инвесторы в РФ готовы вкладываться в аналоги зарубежного ПО,"ПМЭФ-2024,Экономика,Технологии,Россия"
Здунов оценил соглашение с Роскачеством по сертификации халяльной продукции ,02:01 08.06.2024,https://ria.ru/20240608/zdunov-1951569274.html,Здунов: соглашение с Роскачеством позволит расширить экспорт халяльной продукции,"Экономика,Технологии,Артем Здунов"
Число DDoS-атак на порталы ПМЭФ вдвое превысило показатели 2023 года ,23:08 07.06.2024,https://ria.ru/20240607/kiberataki-1951559982.html,"Ляпунов: все киберудары по инфраструктуре ПМЭФ и ""Солара"" были успешно отражены","ПМЭФ-2024,Экономика,Технологии,ГК «Солар» (ранее ""РТК-Солар""),Кибератаки"
В Тольятти будут производить суверенные ветроэнергетические установки ,22:05 07.06.2024,https://ria.ru/20240607/tolyatti-1951551750.html,None,"ПМЭФ-2024,Экономика,Россия,Технологии,Тольятти,Самарская область,Вячеслав Федорищев,Антон Алиханов"
Машиностроительный завод за 50 млрд руб построят в Калужской области ,21:24 07.06.2024,https://ria.ru/20240607/zavod-1951545410.html,None,"Калужская область,Технологии,Калужская область,Владислав Шапша,Максим Решетников,Россия,Брянская область,Экономика,ПМЭФ"
Федорищев обсудил развитие Самарской области с Чернышенко и Комаровым ,20:45 07.06.2024,https://ria.ru/20240607/razvitie-1951537516.html,None,"ПМЭФ-2024,Экономика,Технологии,Самарская область,Россия,Вячеслав Федорищев,Дмитрий Чернышенко,Игорь Комаров,АвтоВАЗ,ПМЭФ"
Эксперт: сотрудничество России и Индии перешло к гражданскому сектору ,20:29 07.06.2024,https://ria.ru/20240607/indiya-1951532472.html,FICCI: сотрудничество России и Индии перешло от обороны к гражданскому сектору,"ПМЭФ-2024,Экономика,Технологии,Индия,Россия"
Греф назвал самые важные темы из выступления Путина на ПМЭФ ,19:55 07.06.2024,https://ria.ru/20240607/gref-1951522436.html,"Греф: темы технологий, ИИ и обеспечения жильем в выступлении Путина очень важны","ПМЭФ-2024,Экономика,Технологии,Россия,Герман Греф,Владимир Путин,Сбербанк России"
Путин призвал производителей вооружения делать гражданскую продукцию ,17:31 07.06.2024,https://ria.ru/20240607/putin-1951462830.html,Путин: производители вооружения должны делать гражданскую продукцию,"ПМЭФ-2024,Россия,Технологии,Экономика,Владимир Путин"
"Россияне хотят покупать отечественные товары, заявил Путин ",16:27 07.06.2024,https://ria.ru/20240607/putin-1951421172.html,"Путин: люди хотят покупать отечественные, произведенные именно в России товары","ПМЭФ-2024,Экономика,Технологии,Россия,Владимир Путин"
"Путин призвал учитывать потенциал маркетплейсов в стратегии ""Почты России"" ",16:01 07.06.2024,https://ria.ru/20240607/putin-1951408206.html,"Путин призвал учитывать потенциал маркетплейсов в реализации стратегии ""Почты""","ПМЭФ-2024,Экономика,Россия,Владимир Путин,Почта России,Евразийский экономический союз"
Путин призвал подумать над рыночным механизмом для российских разработок ,15:51 07.06.2024,https://ria.ru/20240607/putin-1951403700.html,Путин: нужно подумать над мягким рыночным механизмом для российских разработок,"ПМЭФ-2024,Владимир Путин,Экономика,Россия,Технологии"
Путин призвал защищать интеллектуальную собственность разработчиков ,15:51 07.06.2024,https://ria.ru/20240607/putin-1951403573.html,Путин: защиту интеллектуальной собственности разработчиков необходимо обеспечить,"ПМЭФ-2024,Владимир Путин,Экономика,Россия,Технологии"
Путин поручил проработать допмеры поддержки российских разработчиков ПО ,15:47 07.06.2024,https://ria.ru/20240607/putin-1951401783.html,Путин: необходимо проработать допмеры поддержки российских разработчиков ПО,"ПМЭФ-2024,Владимир Путин,Экономика,Технологии,Россия"
В России изменят ставку по налогу на прибыль для IT-компаний ,15:46 07.06.2024,https://ria.ru/20240607/putin-1951401413.html,Путин: ставку в пять процентов по налогу на прибыль установят для IT-компаний,"ПМЭФ-2024,Экономика,Россия,Владимир Путин,Технологии"
"Россия планирует войти в число стран-лидеров по НИОКР, заявил Путин ",15:46 07.06.2024,https://ria.ru/20240607/niokr-1951401302.html,Путин: Россия за шесть лет планирует войти в число стран-лидеров по НИОКР,"ПМЭФ-2024,Россия,Экономика,Технологии,Владимир Путин"
Путин: нужно сформировать цифровые платформы в ключевых отраслях экономики ,15:45 07.06.2024,https://ria.ru/20240607/putin-1951400422.html,Путин: нужно к 2030 году сформировать цифровые платформы в ключевых отраслях,"ПМЭФ-2024,Владимир Путин,Экономика,Россия,Технологии"
"Путин заявил, что нужно подготовить специалистов для авиа- и судостроения ",15:39 07.06.2024,https://ria.ru/20240607/putin-1951397539.html,"Путин призвал подготовить специалистов для авиа, судостроения, ОПК, фармацевтики","ПМЭФ-2024,Экономика,Технологии,Россия,Владимир Путин"
Путин призвал производить больше потребительских товаров ,15:23 07.06.2024,https://ria.ru/20240607/tovary-1951387790.html,"Путин: россияне хотят покупать товары, произведенные не за рубежом","ПМЭФ-2024,Россия,Экономика,Технологии,Владимир Путин"
"Россия доказала готовность к технологическим преобразованиям, заявил Путин ",15:10 07.06.2024,https://ria.ru/20240607/putin-1951378885.html,Путин: Россия доказала высокий уровень готовности к техпреобразованиям,"ПМЭФ-2024,Владимир Путин,Россия,Технологии,Экономика"
Путин заявил о взрывном технологическом росте в мире ,15:09 07.06.2024,https://ria.ru/20240607/putin-1951377244.html,Путин: взрывной технологический рост в мире меняет все сферы жизни,"ПМЭФ-2024,Владимир Путин,Россия,В мире,Технологии,Экономика"
"ПСБ и ""Автоваз"" создадут совместное предприятие для лизинга автомобилей ",13:19 07.06.2024,https://ria.ru/20240607/predpriyatie-1951318377.html,None,"ПМЭФ-2024,Экономика,Технологии,Россия,Петр Фрадков,Максим Соколов,АвтоВАЗ,ПСБ (Банк ПСБ),Промсвязьбанк"
Юридические инструменты защиты экспортеров: опыт и предложения группы РЭЦ ,12:28 07.06.2024,https://ria.ru/20240607/yurisprudentsiya-1951291596.html,None,"ПМЭФ-2024,Экономика,Россия,Вероника Никишина,Технологии,Российский экспортный центр (РЭЦ),ВЭБ.РФ (ВЭБ)"
Объем экспортных сделок малого и среднего бизнеса за год вырос в три раза ,11:49 07.06.2024,https://ria.ru/20240607/eksport-1951277833.html,Объем экспортных сделок малого и среднего бизнеса в 2023 году вырос в три раза,"ПМЭФ-2024,Экономика,Технологии,Россия,Вероника Никишина,Сбер,Анатолий Попов"
Греф допустил потерю Россией места среди крупнейших экономик мира ,10:59 07.06.2024,https://ria.ru/20240607/gref-1951253321.html,Греф: Россия к 2030 году может потерять четвертое место среди экономик мира,"ПМЭФ-2024,Экономика,Технологии,Бразилия,Индонезия,Германия,Герман Греф,Сбербанк России"
"Глава АСИ рассказала о проекте ""Архипелаг"" ",10:16 07.06.2024,https://ria.ru/20240607/drony-1951238202.html,"Глава АСИ: ""Архипелаг"" позволяет найти новые сферы применения гражданских дронов","ПМЭФ-2024,Экономика,Технологии,Сахалин,Сахалинская область,Южно-Сахалинск,Светлана Чупшева,Агентство стратегических инициатив (АСИ),Национальная технологическая инициатива (НТИ)"
"Самарская область и ""Иннопрактика"" займутся геномной селекцией животных ",10:04 07.06.2024,https://ria.ru/20240607/selektsiya-1951233446.html,"Правительство Самарской области и компания ""Иннопрактика"" подписали соглашение","ПМЭФ-2024,Экономика,Технологии,Самарская область,Тульская область,Вячеслав Федорищев,Наталия Попова,Иннопрактика"
Руденя: в транспортном машиностроении у Верхневолжья есть свой эксклюзив ,09:36 07.06.2024,https://ria.ru/20240607/rudenya-1951224122.html,Руденя: Тверская область подписала соглашения по транспортному машиностроению,"Тверская область,Экономика,Технологии,Тверская область,Москва,Россия,Игорь Руденя,КСК"
"""Робоавиа"" запустит производство беспилотников в Ростовской области ",09:16 07.06.2024,https://ria.ru/20240607/bespilotniki-1951217817.html,"Губернатор Голубев: ""Робоавиа"" запустит производство беспилотников до конца года","ПМЭФ-2024,Экономика,Технологии,Ростовская область,Василий Голубев"
Чернышенко заявил о росте доверия к российским ученым ,09:04 07.06.2024,https://ria.ru/20240607/chernyshenko-1951215445.html,Вице-премьер Чернышенко: бизнес стал доверять российской науке,"ПМЭФ-2024,Экономика,Технологии,Россия,Дмитрий Чернышенко,Владимир Путин"
"ИИ ""Сбера"" использовал голос депутата Макарова без разрешения ",08:57 07.06.2024,https://ria.ru/20240607/gref-1951214008.html,"Греф: ИИ ""Сбера"" использовал голос депутата Макарова в ролике для ПМЭФ","ПМЭФ-2024,Экономика,Технологии,Россия,Андрей Макаров,Герман Греф,Антон Силуанов,Сбер,Госдума РФ,Центральный Банк РФ (ЦБ РФ)"
"Искусственный интеллект внесет вклад в ВВП России, уверен Греф ",08:38 07.06.2024,https://ria.ru/20240607/tekhnologii-1951212627.html,Греф: ИИ к 2030 году даст вклад в ВВП в размере от четырех до шести процентов,"ПМЭФ-2024,Экономика,Технологии,Россия,Герман Греф,Сбербанк России"
Великий Новгород готовится к Чемпионату высоких технологий ,00:36 07.06.2024,https://ria.ru/20240607/velikiy_novgorod-1951189074.html,Губернатор Никитин: Великий Новгород готовится к Чемпионату высоких технологий,"Экономика,Великий Новгород,Новгородская область,Россия,Андрей Никитин (политик),Сергей Кравцов,Технологии"
Сельхозпредприятие на Кубани увеличило выработку на 17% по нацпроекту ,23:51 06.06.2024,https://ria.ru/20240606/selkhozpredpriyatie-1951186442.html,None,"Краснодарский край,Экономика,Технологии,Краснодарский край"
Глава Ямала представил на ПМЭФ опыт модернизации аэропорта в Новом Уренгое ,23:44 06.06.2024,https://ria.ru/20240606/aeroport-1951184261.html,None,"Ямало-Ненецкий автономный округ,Экономика,Ямал,Дмитрий Артюхов,Новый Уренгой,Россия,Технологии,ПМЭФ"
Хромов: К 2030 году картами будут оплачивать лишь 20% покупок онлайн ,23:32 06.06.2024,https://ria.ru/20240606/karty-1951184564.html,None,"ПМЭФ-2024,Экономика,Санкт-Петербург,Технологии,Т-Банк (АО «Тинькофф Банк»)"
Моор: Тюменский нефтегазовый кластер помогает компаниям быстрее расти ,22:26 06.06.2024,https://ria.ru/20240606/klaster--1951176884.html,None,"Тюменская область,Экономика,Технологии,Россия,Александр Моор"
Великий Новгород готовится к Чемпионату высоких технологий ,22:21 06.06.2024,https://ria.ru/20240606/chempionat-1951176022.html,Великий Новгород готовится к Чемпионату высоких технологий в сентябре,"ПМЭФ-2024,Экономика,Технологии,Великий Новгород,Россия,Новгородская область,Сергей Кравцов,Андрей Никитин (политик),Владимир Путин"
ВЭБ.РФ наращивает объем поддержки проектов газохимии в РФ ,21:43 06.06.2024,https://ria.ru/20240606/gazokhimiya-1951170678.html,None,"ПМЭФ-2024,Экономика,Россия,Китай,Технологии,Николай Цехомский"
РЭЦ поддерживает использование цифровой валюты в трансграничных расчетах ,21:02 06.06.2024,https://ria.ru/20240606/valyuta-1951162827.html,None,"ПМЭФ-2024,Экономика,Технологии,Россия,Российский экспортный центр (РЭЦ),ВЭБ.РФ (ВЭБ)"
Сервис городского развития собрали на одной платформе ,20:57 06.06.2024,https://ria.ru/20240606/servis-1951161720.html,None,"ПМЭФ-2024,Экономика,Технологии,Россия,Алексей Муратов,Просвещение,ВЭБ.РФ (ВЭБ)"
В App Store появилось фейковое приложение Сбербанка  ,20:36 06.06.2024,https://ria.ru/20240606/prilozhenie-1951158571.html,"В App Store появилось фейковое приложение ""Сбербанк Онлайн""","Экономика,Россия,Сбербанк России,Apple,Технологии,Сбер"
"Минфин будет регулировать и выводить оборот цифровых валют в ""белую зону"" ",19:40 06.06.2024,https://ria.ru/20240606/kriptovalyuty-1951143807.html,Минфин выступил за комплексный подход к регулированию оборота криптовалют,"ПМЭФ-2024,Экономика,Технологии,Россия,Министерство финансов РФ (Минфин России)"
Глава Мордовии назвал фармацевтику точкой роста суверенитета ,19:21 06.06.2024,https://ria.ru/20240606/farmatsevtika-1951134292.html,None,"Республика Мордовия,Экономика,Москва,Куба,Артем Здунов,Промомед,Россия,Технологии"
Глава Мордовии высказался в поддержку отечественной фармотрасли ,19:18 06.06.2024,https://ria.ru/20240606/farmotrasl-1951132423.html,None,"Республика Мордовия,Экономика,Технологии,Россия,Артем Здунов,Промомед,Республика Мордовия"
Глава ВТБ жестко прокомментировал желание США ввести санкции против СПФС ,18:58 06.06.2024,https://ria.ru/20240606/sanktsii-1951131151.html,"Костин: у США ""едет крыша"", если они хотят ввести санкции против СПФС","ПМЭФ-2024,Экономика,Технологии,Россия,США,Америка,Эльвира Набиуллина,Центральный Банк РФ (ЦБ РФ),G7,SWIFT"
"РЭЦ и китайский ""Элус"" будут сотрудничать в области бизнес-образования ",18:14 06.06.2024,https://ria.ru/20240606/biznes-obrazovanie-1951117194.html,None,"ПМЭФ-2024,Экономика,Китай,Технологии,Россия,Российский экспортный центр (РЭЦ),ВЭБ.РФ (ВЭБ)"
Соглашение РЭЦ и Вологодской области поможет экспортерам региона ,18:06 06.06.2024,https://ria.ru/20240606/soglashenie-1951112985.html,None,"ПМЭФ-2024,Экономика,Вологодская область,Технологии,Вероника Никишина,Георгий Филимонов,Россия,Российский экспортный центр (РЭЦ),ВЭБ.РФ (ВЭБ)"
Соглашение РЭЦ и Кабардино-Балкарии открывает возможности для экспортеров  ,17:55 06.06.2024,https://ria.ru/20240606/soglashenie-1951105568.html,None,"ПМЭФ-2024,Экономика,Технологии,Россия,Вероника Никишина,Казбек Коков,Российский экспортный центр (РЭЦ),ВЭБ.РФ (ВЭБ),ПМЭФ,Кабардино-Балкарская Республика (КБР)"
Соглашение РЭЦ и Саратовской области откроет допвозможности экспортерам ,17:48 06.06.2024,https://ria.ru/20240606/soglashenie-1951102170.html,None,"ПМЭФ-2024,Экономика,Саратовская область,Россия,Технологии,Вероника Никишина,Роман Бусаргин,Евразийский экономический союз,Российский экспортный центр (РЭЦ),ВЭБ.РФ (ВЭБ),ПМЭФ"
РЭЦ и China Chengtong объединят усилия для сотрудничества между странами ,17:42 06.06.2024,https://ria.ru/20240606/sotrudnichestvo-1951099327.html,None,"ПМЭФ-2024,Экономика,Россия,Китай,Вероника Никишина,Технологии,Российский экспортный центр (РЭЦ),ВЭБ.РФ (ВЭБ),ПМЭФ"
"""Сбер"" назвал сумму, которую люди теряют от телефонного мошенничества в год ",16:04 06.06.2024,https://ria.ru/20240606/sber-1951051581.html,"""Сбер"": россияне теряют от телефонного мошенничества около 250 млрд руб в год","ПМЭФ-2024,Экономика,Технологии,Россия,Станислав Кузнецов,Сбербанк России,Центральный Банк РФ (ЦБ РФ),Сбер"
РЭЦ выделяет три составляющих раскрытия экспортного потенциала ЮФО и СКФО ,15:43 06.06.2024,https://ria.ru/20240606/sostavlyayuschie-1951041905.html,None,"ПМЭФ-2024,Экономика,Россия,БРИКС,ШОС,СКФО,Технологии,Российский экспортный центр (РЭЦ),ВЭБ.РФ (ВЭБ),Экспорт"
"РЭЦ, FESCO, ""Мираторг"" и ""Черкизово"" посотрудничают в ""Мясном шаттле"" ",15:42 06.06.2024,https://ria.ru/20240606/sotrudnichestvo-1951041714.html,None,"ПМЭФ-2024,Экономика,Россия,Технологии,Российский экспортный центр (РЭЦ),ВЭБ.РФ (ВЭБ),FESCO,Мираторг"
В Москве построят роботизированный завод по производству грузовиков ,15:28 06.06.2024,https://ria.ru/20240606/avtozavod-1951035416.html,"Москва и ""КамАЗ"" договорились о строительстве роботизированного автозавода","ПМЭФ-2024,Экономика,Москва,Россия,Сергей Собянин,Сергей Когогин,Технологии"
"В ""Иннопрактике"" заявили о необходимости создания экосистемы инноваций ",15:27 06.06.2024,https://ria.ru/20240606/innopraktika-1951035206.html,"""Иннопрактика"": курс на импортоопережение требует создания экосистемы инноваций","ПМЭФ-2024,Технологии,Россия,Наталия Попова,Иннопрактика,Газпромбанк,Газпром-Медиа Холдинг,Экономика"
"""Аэрофлот"" станет первой авиакомпанией России с широким спектром IT-решений ",15:27 06.06.2024,https://ria.ru/20240606/aeroflot-1951034697.html,"""Аэрофлот"" заключил соглашение о технологическом партнерстве с ""Русбитех-Астрой""","ПМЭФ-2024,Экономика,Технологии,Аэрофлот"
"Эксперт: странам БРИКС надо формировать собственный ""культурный рынок"" ",15:14 06.06.2024,https://ria.ru/20240606/rynok-1951029213.html,"Глава форума БРИКС: странам союза нужно сформировать свой ""культурный рынок""","ПМЭФ-2024,Экономика,Технологии,Россия,Бразилия,Индия,Пурнима Ананд,БРИКС"
"Греф заявил, что стоимость технологий ИИ радикально упадет ",15:01 06.06.2024,https://ria.ru/20240606/gref-1951020660.html,Греф: стоимость решений на базе ИИ радикально упадет в ближайшие годы,"ПМЭФ-2024,Экономика,Технологии,Герман Греф,Сбер"
"В ""Иннопрактике"" рассказали о механизме импортозамещения ",14:58 06.06.2024,https://ria.ru/20240606/importozameschenie-1951019488.html,"Глава ""Иннопрактики"" рассказала об экономически обоснованном импортозамещении","Экономика,Технологии,Россия,Иннопрактика"
Сбербанк рассказал о потерях россиян от телефонных мошенников ,13:05 06.06.2024,https://ria.ru/20240606/moshenniki-1950972708.html,Сбербанк: россияне несут самые масштабные потери в мире от телефонных мошенников,"ПМЭФ-2024,Экономика,Технологии,Станислав Кузнецов,Сбербанк России"
В Синьхуа призвали БРИКС противостоять разрыву кооперационных связей ,11:55 06.06.2024,https://ria.ru/20240606/briks-1950940781.html,Главред Синьхуа: БРИКС надо совместно давать отпор экономическому принуждению,"ПМЭФ-2024,Экономика,Технологии,БРИКС"
"""Почта России"" внедрит VK Tax Compliance ",11:47 06.06.2024,https://ria.ru/20240606/pochta-1950937894.html,"""Почта России"" внедрит технологию VK Tax Compliance для налогового мониторинга","ПМЭФ-2024,Экономика,Технологии,Россия,Владимир Кириенко,Михаил Волков,Почта России,Федеральная налоговая служба (ФНС России)"
"Китай и Белоруссия остаются ключевыми партнерами России, показал опрос ",11:44 06.06.2024,https://ria.ru/20240606/pmef-1950935595.html,Опрос ПМЭФ: Китай и Белоруссия остаются ключевыми партнерами российских компаний,"ПМЭФ-2024,Экономика,Технологии,Китай,Белоруссия,Индия,БРИКС,Деловая Россия"
Большинство крупных российских компаний имеют партнеров в странах БРИКС ,11:28 06.06.2024,https://ria.ru/20240606/briks-1950930133.html,Более 60 процентов крупных российских компаний имеют партнеров в странах БРИКС,"ПМЭФ-2024,Экономика,Технологии,БРИКС,Деловая Россия"
"Китай принимает меры для укрепления торговли с Россией, заявил посол ",10:25 06.06.2024,https://ria.ru/20240606/kitay-1950906424.html,Посол КНР: Китай принимает меры для укрепления торговли энергоносителями с РФ,"Экономика,Технологии,Россия,Китай,Чжан Ханьхуэй,Владимир Путин"
"""Ростелеком"" выкупил долю Nokia за один евро ",09:54 06.06.2024,https://ria.ru/20240606/oseevskiy-1950896276.html,"Осеевский: ""Ростелеком"" выкупил долю Nokia в совместном предприятии за 1 евро","ПМЭФ-2024,Экономика,Технологии,Россия,Михаил Осеевский,Сергей Анохин,Владимир Путин,Ростелеком"
"Сергей Беляков: мы хотим быть маркетплейсом, а не интернет-магазином ",09:54 06.06.2024,https://ria.ru/20240606/belyakov-1950895507.html,None,"ПМЭФ-2024,Экономика,Россия,Москва,Дальний Восток,Сергей Беляков (Росгосцирк),Федеральная антимонопольная служба (ФАС России),Ozon,Почта России,Интервью"
Минфин внедрит в бюджетный процесс ИИ-агента ,09:35 06.06.2024,https://ria.ru/20240606/ii-1950890023.html,Минфин внедрит в бюджетный процесс ИИ-агента на базе GigaChat,"ПМЭФ-2024,Экономика,Технологии,Россия,Герман Греф,Антон Силуанов,Министерство финансов РФ (Минфин России),Сбербанк России,Сбер"
В России запустили новую доменную зону ,09:29 06.06.2024,https://ria.ru/20240606/domen-1950887313.html,"Ru-Center и фонд ""Росконгресс"" запустили новую доменную зону спб.рф","ПМЭФ-2024,Экономика,Технологии,Санкт-Петербург,Россия,Москва,Александр Стуглев,Ru-Center,Фонд ""Росконгресс"""
"""ГЛОНАСС"" назвал лидеров и аутсайдеров среди сфер для БПЛА ",03:25 06.06.2024,https://ria.ru/20240606/glonass-1950856675.html,"""ГЛОНАСС"" и НТИ: сельское хозяйство может стать лидером по применению авиадронов","ПМЭФ-2024,Экономика,Технологии"
Челябинская область планирует подписать около 30 инвестсоглашений на ПМЭФ ,22:32 05.06.2024,https://ria.ru/20240605/soglasheniya-1950826950.html,None,"ПМЭФ-2024,Экономика,Технологии,Челябинская область,Казахстан,Индия,Алексей Текслер"
Меры поддержки экспортеров  для выхода на рынок Китая обсудили на ПМЭФ ,21:05 05.06.2024,https://ria.ru/20240605/podderzhka-1950809013.html,None,"ПМЭФ-2024,Экономика,Технологии,Китай,Ляонин,Россия,Российский экспортный центр (РЭЦ),ПМЭФ,ВЭБ.РФ (ВЭБ),Малое и среднее предпринимательство — МСП (Малый и средний бизнес — МСБ)"
Цифровую трансформацию экспорта обсудили на ПМЭФ-2024 ,20:58 05.06.2024,https://ria.ru/20240605/eksport-1950806761.html,None,"ПМЭФ-2024,Российский экспортный центр (РЭЦ),Экономика,Вероника Никишина,Министерство промышленности и торговли РФ (Минпромторг России),Технологии,Россия,Экспорт,Цифровизация,ВЭБ.РФ (ВЭБ)"
Wildberries установит десять тысяч боксов по сбору ненужной одежды в ПВЗ ,20:03 05.06.2024,https://ria.ru/20240605/wildberries-1950794684.html,Wildberries и Ecoplatform установят 10 тыс боксов по сбору ненужной одежды в ПВЗ,"ПМЭФ-2024,Экономика,Технологии,Wildberries"
"""Технологический купол"" для россиян поможет победить телефонных мошенников ",19:43 05.06.2024,https://ria.ru/20240605/moshenniki-1950789097.html,None,"ПМЭФ-2024,Экономика,Технологии,Россия,Санкт-Петербург,Украина,Анатолий Аксаков,Вадим Уваров,Госдума РФ,Тинькофф. Кредитные Системы,ВымпелКом,ПМЭФ,мошенники,Кибербезопасность,Кибератаки,телефонный терроризм,Билайн,Т-Банк (АО «Тинькофф Банк»)"
"""Авито"" приехал на прием ""Росконгресса"" на ПМЭФ на дачном Tesla Cybertruck ",19:19 05.06.2024,https://ria.ru/20240605/tesla_cybertruck-1950784861.html,"Стилизованный Avito Dacha Truck выставили на площадке ""Росконгресса"" на ПМЭФ","ПМЭФ-2024,Экономика,Технологии,Россия,Tesla motors,Авито"
Челябинская область впервые представила на ПМЭФ свой стенд ,17:33 05.06.2024,https://ria.ru/20240605/pmef-1950752091.html,Челябинская область представила на ПМЭФ свой стенд с роботом-манипулятором,"ПМЭФ-2024,Экономика,Технологии,Челябинская область,Челябинск,Россия,Алексей Текслер,Владимир Путин"
Никита Гусаков: российские ИТ-продукты востребованы на дружественных рынках ,17:05 05.06.2024,https://ria.ru/20240605/it-produkty-1950743239.html,None,"Экономика,Россия,Технологии,Российский экспортный центр (РЭЦ),ВЭБ.РФ (ВЭБ),Экспорт"
В Карелии откроют производство беспилотных систем ,16:43 05.06.2024,https://ria.ru/20240605/kareliya-1950732033.html,На ПМЭФ подписали соглашение о создании в Карелии производства беспилотников,"ПМЭФ-2024,Экономика,Технологии,Россия,Сегежа,Артур Парфенчиков"
"В ""Ростелекоме"" рассказали о компетенциях, полученных в СП с Nokia ",16:30 05.06.2024,https://ria.ru/20240605/rostelekom-1950727741.html,"""Ростелеком"": полученные в ходе работы с Nokia компетенции включены в работу","ПМЭФ-2024,Экономика,Технологии,Россия,Сергей Анохин,Владимир Путин,Ростелеком"
"Власти Коми и ""Мегафон"" договорились о развитии сотрудничества ",15:53 05.06.2024,https://ria.ru/20240605/pmef-1950713993.html,"Власти Коми и ""Мегафон"" договорились а ПМЭФ о расширении покрытия и емкости","ПМЭФ-2024,Экономика,Технологии,Республика Коми,Владимир Уйба,Мегафон"
Прохоренко: группа РЭЦ — ключевой игрок в развитии экспортного потенциала ,15:39 05.06.2024,https://ria.ru/20240605/prokhorenko-1950709243.html,None,"ПМЭФ-2024,Экономика,Технологии,Россия,Российский экспортный центр (РЭЦ),ВЭБ.РФ (ВЭБ),Малое и среднее предпринимательство — МСП (Малый и средний бизнес — МСБ),ПМЭФ"
"Бренд ""Сделано в России"" повысит узнаваемость российских производителей  ",14:54 05.06.2024,https://ria.ru/20240605/uznavaemost-1950693812.html,None,"ПМЭФ-2024,Экономика,Технологии,Российский экспортный центр (РЭЦ),ВЭБ.РФ (ВЭБ),Бренд Сделано в России (Made in Russia),ПМЭФ,Россия"
На ПМЭФ подписали первое в истории форума соглашение без бумаги ,11:57 05.06.2024,https://ria.ru/20240605/pmef-1950617145.html,"""СКБ Контур"" и ""Интерлизинг"" подписали соглашение о сотрудничестве без бумаги","ПМЭФ-2024,Экономика,Технологии,Россия"
Кировская область на ПМЭФ презентует свой промышленный потенциал ,11:23 05.06.2024,https://ria.ru/20240605/stend-1950605290.html,None,"Кировская область,Экономика,Технологии,Кировская область,Киров,Россия,Александр Соколов"
ВТБ: расчеты юрлиц с самозанятыми выросли в восемь раз ,11:21 05.06.2024,https://ria.ru/20240605/vtb-1950576327.html,None,"ПМЭФ-2024,Экономика,Технологии,Россия,Денис Бортников,Федеральная налоговая служба (ФНС России),ВТБ (банк),Твой бизнес – новости,ПМЭФ"
"Раздел ""Рекомендованные услуги"" на ""Моем экспорте"" даст советы ",11:15 05.06.2024,https://ria.ru/20240605/eksport-1950602168.html,"Раздел ""Рекомендованные услуги"" на ""Моем экспорте"" даст индивидуальные советы","Экономика,Технологии,Россия"
"Александр Ведяхин: не считаю, что Россия отстает в искусственном интеллекте ",11:00 05.06.2024,https://ria.ru/20240605/vedyakhin-1950578896.html,None,"Сбер,БРИКС,ШОС,Африка,Китай,Россия,Экономика,Технологии,Интервью"
Альфа-банк представил на ПМЭФ стенд в китайском стиле ,10:13 05.06.2024,https://ria.ru/20240605/pmef-1950579713.html,"На ПМЭФ представили стенд Альфа-банка, выполненный в китайском стиле","ПМЭФ-2024,Экономика,Технологии,Китай,Альфа-банк"
На ПМЭФ представили проекты будущих высокоскоростных магистралей ,10:13 05.06.2024,https://ria.ru/20240605/pmef-1950580879.html,На ПМЭФ показали детали всех планируемых к строительству ВСМ в России,"ПМЭФ-2024,Москва,Санкт-Петербург,Россия,Владимир Путин,РЖД,Экономика,Технологии,Екатеринбург"
Сбербанк не наблюдает крупных заявок на исламское финансирование ,09:35 05.06.2024,https://ria.ru/20240605/sberbank-1950569155.html,Сбербанк: крупным компаниям пока сложно заходить в исламское финансирование,"Экономика,Технологии,Сбербанк России"
"""Тинькофф"" сменил название на Т-Банк ",09:33 05.06.2024,https://ria.ru/20240605/tinkoff-1950568930.html,"ТКС Холдинг объявил о смене названия ""Тинькофф""","Тинькофф. Кредитные Системы,Экономика,Технологии"
С новой ВСМ из Москвы в Минск можно будет добраться за три часа ,09:19 05.06.2024,https://ria.ru/20240605/transport-1950566791.html,"Планируемая ВСМ Москва — Минск будет называться ""Союз""","Экономика,Технологии,Москва,Минск,Россия,Владимир Путин,РЖД"
В Сбербанке рассказали о решении по кредитам для малого и микробизнеса ,08:39 05.06.2024,https://ria.ru/20240605/sberbank-1950559901.html,Ведяхин: все решения по кредитам для малого и микробизнеса будет принимать ИИ,"Экономика,Технологии,Сбербанк России"
Петербург рассчитывает на рекорд по объему инвестсоглашений во время ПМЭФ ,08:07 05.06.2024,https://ria.ru/20240605/peterburg-1950556863.html,Беглов: Петербург рассчитывает выйти на рекордный объем инвестсоглашений,"ПМЭФ-2024,Экономика,Технологии,Санкт-Петербург,Россия,Александр Беглов,Санкт-Петербургский университет информационных технологий"
"В Сбербанке оценили, насколько Россия отстает от лидеров в сфере ИИ ",04:06 05.06.2024,https://ria.ru/20240605/rossiya-1950544941.html,Сбербанк: Россия отстает от лидеров по технологиям в сфере ИИ на 6-9 месяцев,"ПМЭФ-2024,Экономика,Технологии,Россия,Apple,Яндекс"
В Сбербанке оценили дефицит специалистов в сфере искусственного интеллекта ,03:32 05.06.2024,https://ria.ru/20240605/sberbank-1950543669.html,Сбербанк оценил дефицит специалистов в сфере ИИ в десять тысяч человек,"ПМЭФ-2024,Экономика,Россия,Сбербанк России"
"""Солар"" зафиксировал рост DDoS-атак на российские IT-ресурсы перед ПМЭФ ",23:38 04.06.2024,https://ria.ru/20240604/ddos-ataki-1950533684.html,"Глава ""Солара"" Ляпунов: за два дня DDoS-атакам подверглись более 300 компаний","ПМЭФ-2024,Экономика,Технологии,Россия,Ростелеком"
На ПМЭФ представят макет российского высокоскоростного поезда ,20:12 04.06.2024,https://ria.ru/20240604/pmef-1950508858.html,На ПМЭФ покажут макет российского поезда для ВСМ с сидениями и столиками,"ПМЭФ-2024,Экономика,Технологии,Россия,Москва,Санкт-Петербург,Олег Белозеров,РЖД,Трансмашхолдинг"
Греф призвал дать маркетплейсам развиться ,18:30 04.06.2024,https://ria.ru/20240604/marketpleysy-1950489618.html,"Греф: маркетплейсам нужно дать развиться, спешить с регулированием не стоит","Экономика,Технологии,Герман Греф,Андрей Кутепов,Владимир Гутенев,Совет Федерации РФ,Сбербанк России,Госдума РФ"
"В Москве открылась крупнейшая отраслевая выставка ""ЭЛЕКТРО-2024"" ",17:20 04.06.2024,https://ria.ru/20240604/vystavka-1950473098.html,None,"Экономика,Технологии,Россия,Китай,Турция,Экспоцентр,СНГ,БРИКС"
"Эксперт не исключил политический мотив кибератаки на ритейлера ""Верный"" ",13:35 04.06.2024,https://ria.ru/20240604/vernyy-1950386081.html,"Эксперт Иванов: кибератака на ритейлера ""Верный"" схожа с инцидентом со СДЭК","Экономика,Технологии,Андрей Иванов,СДЭК,Верный,Россия,Происшествия"
Генеральным директором НСПК назначили Дубынина ,12:41 04.06.2024,https://ria.ru/20240604/nspk-1950370000.html,Новым главой Национальной системы платежных карт стал Дмитрий Дубынин,"Экономика,Технологии,Россия,Владимир Комлев,Эльвира Набиуллина,Центральный Банк РФ (ЦБ РФ),Дмитрий Дубынин,Национальная система платежных карт (НСПК)"
Участники ПМЭФ смогут посетить цифровой город на стенде ВЭБ.РФ ,11:51 04.06.2024,https://ria.ru/20240604/stend-1950353321.html,None,"ПМЭФ-2024,Экономика,Технологии,Россия,Сколково,Сколковский институт науки и технологий,Агентство по технологическому развитию,ВЭБ.РФ (ВЭБ),ПМЭФ"
Крупнейшие российские банки планируют объединить данные о счетах ,09:13 04.06.2024,https://ria.ru/20240604/banki-1950320301.html,Сбербанк и ВТБ планируют объединить данные о счетах клиентов в своих приложениях,"Экономика,Технологии,Россия,Сбербанк России,Альфа-банк"
В Иннополисе открылся крупнейший в Поволжье центр обработки данных ,18:02 03.06.2024,https://ria.ru/20240603/innopolis-1950250971.html,Крупнейший в Поволжье центр обработки данных открылся в татарстанском Иннополисе,"Экономика,Технологии,Приволжский округ,Россия,Алексей Лихачев,Рустам Минниханов,Государственная корпорация по атомной энергии ""Росатом"",Республика Татарстан (Татарстан),Иннополис (Татарстан)"
На Украине потребовали усилить проверку переводов между физическими лицами ,17:01 03.06.2024,https://ria.ru/20240603/ukraina-1950235681.html,Нацбанк Украины потребовал тщательнее проверять переводы между счетами физлиц,"Экономика,Технологии,Украина,Нацбанк Украины"
СМИ: в России вырастут цены на товары крупного бренда бытовой техники ,09:04 03.06.2024,https://ria.ru/20240603/rossiya-1950092744.html,"""Ъ"": польский производитель бытовой техники Hansa продал бизнес в России","Экономика,Технологии,Россия,Андрей Белоусов,Евросоюз,Министерство промышленности и торговли РФ (Минпромторг России)"
В России проведут испытания гусеничных модулей для геологоразведки ,03:03 03.06.2024,https://ria.ru/20240603/moduli-1950073654.html,"КАМАЗ, НАМИ и KMZ проведут испытания гусеничных модулей для геологоразведки","Экономика,Технологии,Россия,Научно-исследовательский автомобильный и автомоторный институт ""НАМИ"",КамАЗ (завод)"
Эксперт рассказал о консолидации ЦБ и силовиков в борьбе с мошенниками ,10:39 02.06.2024,https://ria.ru/20240602/moshenniki-1949979539.html,Эксперт Голованов: ЦБ и силовики перекрыли почти все лазейки для обмана россиян,"ПМЭФ-2024,Экономика,Технологии,Сергей Голованов,Лаборатория Касперского"
"Эксперт рассказал, как распознать дипфейк ",13:22 01.06.2024,https://ria.ru/20240601/dipfeyki-1949868314.html,"Эксперт ""Лаборатории Касперского"" Голованов рассказал, как распознать дипфейк","ПМЭФ-2024,Экономика,Технологии,Россия,Сергей Голованов,Эльвира Набиуллина,Центральный Банк РФ (ЦБ РФ),Лаборатория Касперского"
Путин поручил разработать план развития индустрии музыкальных инструментов ,18:35 31.05.2024,https://ria.ru/20240531/putin-1949758154.html,Путин поручил разработать план развития индустрии музыки до 2030 года,"Экономика,Россия,Владимир Путин,Михаил Мишустин"
В России проведут эксперимент по маркировке телефонов и ноутбуков ,20:49 30.05.2024,https://ria.ru/20240530/markirovka-1949515943.html,В России с 10 июня начнут эксперимент по маркировке телефонов и ноутбуков,"Экономика,Россия,Кабинет министров РФ,Технологии"
"Экспортеры могут найти свою меру поддержки на платформе ""Мой экспорт"" ",13:51 30.05.2024,https://ria.ru/20240530/podderzhka-1949363983.html,None,"Технологии,Россия,Экспорт,Экономика,Российский экспортный центр (РЭЦ),ВЭБ.РФ (ВЭБ),поддержка"
Путин подписал закон о лимите на разовые банковские переводы ,14:54 29.05.2024,https://ria.ru/20240529/putin-1949136632.html,Путин подписал закон о лимите в сто тысяч рублей на разовые банковские переводы,"Владимир Путин,Экономика,Россия,Технологии"
РЖД ввели опцию указать кличку и вид питомца при оформлении ж/д билета ,12:23 29.05.2024,https://ria.ru/20240529/rzhd-1949095206.html,РЖД добавили в мобильное приложение возможность указать кличку питомца в билете,"Хорошие новости,Экономика,Технологии,РЖД,Хорошие новости"
"РЭЦ и Харбинская таможня помогут нарастить экспорт ""Сделано в России"" ",15:04 28.05.2024,https://ria.ru/20240528/eksport-1948913379.html,None,"Экономика,Россия,Харбин,Хэйлунцзян,Технологии,таможня,Китай,Российский экспортный центр (РЭЦ),ВЭБ.РФ (ВЭБ),Бренд Сделано в России (Made in Russia),Экспорт"
Российский разработчик средств виртуализации хочет открыть офис в Африке ,08:31 28.05.2024,https://ria.ru/20240528/biznes-1948815957.html,"Глава ""Базиса"" Мартиросов: компания ищет партнеров в Африке для открытия офиса","Экономика,Технологии,Африка,Бразилия,Китай"
"""Ростелеком"" допустил продление срока перевода КИИ на отечественный софт ",04:14 28.05.2024,https://ria.ru/20240528/rostelekom-1948806897.html,"""Ростелеком"": срок перевода КИИ на отечественный софт в РФ может быть сдвинут","Экономика,Россия,Владимир Путин,Ростелеком,Технологии"
"Силуанов рассказал о проблемах с расчетами картой ""Мир"" в Узбекистане ",15:23 27.05.2024,https://ria.ru/20240527/siluanov-1948664774.html,"Силуанов: проблемы с расчетами картой ""Мир"" в Узбекистане есть, нужно решать","Экономика,Технологии,Узбекистан,Россия,США,Антон Силуанов,Ольга Скоробогатова,Центральный Банк РФ (ЦБ РФ)"
Московские производители представили лазерные станки для разных отраслей ,10:13 27.05.2024,https://ria.ru/20240527/moskva-1948541434.html,None,"Департамент инвестиционной и промышленной политики города Москвы,Экономика,Технологии,Москва,Санкт-Петербург,Владислав Овчинский,Сергей Собянин,Тула"
Посол Белоруссии в Москве рассказал о совместных проектах импортозамещения ,19:24 24.05.2024,https://ria.ru/20240524/belorussiya-1948236522.html,Крутой: РФ готова увеличить кредитование проектов импортозамещения в Белоруссии,"Экономика,Россия,Белоруссия"
МТС Банк стал победителем премии FINAWARD 2024 ,15:56 24.05.2024,https://ria.ru/20240524/mts_bank-1948151397.html,None,"Россия,МТС-Банк,Банки,Экономика,Технологии"
"Число кибератак на Россию возросло, заявила Касперская ",14:48 24.05.2024,https://ria.ru/20240524/kasperskaya-1948139762.html,"Касперская: число кибератак на Россию резко возросло, но это не кибервойна","Экономика,Технологии,Россия,Наталья Касперская,Федеральная служба по надзору в сфере связи, информационных технологий и массовых коммуникаций (Роскомнадзор)"
Сенатор заявил о необходимости дестимулировать вывод денег из России ,22:01 23.05.2024,https://ria.ru/20240523/senator-1948014267.html,Сенатор Журавлев: нужно серьезно дестимулировать вывод денег из России,"Экономика,Технологии,Россия,Николай Журавлев,Совет Федерации РФ,Госдума РФ"
"""Лаборатория Касперского"" и IVA Technologies договорились о сотрудничестве ",18:52 23.05.2024,https://ria.ru/20240523/kasperskiy-1947987869.html,None,"Экономика,Технологии,Лаборатория Касперского"
РЭЦ предлагает расширить меры поддержки экспорта ИТ-услуг ,10:45 23.05.2024,https://ria.ru/20240523/rets-1947825287.html,None,"Экономика,Россия,Технологии,Российский экспортный центр (РЭЦ),ВЭБ.РФ (ВЭБ)"
АСИ представило Путину стандарт общественного капитала бизнеса ,18:09 22.05.2024,https://ria.ru/20240522/asi-1947727918.html,Глава АСИ Чупшева представила Путину стандарт общественного капитала бизнеса,"Экономика,Технологии,Россия,Светлана Чупшева,Владимир Путин,Агентство стратегических инициатив (АСИ),Министерство экономического развития РФ (Минэкономразвития России)"
Путин призвал выстроить систему инструментов поддержки компаний ,17:09 22.05.2024,https://ria.ru/20240522/putin-1947716665.html,Путин: в России должна быть выстроена система инструментов поддержки компаний,"Экономика,Технологии,Россия,Владимир Путин"
Путину показали выставку проектов АСИ ,16:48 22.05.2024,https://ria.ru/20240522/vystavka-1947710646.html,Путин перед заседанием набсовета осмотрел выставку реализуемых АСИ проектов,"Экономика,Технологии,Россия,Донбасс,Владимир Путин,Светлана Чупшева,Дмитрий Песков,Агентство стратегических инициатив (АСИ)"
Путин поручил АСИ активнее продвигать российские проекты за рубежом ,16:29 22.05.2024,https://ria.ru/20240522/putin-1947699762.html,Путин попросил АСИ укреплять международное партнерство,"Агентство стратегических инициатив (АСИ),Россия,Экономика,Технологии"
Эксперт рассказал об импортозамещении в сфере компьютерных игр ,14:26 22.05.2024,https://ria.ru/20240522/iri-1947658075.html,"ИРИ: Россия далека от того, чтобы импортозаместить производство компьютерных игр","Технологии,Россия,Новосибирск,Африка,Институт развития интернета"
ЦБ заявил о недопустимости суточных лимитов при бесплатных переводах ,14:07 22.05.2024,https://ria.ru/20240522/tsb-1947652795.html,ЦБ: банки РФ не должны вводить суточные лимиты на переводы граждан самим себе,"Экономика,Технологии,Сбербанк России,Центральный Банк РФ (ЦБ РФ)"
Чернышенко заявил о росте уровня цифровой зрелости в России ,20:47 21.05.2024,https://ria.ru/20240521/chernyshenko-1947527748.html,Чернышенко: уровень цифровой зрелости в России вырос более чем вдвое с 2019 года,"Экономика,Технологии,Россия,Дмитрий Чернышенко,Дмитрий Григоренко,Владимир Путин"
В конференции ЦИПР в Нижнем Новгороде приняли участие делегации 14 стран ,18:47 21.05.2024,https://ria.ru/20240521/tsipr-1947507115.html,Более ста иностранцев принимают участие в конференции ЦИПР в Нижнем Новгороде,"Экономика,Технологии,Россия,Нижний Новгород,Китай,Михаил Мишустин,Глеб Никитин,БРИКС"
Касперский прокомментировал угрозу новых санкций со стороны США ,17:57 21.05.2024,https://ria.ru/20240521/kasperskiy-1947494309.html,Касперский: угроза новых санкций США не отражается на бизнес-процессах,"Экономика,Технологии,США,Евгений Касперский,Лаборатория Касперского,Санкции в отношении России"
Поставщики оборудования для нового корпуса Третьяковки вышли из проекта ,16:58 21.05.2024,https://ria.ru/20240521/muzey-1947478187.html,Россиев: часть поставщиков оборудования для нового корпуса Третьяковки ушли,"Культура,Экономика,Технологии,Россия,Китай,Украина,Третьяковская галерея,ЮНЕСКО"
"Мишустин предложил обсудить систему ""Логос"" на министерском уровне ",15:08 21.05.2024,https://ria.ru/20240521/logos-1947438031.html,"Мишустин предложил Лихачеву встретиться с разработчиками системы ""Логос""","Экономика,Технологии,Россия,Михаил Мишустин,Алексей Лихачев,Государственная корпорация по атомной энергии ""Росатом"""
Госдума приняла закон о лимите на банковские переводы без открытия счета ,14:08 21.05.2024,https://ria.ru/20240521/perevody-1947412356.html,Госдума приняла закон о лимите в сто тысяч рублей на разовые банковские переводы,"Экономика,Технологии,Госдума РФ"
Мишустин рассказал о барьерах для перехода компаний на российский софт ,13:53 21.05.2024,https://ria.ru/20240521/mishustin-1947406280.html,Мишустин: барьером для перехода компаний на отечественное ПО являются финансы,"Экономика,Технологии,Россия,Михаил Мишустин"
Мишустин призвал развивать институт цифровых атташе ,13:51 21.05.2024,https://ria.ru/20240521/mishustin-1947405589.html,Мишустин: нужно развивать института цифровых атташе для продвижения ПО за рубеж,"Экономика,Технологии,Россия,Михаил Мишустин"
Мишустин оценил инвестиции российских компаний в цифровые технологии  ,13:48 21.05.2024,https://ria.ru/20240521/mishustin-1947404781.html,Мишустин: в РФ инвестиции компаний в цифровые решения за 4 года превысили 4 трлн,"Экономика,Технологии,Россия,Михаил Мишустин"
Мишустин оценил объем задач по цифровой трансформации России ,13:46 21.05.2024,https://ria.ru/20240521/mishustin-1947404014.html,"Мишустин: задачи по цифровой трансформации России масштабные, но база есть","Экономика,Россия,Нижний Новгород,Михаил Мишустин"
"Мишустин рассказал, как добиться цифровой трансформации госуправления ",13:45 21.05.2024,https://ria.ru/20240521/mishustin-1947403314.html,Мишустин: цифровой трансформации госуправления можно добиться за счет ИИ ,"Экономика,Технологии,Россия,Нижний Новгород,Михаил Мишустин"
Мишустин отметил рост вложений в IT в некоторых сферах экономики ,13:43 21.05.2024,https://ria.ru/20240521/mishustin-1947402958.html,"Мишустин: вложения в IT в энергетике, строительстве, транспорте растут быстрее","Экономика,Технологии,Россия,Михаил Мишустин"
"""Золотая корона"" приостановила онлайн-переводы из России в Молдавию ",13:00 21.05.2024,https://ria.ru/20240521/moldaviya-1947391800.html,"Платежная система ""Золотая корона"" временно прекратила переводы из РФ в Молдавию","Экономика,Технологии,Россия,Молдавия,Гагаузия,Евгения Гуцул,Промсвязьбанк"
Власти планируют стимулировать спрос на разработку пакетных программ ,12:42 21.05.2024,https://ria.ru/20240521/mishustin-1947386787.html,Мишустин: в РФ будут стимулировать спрос на разработку пакетных программ,"Экономика,Технологии,Россия,Михаил Мишустин"
В России создали центры компетенции для замены иностранного ПО ,11:52 21.05.2024,https://ria.ru/20240521/mishustin-1947371840.html,Мишустин: 38 центров компетенции создали в России для замены иностранного ПО,"Экономика,Технологии,Россия,Иран,Михаил Мишустин,Oracle Corporation,Microsoft Corporation"
"Мишустин надеется, что контакты России и Китая будут постоянными ",11:42 21.05.2024,https://ria.ru/20240521/mishustin-1947368945.html,"Мишустин надеется на постоянные контакты РФ и КНР, в том числе на уровне бизнеса","Экономика,Технологии,Россия,Китай,Михаил Мишустин,Си Цзиньпин,Ли Цян"
"Компании из 7 стран участвуют в выставке ""Металлообработка-2024"" в Москве ",20:30 20.05.2024,https://ria.ru/20240520/vystavka-1947288032.html,None,"Экономика,Технологии,Москва,Михаил Иванов,Россия,Экспоцентр,Министерство промышленности и торговли РФ (Минпромторг России),Совет Федерации РФ,Константин Долгов,Сергей Катырин"
Глава Wildberries оценила идею прогрессивной шкалы налогообложения ,16:51 20.05.2024,https://ria.ru/20240520/bakalchuk-1947242315.html,Глава Wildberries Бакальчук: прогрессивная шкала налогообложения поможет бизнесу,"Экономика,Технологии,Россия,Татьяна Ким (Бакальчук),Антон Силуанов,Госдума РФ,Wildberries"
"""Сбер"" оценил свою потенциальную базу клиентов исламского банкинга ",09:00 19.05.2024,https://ria.ru/20240519/sberbank-1947188933.html,Ганеев: потенциал исламского банкинга в Сбербанке оценивается в 5 млн человек,"Экономика,Россия,Казань,Олег Ганеев,Сбербанк России,Россия — Исламский мир: KazanForum 2024"
ОАК объяснила перенос сроков поставок российских самолетов ,00:52 18.05.2024,https://ria.ru/20240518/oak-1946818771.html,ОАК: перенос сроков поставок российских самолетов связан с проведением испытаний,"Экономика,Технологии,Россия,Объединенная авиастроительная корпорация (ОАК),Министерство промышленности и торговли РФ (Минпромторг России),МС-21,SJ-100,Ил-114-300"
Мантуров будет координировать работу в области техразвития ,22:10 17.05.2024,https://ria.ru/20240517/manturov-1946805757.html,Мантуров в правительстве будет координировать работу в области техразвития,"Экономика,Россия,Денис Мантуров,Борис Беляков,Министерство промышленности и торговли РФ (Минпромторг России),Роскосмос,Государственная корпорация по атомной энергии ""Росатом"""
"Абонентская плата за сотовую связь выросла на 8,5 процентов в апреле ",19:52 17.05.2024,https://ria.ru/20240517/rosstat-1946783330.html,"Росстат: абонентская плата за пакет услуг сотовой связи в апреле выросла на 8,5%","Экономика,Технологии,Россия,Красноярский край,Челябинская область,Денис Кусков,Дмитрий Чернышенко,Федеральная служба государственной статистики (Росстат),Билайн,Мегафон"
Челябинские производители начнут производить строительные материалы в Китае ,17:39 17.05.2024,https://ria.ru/20240517/stroymaterialy-1946731147.html,None,"Челябинская область,Экономика,Технологии,Китай,Челябинская область,Харбин,Алексей Текслер,Борис Титов,Владимир Путин"
Microsoft начала отключать российские компании от облачных продуктов ,14:52 17.05.2024,https://ria.ru/20240517/microsoft-1946686040.html,Microsoft начала отключать подписки заказчиков в РФ на облачные продукты,"Экономика,Технологии,Россия,Microsoft Corporation"
Путин рассказал о хорошем темпе развития авиационного двигателестроения ,12:36 17.05.2024,https://ria.ru/20240517/putin-1946638402.html,"Путин: в России есть возможности для создания авиадвигателей, нужен рынок","Владимир Путин,Россия,Авиация,Китай,Технологии,Экономика"
В Минфине заявили о потенциале рынка партнерского финансирования ,11:27 17.05.2024,https://ria.ru/20240517/chebeskov-1946613790.html,Замглавы Минфина Чебесков: потенциал рынка партнерского финансирования огромный,"Экономика,Технологии,Россия,Казань,Россия — Исламский мир: KazanForum 2024,Министерство финансов РФ (Минфин России)"
Китай предложил России укреплять сотрудничество в новых сферах ,11:21 17.05.2024,https://ria.ru/20240517/kitay-1946611633.html,Зампред КНР Хань Чжэн предложил России укреплять сотрудничество в новых сферах,"Экономика,Технологии,Китай,Россия,Харбин,Хань Чжэн"
"Тюмень может стать технологическим хабом для ТЭК, заявил губернатор ",07:31 17.05.2024,https://ria.ru/20240517/tyumen-1946578038.html,Моор: у Тюменской области есть серьезные амбиции стать технологическим хабом,"Тюменская область,Экономика,Технологии,Тюменская область,Тюмень,Россия,Александр Моор,Михаил Кузнецов (экс-губернатор),Министерство промышленности и торговли РФ (Минпромторг России)"
"Названа стоимость российского электромобиля ""Атом"" ",04:58 17.05.2024,https://ria.ru/20240517/elektromobil-1946569615.html,"Поваразднюк: электромобиль ""Атом"" будет стоить от 2,5 до 3,5 миллионов рублей","Экономика,Технологии,Россия,Казань,Сергей Когогин,Рубен Варданян,Россия — Исламский мир: KazanForum 2024"
"""Москвич"" запустит серийное производство электромобилей ""Атом"" в 2025 году ",04:43 17.05.2024,https://ria.ru/20240517/elektromobil-1946568897.html,"Поваразднюк: серийное производство электромобилей ""Атом"" планируется в 2025 году","Экономика,Технологии,Россия,Казань,Россия — Исламский мир: KazanForum 2024"
"Импортозамещенный Sukhoi Superjet 100 могут переименовать в ""Яковлев"" ",02:19 17.05.2024,https://ria.ru/20240517/samolet-1946563961.html,"Чемезов: импортозамещенный самолет SSJ 100 могут переименовать в ""Яковлев""","Экономика,Сергей Чемезов,Объединенная авиастроительная корпорация (ОАК),Ростех,Sukhoi Superjet 100 (SSJ100),Технологии"
"Большинство иностранных компаний остались в России, показало исследование ",21:38 16.05.2024,https://ria.ru/20240516/kompanii-1946543542.html,Wiiw: большинство иностранных компаний продолжают работать в РФ,"Экономика,Технологии,Россия,Украина,Китай,Райффайзенбанк,SWIFT"
Эксперт оценила перспективы России и Китая на рынке углеродных единиц  ,18:35 16.05.2024,https://ria.ru/20240516/popova-1946508926.html,Попова: взаимодействие РФ и КНР на углеродном рынке наладится после 2030 года,"Экономика,Технологии,Россия,Китай,Евгений Попов"
Крупные компании России и Китая построят общую логистику ,17:54 16.05.2024,https://ria.ru/20240516/logistika-1946493155.html,None,"Экономика,Технологии,Россия,Китай,Ленинградская область,Сергей Шишкарев,Ли Цян,Владимир Путин,Логистика"
Роснедра обеспечили внедрение в производство 115 российских технологий ,16:55 16.05.2024,https://ria.ru/20240516/rosnedra-1946477725.html,Роснедра обеспечили внедрение в производство 115 технологий для геологоразведки,"Экономика,Технологии,Нефть,геология,Федеральное агентство по недропользованию (Роснедра)"
"""Тинькофф"" запускает проект по исламскому банкингу ",15:04 16.05.2024,https://ria.ru/20240516/tinkoff-1946437161.html,"""Тинькофф"" разработал исламскую карту, планирует выдавать ее во всех регионах","Экономика,Технологии,Россия,Узбекистан,Таджикистан,Тинькофф. Кредитные Системы,Россия — Исламский мир: KazanForum 2024"
Сбербанк контролирует выдачу кредитов по госпрограммам с помощью ИИ ,15:00 16.05.2024,https://ria.ru/20240516/finansy-1946434879.html,Сбербанк использует ИИ для контроля за целевым использованием бюджетных средств,"Экономика,Технологии,Россия,Казань,Сбербанк России,Россия — Исламский мир: KazanForum 2024"
Россия и КНР разовьют сотрудничество в сфере искусственного интеллекта ,12:55 16.05.2024,https://ria.ru/20240516/knr-1946396503.html,Москва и Пекин углубят взаимоотношения в области искусственного интеллекта,"Технологии,Россия,Китай,Москва,Наука,Экономика"
Мазур предложил продвигать на Ближнем Востоке российские продукты ,12:11 16.05.2024,https://ria.ru/20240516/produkty-1946378200.html,None,"Томская область,Технологии,Томская область,Ближний Восток,Китай,Владимир Мазур,Организация исламского сотрудничества,СНГ,Россия — Исламский мир: KazanForum 2024,Бренд Сделано в России (Made in Russia),Российский экспортный центр (РЭЦ),Экономика,ВЭБ.РФ (ВЭБ)"
"""Тинькофф банк"" на площадке KazanForum предлагает услуги на татарском языке ",10:40 16.05.2024,https://ria.ru/20240516/mir-1946347846.html,"Клиенты ""Тинькофф"" могут воспользоваться банкоматами с языковой идентификацией","Экономика,Технологии,Россия,Тинькофф. Кредитные Системы,Россия — Исламский мир: KazanForum 2024"
"""Газпром-медиа"" и China Media Group начнут сотрудничать по ИИ, заявил Жаров ",10:14 16.05.2024,https://ria.ru/20240516/zharov-1946340705.html,"Жаров: ""Газпром-Медиа Холдинг"" и CMG подписали меморандум о сотрудничестве по ИИ","Экономика,Технологии,Китай,Россия,Александр Жаров,Владимир Путин,Газпром-Медиа Холдинг"
СМИ: в России могут ужесточить продажи сим-карт ,08:56 16.05.2024,https://ria.ru/20240516/karta-1946323709.html,"""Ъ"": ФСБ и Минцифры обсуждают порядок продажи сим-карт по биометрии","Экономика,Технологии,Федеральная служба безопасности РФ (ФСБ России),Почта России,Мегафон"
Шугаев: роль Минобороны в военно-техническом сотрудничестве не уменьшится ,18:48 15.05.2024,https://ria.ru/20240515/fsvts-1946246733.html,Шугаев: ФСВТС не может вести поставки и переговоры без ведома Минобороны,"Дмитрий Шугаев,Федеральная служба по военно-техническому сотрудничеству (ФСВТС России),Технологии,Экономика"
География поставок сделает машиностроение драйвером развития экспорта в ПФО ,18:29 15.05.2024,https://ria.ru/20240515/postavki-1946232741.html,None,"Россия,Экономика,Казань,Технологии,Российский экспортный центр (РЭЦ),Государственная корпорация по атомной энергии ""Росатом"",Агентство стратегических инициатив (АСИ),Экспорт,ВЭБ.РФ (ВЭБ)"
Выставка инвестиционных и инфраструктурных проектов открылась на KazanForum ,13:33 15.05.2024,https://ria.ru/20240515/vystavka-1946125350.html,None,"Республика Татарстан,Экономика,Технологии,Россия,Казань,Марат Хуснуллин,Организация исламского сотрудничества,Россия — Исламский мир: KazanForum 2024"
"МЭР попросило Малайзию передать список партнеров для ""карты туриста"" ",11:59 15.05.2024,https://ria.ru/20240515/kartaturista-1946095512.html,"МЭР ждет от Малайзии список финорганизаций для работы в рамках ""карты туриста""","Экономика,Технологии,Россия,Малайзия,Министерство экономического развития РФ (Минэкономразвития России),Центр-инвест,Россия — Исламский мир: KazanForum 2024"
Росфинмониторинг предложил включить НСПК в антиотмывочное регулирование ,11:52 14.05.2024,https://ria.ru/20240514/nspk-1945812910.html,Нацсистему платежных карт предложили включить в антиотмывочную сферу,"Экономика,Технологии,Федеральная служба по финансовому мониторингу (Росфинмониторинг)"
"Беспилотник ""Курьер-30"" войдет в реестр российской промышленной продукции ",18:36 13.05.2024,https://ria.ru/20240513/bespilotnik-1945692018.html,"НТИ: беспилотник ""Курьер-30"" войдет в реестр российской промышленной продукции","Экономика,Технологии,Россия,Национальная технологическая инициатива (НТИ),Министерство промышленности и торговли РФ (Минпромторг России)"
"На Западе приняли неожиданное решение, касающееся россиян ",08:51 13.05.2024,https://ria.ru/20240513/dostup-1945499689.html,"""Известия"": Microsoft сняла запрет на обновление софта для россиян","Экономика,Технологии,Россия,Украина,Владимир Макаров,Microsoft Corporation,Руссофт"
"В ""Ростелекоме"" назвали достижение технологического суверенитета реальным  ",20:39 11.05.2024,https://ria.ru/20240511/rostelekom-1945296047.html,"Глава ""Ростелекома"" Осеевский: технологический суверенитет РФ станет реальностью","Экономика,Технологии,Россия,Чукотский автономный округ,Михаил Осеевский,Ростелеком"
Мишустин перечислил шаги для формирования новой модели экономического роста ,14:42 10.05.2024,https://ria.ru/20240510/ekonomika-1945105905.html,Мишустин: нужно формировать экономику предложения и открывать новые предприятия,"Экономика,Россия,Михаил Мишустин,Технологии,Госдума РФ"
"Мишустин рассказал, какие меры позволят обеспечить безопасность России ",14:41 10.05.2024,https://ria.ru/20240510/mishustin-1945105521.html,Мишустин: отечественные электронные платформы позволят обеспечить безопасность,"Экономика,Россия,Михаил Мишустин,Госдума РФ"
Мишустин сообщил о девяти проектах технологического суверенитета ,14:30 10.05.2024,https://ria.ru/20240510/mishustin-1945102525.html,Мишустин: предварительно будет девять проектов технологического суверенитета,"Россия,Госдума РФ,Михаил Мишустин,Экономика,Технологии"
Путин: электронные подписи способствовали бы цифровизации в странах ЕАЭС ,18:49 08.05.2024,https://ria.ru/20240508/putin-1944775053.html,Путин: признание электронных подписей в странах ЕАЭС помогло бы цифровизации,"Владимир Путин,Евразийский экономический союз,Россия,Технологии,Экономика"
Мария Багреева рассказала о роли производительности труда в росте экономики ,16:11 08.05.2024,https://ria.ru/20240508/ekonomika-1944711027.html,None,"Технологии,Москва,Россия,Нацпроекты,Экономика"
Шишкарев оценил долю России на мировом рынке логистики ,14:16 08.05.2024,https://ria.ru/20240508/shishkarev-1944665047.html,Шишкарев: доля России на мировом рынке логистики составляет менее процента,"Выставка-форум ""Россия"",Экономика,Технологии,Россия,Юго-Восточная Азия,Европа,Сергей Шишкарев,Владимир Путин"
Путин поручил обеспечить переход ключевых компаний на российское ПО ,20:13 07.05.2024,https://ria.ru/20240507/putin-1944524718.html,Путин поручил обеспечить переход не менее 80% ключевых компаний на ПО РФ,"Экономика,Технологии,Россия,Владимир Путин"
Путин поручил увеличить темп роста инвестиций в отечественный IT-сектор ,19:42 07.05.2024,https://ria.ru/20240507/investitsii-1944520196.html,Путин поручил увеличить темп роста инвестиций в IT-сектор в 2025-2030 гг,"Технологии,Россия,Владимир Путин,Экономика"
Путин постановил увеличить затраты на исследования и разработки ,19:06 07.05.2024,https://ria.ru/20240507/putin-1944510206.html,Путин постановил увеличить затраты на исследования и разработки в РФ,"Россия,Владимир Путин,Общество,Экономика"
Путин призвал вывести Россию в число ведущих стран по научным разработкам ,18:55 07.05.2024,https://ria.ru/20240507/nauka-1944505476.html,Путин призвал вывести РФ в десятку ведущих стран по научным разработкам к 2030 г,"Россия,Экономика,Владимир Путин,Технологии"
"Китай готов работать с Россией в области авиации, заявил посол в Москве ",16:49 07.05.2024,https://ria.ru/20240507/khankhuey-1944466278.html,Посол Ханьхуэй: КНР готова продвигать сотрудничество с Россией в области авиации,"Технологии,Китай,Россия,Чжан Ханьхуэй,Экономика,В мире,Авиация"
"Выпуск компьютеров, электроники и оптики в Москве вырос почти в 2,7 раза ",09:13 06.05.2024,https://ria.ru/20240506/kompyutery-1944020289.html,None,"Департамент инвестиционной и промышленной политики города Москвы,Экономика,Технологии,Москва,Максим Ликсутов,Сергей Собянин,Владислав Овчинский"
Мишустин рассказал о важности новых технологий ,11:07 03.05.2024,https://ria.ru/20240503/mishustin-1943635759.html,"Мишустин указал на важность новых технологий для будущих решений в ""оборонке""","Экономика,Технологии,Россия,Михаил Мишустин,Сергей Чемезов,Ростех"
На Кубани презентовали 30 инновационных проектов ,00:06 03.05.2024,https://ria.ru/20240503/innovatsii-1943588811.html,Предприниматели Краснодарского края презентовали 30 инновационных проектов,"Краснодарский край,Экономика,Технологии,Краснодарский край,Краснодар,Россия"
"В Москве рассказали, как роботы помогают на заводах и складах ",09:13 01.05.2024,https://ria.ru/20240501/roboty-1943202130.html,None,"Департамент инвестиционной и промышленной политики города Москвы,Экономика,Москва,Владислав Овчинский,НПО ""Андроидная техника"""
В Москве клиенты криптобиржи Beribit вторые сутки ждут возврата средств ,14:18 27.04.2024,https://ria.ru/20240427/beribit-1942753523.html,Клиенты криптобиржи Beribit вторые сутки находятся у офиса компании в Москве,"Экономика,Технологии,Москва,Ижевск"
Столичный промкомплекс освоил производство элемента для защиты кабелей ,07:13 27.04.2024,https://ria.ru/20240427/kabeli-1942637682.html,None,"Департамент инвестиционной и промышленной политики города Москвы,Экономика,Технологии,Москва,Владислав Овчинский,Сергей Собянин"
"Выпуск металлообрабатывающих станков в Москве вырос почти в 1,5 раза ",07:13 26.04.2024,https://ria.ru/20240426/stanki-1942380960.html,None,"Департамент инвестиционной и промышленной политики города Москвы,Экономика,Технологии,Москва,США,Германия,Владислав Овчинский,Министерство промышленности и торговли РФ (Минпромторг России)"
Беспилотные решения применят в сфере транспорта и АПК Ярославской области ,21:17 25.04.2024,https://ria.ru/20240425/evraev-1942367487.html,None,"Ярославская область,Экономика,Технологии,Ярославская область,Михаил Евраев,Дмитрий Фомин"
Путин поддержал идею создать центр для работы бизнеса на новых рынках ,16:29 25.04.2024,https://ria.ru/20240425/tsentr-1942301503.html,Путин одобрил идею создания координационного центра для бизнеса на новых рынках,"Африка,Владимир Путин,Экономика,Технологии,Россия,Южная Америка,Российский союз промышленников и предпринимателей,FESCO"
Путин рассказал о повышении производительности труда в экономике ,15:40 25.04.2024,https://ria.ru/20240425/putin-1942286890.html,Путин: повысить производительность труда предстоит во всех отраслях экономики РФ,"Россия,Экономика,Владимир Путин,Российский союз промышленников и предпринимателей,Технологии"
РЭЦ: господдержка поможет экспортерам присутствовать на маркетплейсах ,12:40 25.04.2024,https://ria.ru/20240425/gospodderzhka-1942243414.html,None,"Россия,Экономика,Китай,Вьетнам,Технологии,Экспорт,Российский экспортный центр (РЭЦ),ВЭБ.РФ (ВЭБ)"
Смартфоны стали главным товаром Индии для экспорта в Россию ,09:49 25.04.2024,https://ria.ru/20240425/indiya-1942201447.html,Индия в феврале поставила в Россию смартфонов на рекордные 36 миллионов долларов,"Экономика,Технологии,Россия,Индия"
Росэксимбанк выпустил первую электронную гарантию по НДС экспортерам ,15:18 24.04.2024,https://ria.ru/20240424/garantiya-1942049316.html,None,"Российский экспортный центр (РЭЦ),Экономика,Технологии,Россия,Росэксимбанк,Федеральная налоговая служба (ФНС России),ВЭБ.РФ (ВЭБ),Экспорт"
В СФ предложили решение проблемы с патентами лиц из недружественных стран ,12:24 23.04.2024,https://ria.ru/20240423/patenty-1941738585.html,Кутепов предложил упрощенную выдачу лицензий при уходе патентообладателей из РФ,"Экономика,Технологии,Россия,Андрей Кутепов,Совет Федерации РФ"
"""Искусственный вакуум"". План Запада против России дал неожиданный эффект ",08:00 23.04.2024,https://ria.ru/20240423/konkurentsiya-1941597354.html,"Эксперты: предприниматели признались, что бизнес стало вести легче ","Экономика,Технологии,Россия,Китай,Индия"
"РЭЦ: еще один производитель получил сертификат и знак ""Сделано в России"" ",16:35 22.04.2024,https://ria.ru/20240422/sertifikat-1941560923.html,None,"Экономика,Технологии,Россия,Китай,Саудовская Аравия,Российский экспортный центр (РЭЦ),ВЭБ.РФ (ВЭБ),Бренд Сделано в России (Made in Russia)"
Чернышенко спрогнозировал вклад ИИ в глобальную экономику к 2030 году ,15:45 22.04.2024,https://ria.ru/20240422/chernyshenko-1941544465.html,Чернышенко: вклад ИИ в глобальную экономику может достичь 15 триллионов долларов,"Экономика,Россия,Калининград,Дмитрий Чернышенко,Владимир Путин"
"Технический холдинг ""Эконивы"" начал производить запчасти для сельхозтехники ",03:34 22.04.2024,https://ria.ru/20240422/zapchasti-1941409998.html,"""ЭкоНиваТехника-Холдинг"" запустил производство запчастей для сельхозтехники","Экономика,Технологии,Россия,Калужская область,Воронежская область,Министерство сельского хозяйства РФ (Минсельхоз России),Федеральная служба по интеллектуальной собственности (Роспатент)"
Более 160 компаний Москвы участвовали в выставке нефтегазового оборудования ,13:00 20.04.2024,https://ria.ru/20240420/moskva-1941211903.html,None,"Департамент инвестиционной и промышленной политики города Москвы,Экономика,Москва,Арктика,Россия,Владислав Овчинский,Сергей Собянин,Технологии"
Эксперт рассказал о российском аналоге AutoCAD ,19:37 19.04.2024,https://ria.ru/20240419/po-1941137852.html,Баев: Россия имеет полноценный аналог американского промышленного ПО AutoCAD,"Экономика,Технологии,СССР,Россия,Евросоюз"
Цукерберг обошел Маска в списке богатейших людей планеты ,16:25 19.04.2024,https://ria.ru/20240419/tsukerberg-1941089808.html,Блумберг: Цукерберг обошел Маска в списке богатейших людей планеты,"Экономика,Технологии,Россия,Марк Цукерберг,Илон Маск,Бернар Арно,Tesla motors,Louis Vuitton,Amazon"
Трутнев назвал основные темы Восточного экономического форума ,08:28 19.04.2024,https://ria.ru/20240419/trutnev-1940953561.html,Трутнев: основной темой ВЭФ в 2024 году станут технологии будущего,"Экономика,Технологии,Дальний Восток,Россия,Владивосток,Юрий Трутнев,Дальневосточный федеральный университет"
Чибис попросил Путина увеличить провозную способность железной дороги ,19:31 18.04.2024,https://ria.ru/20240418/zhd-1940891109.html,Чибис заявил о необходимости увеличить провозную способность железной дороги,"Экономика,Технологии,Россия,Мурманская область,Белоруссия,Андрей Чибис,Владимир Путин"
"РЭЦ: возврат НДС через ""Мой экспорт"" доступный способ поддержки экспортеров ",15:55 18.04.2024,https://ria.ru/20240418/podderzhka-1940835659.html,None,"Российский экспортный центр (РЭЦ),ВЭБ.РФ (ВЭБ),Экономика,Россия,Росэксимбанк,Технологии"
Евгений Чаркин: РЖД создают метавселенную для пассажиров ,11:00 18.04.2024,https://ria.ru/20240418/charkin-1940554633.html,None,"Интервью,Экономика,Технологии,Россия,Республика Татарстан (Татарстан),Казань,Евгений Чаркин,РЖД,""Аврора"""
Статические испытания SSJ New в Новосибирске завершатся в 2025 году ,09:51 18.04.2024,https://ria.ru/20240418/samolet-1940722999.html,Статические испытания импортозамещенного самолета SSJ New завершатся в 2025 году,"Экономика,Новосибирск,Комсомольск-на-Амуре,Жуковский,ЦАГИ имени Н. Е. Жуковского,Sukhoi Superjet 100 (SSJ100)"
Доля евро в международных расчетах опустилась до исторического минимума ,09:08 18.04.2024,https://ria.ru/20240418/evro-1940714879.html,Доля евро в расчетах через SWIFT в марте упала до исторического минимума,"Экономика,Технологии,Россия,Китай,Индия,SWIFT"
В РЖД рассказали о поэтапном переводе сервисов на российскую ERP ,07:47 18.04.2024,https://ria.ru/20240418/rzhd-1940708742.html,"В РЖД сообщили, что уже начали поэтапный перевод сервисов на российскую ERP","Экономика,Технологии,Евгений Чаркин,РЖД,1С"
Компания-представитель молочного завода Кубани увеличила выработку на 18% ,22:02 17.04.2024,https://ria.ru/20240417/vyrabotka-1940674144.html,None,"Краснодарский край,Экономика,Технологии,Краснодарский край"
В Югре прошла первая операция по гидроразрыву пласта ,12:56 16.04.2024,https://ria.ru/20240416/minpromtorg-1940352524.html,Минпромторг: первая операция по гидроразрыву пласта прошла в ХМАО,"Экономика,Технологии,Россия,Михаил Иванов,Газпром,Министерство промышленности и торговли РФ (Минпромторг России),Министерство энергетики РФ (Минэнерго России)"
РЖД подписали договор на постройку поездов для ВСМ Москва — Петербург ,15:47 15.04.2024,https://ria.ru/20240415/poezda-1940181356.html,РЖД подписали договор на 12 млрд руб на новые поезда для ВСМ Москва — Петербург,"Экономика,Технологии,Москва,Санкт-Петербург,Россия,Олег Белозеров,РЖД,Уральские локомотивы"
"В России идет последовательный отказ от iPhone, заявил эксперт ",13:05 15.04.2024,https://ria.ru/20240415/iphone-1940129660.html,Аналитик: доля iPhone на рынке упадет до 4 процентов к концу года,"Экономика,Технологии,Россия,Эльдар Муртазин,Apple,Samsung,Mobile Research Group"
Samsung обогнала Apple по поставкам смартфонов по итогам первого квартала ,11:40 15.04.2024,https://ria.ru/20240415/samsung-1940103409.html,IDC Tracker: Samsung стала лидером по поставкам смартфонов в мире в I кв 2024 г,"Экономика,Технологии,Samsung,Apple"
"В России разработали нейросеть, выявляющую террористов среди мигрантов ",03:14 13.04.2024,https://ria.ru/20240413/neyroset-1939738693.html,"Компания Smart Engines создала нейросеть, выявляющую террористов среди мигрантов","Экономика,Технологии,Россия,СНГ,Альфа-банк,Газпромбанк"
В Москве начали выпускать мобильную роботизированную пожарную установку ,10:13 12.04.2024,https://ria.ru/20240412/ustanovka-1939459876.html,None,"Департамент инвестиционной и промышленной политики города Москвы,Экономика,Технологии,Россия,Владислав Овчинский,Москва,МЧС России (Министерство РФ по делам гражданской обороны, чрезвычайным ситуациям и ликвидации последствий стихийных бедствий),Калининская АЭС,Ангстрем"
Костин заявил о резком росте числа отказов в проведении платежей из России ,16:10 11.04.2024,https://ria.ru/20240411/kostin-1939395648.html,Глава ВТБ Костин: резко участились отказы в платежах от дружественных банков,"Экономика,Технологии,Россия,Андрей Костин (банкир),SWIFT"
Овчинский: московские предприятия увеличивают производство промоборудования ,07:13 11.04.2024,https://ria.ru/20240411/proizvodstvo-1939212618.html,None,"Департамент инвестиционной и промышленной политики города Москвы,Экономика,Технологии,Москва,Владислав Овчинский,Сергей Собянин"
ЦБ прокомментировал появление в App Store приложений подсанкционных банков ,21:01 10.04.2024,https://ria.ru/20240410/prilozheniya-1939206835.html,ЦБ советует осторожнее относиться к появлению приложений подсанкционных банков,"Экономика,Технологии,Россия,Тинькофф. Кредитные Системы,Центральный Банк РФ (ЦБ РФ),Google"
"Влияние цифровизации на экспорт обсудят на сессии на выставке ""Россия"" ",12:25 09.04.2024,https://ria.ru/20240409/tsifrovizatsiya-1938799824.html,None,"Экономика,Россия,Технологии,Вероника Никишина,Российский экспортный центр (РЭЦ),ВЭБ.РФ (ВЭБ),Цифровизация,Экспорт"
Путин поручил определить стоимость билетов на ВСМ Москва-Петербург ,11:54 08.04.2024,https://ria.ru/20240408/putin-1938540373.html,Путин поручил определить стоимость билетов на ВСМ Москва-Петербург до 1 июля,"Экономика,Технологии,Москва,Санкт-Петербург,Россия,Владимир Путин,Михаил Мишустин,Олег Белозеров,РЖД"
В России поддержат производство комплектующих для станкостроения ,11:47 08.04.2024,https://ria.ru/20240408/stankostroenie-1938537825.html,В России примут допмеры поддержки производства комплектующих для станкостроения,"Экономика,Технологии,Россия,Владимир Путин,Михаил Мишустин"
Эксперт рассказал об импортозамещении в сфере телемедицины ,11:21 08.04.2024,https://ria.ru/20240408/telemeditsina-1938528349.html,Эксперт: технологии КНР в телемедицине можно адаптировать под реалии России,"Экономика,Технологии,Китай,Армения,Россия"
Число самозанятых в России достигло десяти миллионов человек ,11:09 08.04.2024,https://ria.ru/20240408/samozanyatye-1938525649.html,"Десять миллионов самозанятых задекларировали 3,6 триллиона рублей с 2019 года","Экономика,Технологии,Россия,Федеральная налоговая служба (ФНС России)"
Доля IТ-отрасли в российском ВВП приблизилась к двум процентам ,11:57 07.04.2024,https://ria.ru/20240407/vvp-1938367422.html,Чернышенко: доля IТ-отрасли в ВВП России по итогам 2023 года приблизилась к 2%,"Выставка-форум ""Россия"",Экономика,Россия,Дмитрий Чернышенко,Технологии,Выставка-форум ""Россия"",ВДНХ"
"Экономика Рунета выросла в 3,5 раза за пять лет ",11:45 07.04.2024,https://ria.ru/20240407/runet-1938365691.html,"Чернышенко: объем экономики Рунета с 2019 г вырос в 3,5 раза, до 16,4 трлн руб","Выставка-форум ""Россия"",Экономика,Россия,Дмитрий Чернышенко,Технологии,Выставка-форум ""Россия"",ВДНХ"
Путин подписал закон о наказании за спам-звонки и рекламу кредитов ,16:01 06.04.2024,https://ria.ru/20240406/spam-1938257907.html,Путин подписал закон о штрафах до 1 млн рублей за спам-звонки,"Россия,Владимир Путин,Технологии,Экономика"
Intel продал офисное здание в Нижнем Новгороде ,11:35 06.04.2024,https://ria.ru/20240406/intel-1938212882.html,Intel продал свой офис в Нижнем Новгороде областной корпорации развития,"Экономика,Коммерческая недвижимость,Россия,Нижний Новгород,Нижегородская область,Технологии"
Российские медицинские и фармкомпании поедут в Турцию на Expomed Eurasia ,16:19 04.04.2024,https://ria.ru/20240404/vystavka-1937852974.html,None,"Российский экспортный центр (РЭЦ),ВЭБ.РФ (ВЭБ),Экономика,Технологии,Турция,Стамбул,Россия,Бренд Сделано в России (Made in Russia)"
Сбербанк запустил сервис обмена валюты по заданному клиентом курсу ,15:50 04.04.2024,https://ria.ru/20240404/valyuta-1937846080.html,"""Сбер"" запустил сервис автоматического обмена валюты по заданному клиентом курсу","Экономика,Технологии,США,Сбербанк России,Сбер"
"Критически важно модернизировать отрасли экономики, заявил Путин ",13:56 04.04.2024,https://ria.ru/20240404/putin-1937813000.html,Путин: критически важно модернизировать отрасли экономики,"Владимир Путин,Экономика,Россия,Технологии"
"Суд не стал пересматривать решение о возврате ""Столото"" в Google Play ",13:31 04.04.2024,https://ria.ru/20240404/stoloto-1937806108.html,"Верховный суд подтвердил решение о возврате приложения ""Столото"" в Google Play","Россия,Министерство финансов РФ (Минфин России),Столото,Google,Экономика,Технологии"
"США давят на страны, чтобы те не принимали карты ""Мир"", заявили в Кремле ",12:27 04.04.2024,https://ria.ru/20240404/mir-1937792659.html,"Песков назвал отказ стран принимать карты ""Мир"" следствием давления и угроз США","Россия,США,Дмитрий Песков,Экономика,Технологии,Платежная система ""Мир"",Карта ""Мир"""
Эксперт: программа МПТ — эффективный инструмент экономической политики ,11:53 04.04.2024,https://ria.ru/20240404/ekonomika-1937782376.html,None,"Экономика,Технологии,Москва,Сергей Собянин"
"Платежная система МirPay может появиться на айфонах, считает депутат ",09:59 04.04.2024,https://ria.ru/20240404/mirpay-1937757867.html,Депутат Горелкин: платежная система МirPay может появиться на айфонах,"Экономика,Технологии,Россия,Антон Горелкин,Apple,Госдума РФ,Федеральная антимонопольная служба (ФАС России)"
ФАС обвинила Apple в нарушении антимонопольного законодательства ,09:06 04.04.2024,https://ria.ru/20240404/fas-1937750640.html,ФАС: Apple должна объяснить позицию по доступу российских платежных систем к IOS,"Экономика,Россия,Федеральная антимонопольная служба (ФАС России),Apple,Технологии"
Обрабатывающие производства Костромской области увеличили выпуск продукции ,23:34 03.04.2024,https://ria.ru/20240403/vypusk-1937721801.html,None,"Костромская область,Экономика,Технологии,Костромская область"
Мишустин: представители МСП положительно оценивают инструменты для сектора ,17:27 03.04.2024,https://ria.ru/20240403/instrumenty-1937661659.html,None,"Твой бизнес,Твой бизнес – новости,Михаил Мишустин,Владимир Путин,Госдума РФ,Центральный Банк РФ (ЦБ РФ),Россия,Технологии,Экономика"
Российские компании покажут решения для медицины на выставке TIHE 2024 ,16:26 03.04.2024,https://ria.ru/20240403/vystavka-1937628501.html,None,"Экономика,Россия,Узбекистан,Технологии,Российский экспортный центр (РЭЦ),ВЭБ.РФ (ВЭБ)"
"Мишустин рассказал о финансировании сквозных технологий, включая ИИ ",14:07 03.04.2024,https://ria.ru/20240403/mishustin-1937583306.html,Мишустин: финансирование сквозных технологий достигло 137 миллиардов рублей,"Технологии,Россия,Михаил Мишустин,Госдума РФ,Экономика"
Эксперт оценил приостановку завода TSMC по производству чипов ,13:27 03.04.2024,https://ria.ru/20240403/chipy-1937570116.html,Эксперт: приостановка TSMC усугубит кризис на рынке чипов и увеличит спрос ,"Экономика,Технологии,Тайвань,Япония,Руслан Пермяков,Серия землетрясений на Тайване"
"Мишустин рассказал, как планируют снять барьеры по использованию БПЛА ",13:10 03.04.2024,https://ria.ru/20240403/mishustin-1937564291.html,"Мишустин: власти аккуратно снимут барьеры, сдерживающие использование БПЛА","Экономика,Россия,Михаил Мишустин,Госдума РФ,Отчет Мишустина о работе правительства в 2023 году"
"В Киргизии перестанут работать банковские карты ""Мир"" ",17:23 02.04.2024,https://ria.ru/20240402/karty-1937395390.html,"Оператор платежной системы Киргизии с 5 апреля прекратит обслуживать карты ""Мир""","Киргизия,В мире,Экономика,Карта ""Мир"",Технологии"
РЭЦ с регионами разработал более 650 предложений по поддержке экспортеров ,14:41 02.04.2024,https://ria.ru/20240402/podderzhka-1937350406.html,None,"Экономика,Технологии,Россия,Архангельск,Вероника Никишина,Российский экспортный центр (РЭЦ),ВЭБ.РФ (ВЭБ),поддержка,Экспорт"
РЭЦ: экспортеры с 5 по 16 апреля могут направлять заявки на господдержку  ,13:13 02.04.2024,https://ria.ru/20240402/zayavki-1937323455.html,None,"Экономика,Россия,Технологии,Экспорт,Господдержка,Российский экспортный центр (РЭЦ),ВЭБ.РФ (ВЭБ)"
В ТПП призвали активизировать сотрудничество МСБ в БРИКС ,11:23 02.04.2024,https://ria.ru/20240402/briks-1937292425.html,ТПП РФ: сотрудничество МСБ в рамках БРИКС необходимо активизировать,"Твой бизнес,Экономика,Технологии,Россия,Китай,ОАЭ,Сергей Катырин,БРИКС,Торгово-промышленная палата РФ,Твой бизнес – новости"
Московские компании все шире применяют искусственный интеллект ,10:13 02.04.2024,https://ria.ru/20240402/intellekt-1937213296.html,None,"Департамент инвестиционной и промышленной политики города Москвы,Экономика,Технологии,Москва,Владислав Овчинский,Сергей Собянин"
СМИ: разработчик российского аналога MS Office стал убыточным ,04:45 02.04.2024,https://ria.ru/20240402/ubytok-1937232802.html,"РБК: разработчик офисного софта ""Новые облачные технологии"" получил убыток","Россия,Технологии,Экономика,Финансы,Лаборатория Касперского"
РЭЦ: наши аддитивные технологии могут быть востребованы на Ближнем Востоке ,14:06 01.04.2024,https://ria.ru/20240401/tekhnologii-1937107029.html,None,"Экономика,Технологии,Росэксимбанк,Саудовская Аравия,Россия,Экспорт"
Путин поручил увеличить долю отечественных товаров ,13:13 01.04.2024,https://ria.ru/20240401/putin-1937085853.html,"Путин поручил в 1,5 раза увеличить долю товаров, использующих свои разработки","Экономика,Россия,Владимир Путин,Михаил Мишустин,Технологии"
Tele2 проведет ребрендинг до конца года ,11:37 01.04.2024,https://ria.ru/20240401/tele2-1937054232.html,Российский оператор Tele2 проведет ребрендинг до конца года,"Экономика,Технологии,Т2,Ростелеком"
В ФНС назвали число россиян со счетами за рубежом ,02:07 01.04.2024,https://ria.ru/20240401/fns-1937007722.html,ФНС: зарубежные счета имеются у 539 тысяч российских резидентов,"Экономика,Россия,Федеральная налоговая служба (ФНС России)"
Эксперты обсудили перспективные продукты в сфере ЦФА ,20:32 29.03.2024,https://ria.ru/20240329/produkty-1936729153.html,None,"Россия,Технологии,Экономика"
Производители батарей для электромобилей формируют мировой спрос на литий ,19:02 29.03.2024,https://ria.ru/20240329/spros-1936730245.html,None,"Экономика,Технологии,Россия,Государственная корпорация по атомной энергии ""Росатом"",Российский экспортный центр (РЭЦ),ВЭБ.РФ (ВЭБ)"
Работу приложения Райффайзенбанка восстановили ,14:06 29.03.2024,https://ria.ru/20240329/bank-1936638025.html,Работу мобильного приложения Райффайзенбанка полностью восстановили после сбоя,"Экономика,Технологии,Россия,Райффайзенбанк"
СМИ: в России появился второй долларовый миллиардер из сферы IT ,13:53 29.03.2024,https://ria.ru/20240329/milliarder-1936634560.html,Forbes: владелец Astra Linux стал долларовым миллиардером,"Экономика,Технологии,Евгений Касперский,Лаборатория Касперского,Вимм-Билль-Данн,Forbes"
Переводы средств в Райффайзенбанк недоступны из-за сбоя ,12:12 29.03.2024,https://ria.ru/20240329/bank-1936636548.html,Сбой с переводами наблюдается в мобильном приложении Райффайзенбанка,"Экономика,Технологии,Россия,Райффайзенбанк"
Белоусов поручил завершить разработку паспорта нацпроекта по транспорту ,12:04 29.03.2024,https://ria.ru/20240329/belousov-1936596099.html,Белоусов поручил в апреле завершить разработку паспорта нацпроекта по транспорту,"Экономика,Технологии,Россия,Андрей Белоусов"
"Свыше 60 компаний из Москвы стали участниками выставки ""Фотоника-2024"" ",10:31 29.03.2024,https://ria.ru/20240329/fotonika-1936565196.html,None,"Департамент инвестиционной и промышленной политики города Москвы,Владислав Овчинский,Москва"
В Красноярске запускают серийное производство снегоболотоходов ,07:26 29.03.2024,https://ria.ru/20240329/krasnoyarsk-1936523067.html,Правительство: в Красноярске запускают серийное производство снегоболотоходов,"Экономика,Технологии,Красноярск,Сергей Верещагин,Красноярский край"
Рособоронэкспорт рассказал о совместных проектах производства оружия ,15:47 28.03.2024,https://ria.ru/20240328/rosoboroneksport-1936409173.html,Рособоронэкспорт недавно завершил более десяти проектов с зарубежными странами,"Экономика,Технологии,Ближний Восток,Африка,Латинская Америка,Александр Михеев,Рособоронэкспорт,СНГ"
"""Тинькофф"": банки обсуждают создание партнерской платежной системы ",15:23 28.03.2024,https://ria.ru/20240328/partnerstvo-1936394664.html,None,"Тинькофф. Кредитные Системы,Технологии,Экономика"
"""Тинькофф"" поддерживает создание единого QR-кода под контролем банков ",14:56 28.03.2024,https://ria.ru/20240328/qr-kod-1936393398.html,None,"Тинькофф. Кредитные Системы,Технологии,Экономика"
"Samsung не комментирует прекращение обслуживания карт ""Мир"" ",10:46 28.03.2024,https://ria.ru/20240328/samsung-1936324562.html,"Samsung не комментирует прекращение обслуживания карт ""Мир"" в Samsung Pay","Экономика,Технологии,США,Samsung,Google,Санкции в отношении России"
"Производители из Москвы вошли в число лидеров конкурса брендов ""Знай наших"" ",10:19 28.03.2024,https://ria.ru/20240328/moskva-1936317087.html,None,"Департамент инвестиционной и промышленной политики города Москвы,Экономика,Москва,Агентство стратегических инициатив (АСИ),Владислав Овчинский"
"Оборот продавцов на маркетплейсе Ozon в 2023 году вырос в 2,5 раза ",10:00 28.03.2024,https://ria.ru/20240328/oborot-1936205961.html,None,"Ozon,Россия,Республика Калмыкия,Магаданская область,Технологии,маркетплейс,Экономика,Общество,Малый бизнес"
"Samsung Pay перестанет поддерживать карты ""Мир"" с 3 апреля ",11:46 27.03.2024,https://ria.ru/20240327/mir-1936117525.html,None,"Samsung,Технологии,Карта ""Мир"",Экономика"
Мишустин поручил проработать выделение средств для хайтек-стартапов ,10:56 27.03.2024,https://ria.ru/20240327/mishustin-1936108335.html,Мишустин поручил проработать выделение миллиарда рублей для хайтек-стартапов,"Экономика,Россия,Михаил Мишустин,Министерство экономического развития РФ (Минэкономразвития России),Министерство финансов РФ (Минфин России)"
Московские предприятия пищевой промышленности показали рост за год ,07:13 27.03.2024,https://ria.ru/20240327/promyshlennost-1936045281.html,None,"Департамент инвестиционной и промышленной политики города Москвы,Экономика,Технологии,Москва,Владислав Овчинский"
"России необходимо войти в топ-25 по уровню роботизации, заявил Мантуров ",10:13 26.03.2024,https://ria.ru/20240326/robotizatsiya-1935822818.html,Мантуров: России необходимо войти в топ-25 стран по уровню роботизации,"Экономика,Россия,Денис Мантуров,Дмитрий Чернышенко,Министерство промышленности и торговли РФ (Минпромторг России),Михаил Иванов,Технологии"
"Новые санкции ударили по криптофирмам, заявил Минфин США ",20:07 25.03.2024,https://ria.ru/20240325/sanktsii-1935749252.html,Минфин США: новые санкции ударили по торговцам технологическими товарами,"Экономика,Технологии,Россия,США,ОАЭ,Министерство финансов США,Центральный Банк РФ (ЦБ РФ),ВТБ (банк)"
ЕК начала расследование против Apple и Meta* ,14:25 25.03.2024,https://ria.ru/20240325/rassledovanie-1935659142.html,ЕК сообщила о расследовании нарушений правил конкуренции со стороны Apple и Meta,"Экономика,Технологии,Россия,Еврокомиссия,Google,Евросоюз"
"Криптобиржа CommEX, купившая бизнес Binance, приостановила операции ",14:18 25.03.2024,https://ria.ru/20240325/kriptobirzha-1935657394.html,"Криптобиржа CommEX, купившая бизнес Binance, приостановила операции с 25 марта","Экономика,Технологии,Россия,MasterCard, Inc.,Visa, Inc."
Эксперт оценил возможность российских облачных сервисов заменить Microsoft ,09:21 25.03.2024,https://ria.ru/20240325/oblaka-1935581570.html,Эксперт: российские облака могут полностью заменить ушедший Microsoft,"Экономика,Россия,Microsoft Corporation,Amazon,Технологии"
Холодный расчет: Россия и Китай готовят удар по доллару ,08:00 25.03.2024,https://ria.ru/20240325/briks-1935017090.html,Развитие платежных систем внутри БРИКС ослабит влияние доллара,"Экономика,Технологии,Россия,Китай,БРИКС,SWIFT,Евросоюз,BRICS Pay"
СМИ: Autodesk запретила российским компаниям использовать свой софт ,19:23 22.03.2024,https://ria.ru/20240322/kompaniya-1935026681.html,РБК: Autodesk запретила российским компаниям с 20 марта использовать свой софт,"Экономика,Россия,Евросоюз,Autodesk, Inc.,Технологии"
"Платформа ""Мой экспорт"" консультирует экспортеров и помогает с документами ",13:37 22.03.2024,https://ria.ru/20240322/konsultirovanie-1934917079.html,None,"Экономика,Технологии,Россия,Азия,Северная Америка,СНГ,Российский экспортный центр (РЭЦ),ВЭБ.РФ (ВЭБ)"
В Тамбовской области начали выпускать беспилотные комбайны ,15:01 21.03.2024,https://ria.ru/20240321/kombayny-1934710009.html,Под Тамбовом начали выпускать беспилотные комбайны совместно с Белоруссией,"Экономика,Тамбовская область,Белоруссия,Минск,Александр Лукашенко,Максим Егоров,Фонд развития промышленности,Технологии"
Эксперты обсудили развитие телерадиовещания в России ,20:45 20.03.2024,https://ria.ru/20240320/teleradioveschanie-1934563229.html,Директор департамента Минцифры Ларина: у РФ есть потенциал для создания ПО,"Выставка-форум ""Россия"",Экономика,Россия,Москва,Выставка-форум ""Россия"",Технологии"
Минцифры рассказало о российских возможностях в сфере разработки ПО ,17:42 20.03.2024,https://ria.ru/20240320/tekhnologii-1934534612.html,Минцифры: РФ обладает потенциалом для разработки оборудования и ПО,"Выставка-форум ""Россия"",Экономика,Россия,Москва,Выставка-форум ""Россия"",Технологии"
РЭЦ расскажет бизнесу о возможностях для развития продаж на мировых рынках ,12:18 20.03.2024,https://ria.ru/20240320/vozmozhnosti-1934434141.html,None,"Экономика,Россия,Технологии,Российский экспортный центр (РЭЦ),ВЭБ.РФ (ВЭБ)"
"ЦБ Армении прокомментировал сообщения об ограничении работы карт ""Мир"" ",15:59 19.03.2024,https://ria.ru/20240319/banki-1934268473.html,"ЦБ Армении: банки сами решают, сотрудничать ли с платежной системой ""Мир""","Экономика,Армения,Технологии"
"РЭЦ и Fesco запускают рефконтейнерный сервис ""Мясной шаттл"" в Китай ",13:15 19.03.2024,https://ria.ru/20240319/servis-1934216643.html,None,"Экономика,Технологии,Китай,Россия,Юго-Восточная Азия,Вероника Никишина,FESCO,Российский экспортный центр (РЭЦ),ВЭБ.РФ (ВЭБ)"
В ОСК назвали самые востребованные в корпорации профессии ,08:25 19.03.2024,https://ria.ru/20240319/osk-1934149282.html,"Сварщики, токари и маляры стали одними из самых востребованных профессий в ОСК","Технологии,Владимир Путин,Объединенная судостроительная корпорация,Россия,Экономика"
"Telegram выпустил облигации на 330 миллионов долларов, сообщил Дуров ",21:39 18.03.2024,https://ria.ru/20240318/telegram-1934116242.html,"Павел Дуров сообщил, что Telegram выпустил облигации на сумму в 330 миллионов","Экономика,Павел Дуров,Telegram,Технологии"
Microsoft хочет отложить приостановку доступа к облачным сервисам в России ,21:14 18.03.2024,https://ria.ru/20240318/servisy-1934112781.html,Softline: Microsoft хочет отложить приостановку доступа к облачным сервисам в РФ,"Россия,Microsoft Corporation,Amazon,Общество"
Минпромторг может внести Tefal в список параллельного импорта ,09:25 18.03.2024,https://ria.ru/20240318/import-1933907842.html,В России внесут Tefal в список параллельного импорта при прекращении поставок,"Экономика,Россия,Министерство промышленности и торговли РФ (Минпромторг России),Технологии"
Ozon опроверг информацию о массовом закрытии своих пунктов выдачи ,20:47 16.03.2024,https://ria.ru/20240316/ozon-1933561711.html,Ozon опроверг информацию о массовом закрытии своих ПВЗ,"Экономика,Ozon,Технологии"
Куба может внедрить российские электронные системы налогообложения ,23:27 15.03.2024,https://ria.ru/20240315/nalogooblozhenie-1933393698.html,Чернышенко: Куба может внедрить электронные системы налогообложения РФ до 2030 г,"Экономика,Куба,Россия,Дмитрий Чернышенко,Рикардо Кабрисас"
Microsoft закроет облачные сервисы для компаний в России ,19:59 15.03.2024,https://ria.ru/20240315/microsoft-1933351239.html,Microsoft с 20 марта отменит доступ к облачным сервисам для компаний в России,"Экономика,Россия,Украина,Технологии,Microsoft Corporation,Евросоюз,Telegram"
СМИ: производители бытовой техники начали блокировать параллельный импорт ,09:03 15.03.2024,https://ria.ru/20240315/rossiya-1933108814.html,"""Ъ"": Electrolux, Tefal и Braun начали блокировать параллельный импорт в РФ","Экономика,Технологии,Россия,Андрей Белоусов,Министерство промышленности и торговли РФ (Минпромторг России)"
"Строительство ВСМ поможет повысить скорость перевозки грузов, заявил Путин ",15:50 14.03.2024,https://ria.ru/20240314/vsm-1932983119.html,"Путин: строительство ВСМ повысит скорость и пассажирских, и грузовых поездов","Экономика,Технологии,Москва,Владимир Путин,Санкт-Петербург,РЖД"
"Поезда для ВСМ будут производить на ""Синаре"", сообщил Мантуров ",15:38 14.03.2024,https://ria.ru/20240314/vsm-1932980633.html,"Мантуров: на ""Синаре"" построят два новых корпуса по выпуску поездов для ВСМ","Экономика,Россия,Уральские локомотивы,Трансмашхолдинг,Денис Мантуров,Синара,Технологии"
Путин призвал строить ВСМ Москва — Петербург по российским технологиям ,15:34 14.03.2024,https://ria.ru/20240314/vsm-1932978596.html,Путин призвал использовать в строительстве ВСМ Москва — Петербург технологии РФ,"Экономика,Технологии,Россия,Ленинградская область,Владимир Путин"
"Сервис оплаты на платформе ""Мой экспорт"" упрощает операции компаний ",13:53 14.03.2024,https://ria.ru/20240314/servis-1932947774.html,None,"Российский экспортный центр (РЭЦ),Россия,Экономика,Технологии,ВЭБ.РФ (ВЭБ)"
"""Сбербанк"" планирует заработать 450 миллиардов рублей от внедрения ИИ ",15:18 13.03.2024,https://ria.ru/20240313/sberbank-1932752097.html,"Ведяхин: ""Сбербанк"" планирует заработать 450 миллиардов рублей от внедрения ИИ","Выставка-форум ""Россия"",Выставка-форум ""Россия"",Экономика,Сбербанк России,Технологии"
В Сбербанке рассказали о применении ИИ при выдаче кредитов ,15:00 13.03.2024,https://ria.ru/20240313/sberbank-1932745881.html,Сбербанк в 2024 г будет принимать 70% решений по кредитам юрлицам с помощью ИИ,"Выставка-форум ""Россия"",Экономика,Технологии,Сбербанк России,Выставка-форум ""Россия"",Россия"
"В ""Сбере"" оценили эффект от сотрудничества с исследовательскими центрами ИИ ",14:55 13.03.2024,https://ria.ru/20240313/sber-1932744186.html,"Ведяхин: инвестиции в исследовательские центры ИИ дали ""Сберу"" более 1 млрд руб","Выставка-форум ""Россия"",Технологии,Сбер,Сколковский институт науки и технологий,Выставка-форум ""Россия"",Россия,Экономика"
Билайн бизнес запустил диалоговый тренажер для ускорения обучения персонала ,10:00 13.03.2024,https://ria.ru/20240313/trenazher-1932531448.html,None,"ВымпелКом,Билайн,Технологии,Россия,beeline cloud,Экономика"
Путин рассказал о роли оборонной промышленности в развитии экономики ,08:23 13.03.2024,https://ria.ru/20240313/ekonomika-1932644249.html,"Путин: оборонка разгоняет экономику РФ, но необходимо соблюдать баланс","Безопасность,Экономика,Россия,Владимир Путин,Дмитрий Киселев,Интервью Владимира Путина Дмитрию Киселеву"
Клепач: российская промышленность выдержала удар санкций ,20:22 12.03.2024,https://ria.ru/20240312/promyshlennost-1932593835.html,None,"Андрей Клепач,Россия,США,Европа,Технологии,ВЭБ.РФ (ВЭБ),ПСБ (Банк ПСБ),Промсвязьбанк,Экономика"
"Украина приостановила процесс внесения компаний в список ""спонсоров войны"" ",22:27 11.03.2024,https://ria.ru/20240311/sponsory-1932388819.html,"На Украине приостановили процесс внесения компаний в перечень ""спонсоров войны""","Специальная военная операция на Украине,Экономика,Украина,Венгрия,Технологии,Австрия,Forbes,Knauf,Nestle S.A.,Philip Morris International"
Дуров планирует вывести Telegram на IPO ,17:33 11.03.2024,https://ria.ru/20240311/telegram-1932342798.html,"Дуров думает вывести Telegram на IPO, хотя инвесторы предлагали $30 млрд ","Экономика,США,Павел Дуров,Telegram,Технологии"
Цифровые финансовые активы разрешили использовать в международных расчетах ,15:20 11.03.2024,https://ria.ru/20240311/zakon-1932313493.html,"Путин подписал закон, позволяющий использовать ЦФА в международных расчетах","Владимир Путин,Экономика,Технологии,Центральный Банк РФ (ЦБ РФ),Анатолий Аксаков"
Московские производители продуктов питания укрепляют позиции на рынке ,07:12 11.03.2024,https://ria.ru/20240311/proizvoditeli-1932192924.html,None,"Департамент инвестиционной и промышленной политики города Москвы,Экономика,Технологии,Москва,Владислав Овчинский,Сергей Собянин,Департамент инвестиционной и промышленной политики города Москвы"
Столичный легпром нарастил производство и представил новые разработки ,09:11 10.03.2024,https://ria.ru/20240310/razrabotki-1932054019.html,None,"Департамент инвестиционной и промышленной политики города Москвы,Технологии,Москва,Экономика,Владислав Овчинский,Сергей Собянин"
Минцифры предложило изменить правила аккредитации IT-компаний ,13:40 06.03.2024,https://ria.ru/20240306/mintsifry-1931455073.html,Минцифры планирует проверять IT-компании на иностранное участие при аккредитации,"Экономика,Россия,Технологии,Министерство цифрового развития, связи и массовых коммуникаций РФ (Минцифры России)"
Путин посетил тепличный комплекс в Ставропольском крае ,17:12 05.03.2024,https://ria.ru/20240305/poezdka-1931271421.html,"Путину на Ставрополье показали прототип робота-комбайна, собирающего томаты","Экономика,Россия,Ставропольский край,Владимир Путин,Европа"
Эксперты назвали банки с наиболее выгодными условиями переводов ,15:39 05.03.2024,https://ria.ru/20240305/banki-1931233175.html,None,"Экономика,Тинькофф. Кредитные Системы,Газпромбанк,Сбербанк России,Технологии"
"ФАС намерена вывести ""Яндекс.Такси"" из-под моратория на проверки IT-бизнеса ",14:05 05.03.2024,https://ria.ru/20240305/fas-1931211832.html,"Шаскольский: ""Яндекс.Такси"" выведут из-под моратория на проверки IT-компаний","Экономика,Россия,Максим Шаскольский,Федеральная антимонопольная служба (ФАС России),Яндекс.Такси,Технологии"
Сбер запустил услугу выезда сотрудника для установки приложения на iOS ,13:01 05.03.2024,https://ria.ru/20240305/sber-1931193950.html,Выездной сервис Сбера добавил услугу по установке приложения на устройства Apple,"Технологии,Россия,Сбербанк России,Сбер,Apple"
Россиянам рассказали о развитии доставки грузов при помощи беспилотников ,05:41 05.03.2024,https://ria.ru/20240305/bespilotniki-1931128348.html,"НТИ: доставка грузов БПЛА имеет потенциал в Москве, но первыми станут НАО и ХМАО","Экономика,Технологии,Россия,Самарская область,Москва,Алексей Хрипун"
Производимое в Москве лазерное оборудование включили в реестр Минпромторга ,07:12 04.03.2024,https://ria.ru/20240304/oborudovanie-1930892994.html,None,"Департамент инвестиционной и промышленной политики города Москвы,Экономика,Технологии,Москва,Россия,Владислав Овчинский,Министерство промышленности и торговли РФ (Минпромторг России)"
"СМИ предупредило мир о наступлении второго ""китайского шока"" ",10:36 03.03.2024,https://ria.ru/20240303/tovary-1930809591.html,WSJ: мир второй раз ожидает наплыв китайских товаров,"Экономика,Технологии,Китай,Пекин,Россия,Владимир Путин,Такер Карлсон"
Первый российский бренд сумок из веганской биокожи готов выйти на экспорт ,21:27 02.03.2024,https://ria.ru/20240302/brend-1930761254.html,Леонова: первый российский бренд сумок из веганской биокожи готов к экспорту,"Экономика,Технологии,Россия,Узбекистан,Федеральное агентство по делам молодежи (Росмолодежь),СНГ,Министерство промышленности и торговли РФ (Минпромторг России),Всемирный фестиваль молодежи — 2024"
"""ЭкоНива"": открытость помогает российским брендам на внешних рынках ",18:32 02.03.2024,https://ria.ru/20240302/brendy-1930732768.html,None,"Экономика,Технологии,Россия,Китай,Ближний Восток,Владимир Путин,Федеральное агентство по делам молодежи (Росмолодежь),СНГ"
Дети во всем мире учатся работать с технологиями на российских разработках ,17:40 02.03.2024,https://ria.ru/20240302/razrabotki-1930724934.html,None,"Федеральное агентство по делам молодежи (Росмолодежь),Технологии,Россия,ВЭБ.РФ (ВЭБ),Экономика"
На Всемирном фестивале молодежи представили инновационные продукты ,18:01 01.03.2024,https://ria.ru/20240301/innovatsii-1930562707.html,None,"Российский экспортный центр (РЭЦ),Всемирный фестиваль молодежи — 2024,Сергей Кириенко,Россия,Технологии,ВЭБ.РФ (ВЭБ),Бренд Сделано в России (Made in Russia),Экономика"
ЦБ планирует запустить пилотный проект с универсальным платежным QR-кодом ,14:41 01.03.2024,https://ria.ru/20240301/qr-kod-1930490491.html,ЦБ планирует в этом году провести пилот с универсальным платежным QR-кодом,"Экономика,Технологии,Ольга Скоробогатова,Центральный Банк РФ (ЦБ РФ)"
"""Слишком дешево"": CША приготовились ударить по Китаю ",08:00 01.03.2024,https://ria.ru/20240301/kitay-1930210672.html,США пригрозили Китаю жесткими мерами за дешевый экспорт,"Экономика,Технологии,Китай,США,Евросоюз,Дональд Трамп,Всемирная торговая организация (ВТО),торговая война"
Путин поручил больше финансировать проекты технологического суверенитета ,16:10 29.02.2024,https://ria.ru/20240229/suverenitet-1930291846.html,Путин: проекты технологического суверенитета получат приоритетное финансирование,"Послание президента Федеральному Собранию —  2024 ,Владимир Путин,Россия,Технологии,Экономика"
Правительство выделит допсредства на НИОКРы и промышленную ипотеку ,15:45 29.02.2024,https://ria.ru/20240229/niokry-1930283758.html,Путин: 120 млрд рублей направят компаниям на НИОКРы и промышленную ипотеку,"Россия,Владимир Путин,Технологии,Экономика,Послание президента Федеральному Собранию —  2024 "
Путин рассказал о новых мерах поддержки экономики ,14:02 29.02.2024,https://ria.ru/20240229/support-1930238735.html,None,"Экономика,Технологии,Россия,Владимир Путин,Послание президента Федеральному Собранию —  2024 "
Путин поручил сформировать цифровые платформы в ключевых отраслях экономики ,13:36 29.02.2024,https://ria.ru/20240229/platformy-1930223920.html,Путин поручил создать цифровые платформы во всех ключевых отраслях экономики,"Послание президента Федеральному Собранию —  2024 ,Экономика,Технологии,Россия,Владимир Путин"
Путин призвал увеличить долю высокотехнологичных продуктов на рынке ,13:15 29.02.2024,https://ria.ru/20240229/putin-1930211429.html,"Путин призвал увеличить долю высокотехнологичных продуктов на рынке в 1,5 раза","Экономика,Россия,Владимир Путин,Технологии"
"""Ростех"" анонсировал восстановление производства самолетов А-50 ",12:11 29.02.2024,https://ria.ru/20240229/a-50-1930172596.html,Чемезов: Россия планирует восстановить производство самолетов ДРЛО А-50,"Ростех,А-50,Экономика,Россия,Сергей Чемезов,Технологии"
Тинькофф: объем рынка интернет-эквайринга в РФ вырос на 20% за год ,08:30 29.02.2024,https://ria.ru/20240229/internet-ekvayring-1929991232.html,None,"Россия,Банки,Тинькофф. Кредитные Системы,Экономика,Технологии"
Страны БРИКС поддержали возможность платежей через независимые каналы ,23:34 28.02.2024,https://ria.ru/20240228/brics-1930098789.html,Главы Минфинов БРИКС поддержали возможность платежей через независимые каналы,"Россия,БРИКС,Центральный Банк РФ (ЦБ РФ),Сан-Паулу (город),В мире"
Посол КНР объяснил сбои в расчетах с Россией вмешательством извне ,12:26 28.02.2024,https://ria.ru/20240228/raschety-1929955677.html,Посол объяснил сбои в расчетах России и КНР вмешательством третьих стран,"Технологии,Экономика,Россия,Китай,Чжан Ханьхуэй"
"""Тинькофф"" предупредил о мошеннической схеме со списанием ""налога на СВО"" ",11:28 28.02.2024,https://ria.ru/20240228/moshenniki-1929938929.html,"""Тинькофф"" предупредил о рассылке мошеннических писем о ""налоге на СВО""","Специальная военная операция на Украине,Экономика,Технологии,Тинькофф. Кредитные Системы"
Антон Силуанов: деньги лучше вкладывать в свою страну ,11:00 26.02.2024,https://ria.ru/20240226/siluanov-1929488402.html,None,"Интервью,Экономика,Технологии,Россия,Саудовская Аравия,Антон Силуанов,ОАЭ,БРИКС,Министерство финансов РФ (Минфин России),Центральный Банк РФ (ЦБ РФ)"
В Госдуме предложили создать агентство по регулированию больших данных ,06:22 26.02.2024,https://ria.ru/20240226/agentstvo-1929456824.html,Депутат Госдумы предложил создать агентство по регулированию больших данных,"Экономика,Технологии,СССР,Александр Бабаков,Госдума РФ,Федеральная налоговая служба (ФНС России),Россия"
"США включили ""ICL Техно"" в обновленный санкционный список ",21:35 23.02.2024,https://ria.ru/20240223/sanktsii-1929214339.html,США ввели санкции против ведущей IT-компании по производству оборудования в РФ,"Экономика,США,Россия,Технологии,Санкции,Санкции в отношении России"
Десять иностранных компаний в сфере электроники попали под новые санкции ,15:04 23.02.2024,https://ria.ru/20240223/sanktsii-1929155763.html,"Компании из Китая, Индии, Сербии и Турции попали под новый пакет санкций","Экономика,Технологии,Индия,Китай,Евросоюз,Еврокомиссия,Санкции в отношении России,Шри-Ланка"
Володин анонсировал создание самого крупного в России суперкомпьютера ,20:21 22.02.2024,https://ria.ru/20240222/superkompyuter-1929071300.html,Володин: самый крупный в России суперкомпьютер создадут в Саратовской области,"Экономика,Технологии,Россия,Саратовская область,Балаково,Вячеслав Володин,Михаил Мишустин,Станислав Кузнецов,Россети,Госдума РФ,Сбербанк России"
Правительство одобрило возврат упрощенного налогообложения для ювелиров ,20:03 22.02.2024,https://ria.ru/20240222/nalogi-1929068593.html,None,"Твой бизнес,Экономика,Россия,Алексей Сазанов,Технологии,Твой бизнес – новости"
Forbes опубликовал рейтинг самых дорогих компаний рунета ,08:57 22.02.2024,https://ria.ru/20240222/runet-1928886336.html,"Forbes: ""Яндекс"" возглавил рейтинг 30 самых дорогих компаний рунета","Яндекс,Wildberries,Avito,Forbes,Технологии"
"""Ак Барс"" ведет разработку речных прогулочных судов на электротяге ",05:36 22.02.2024,https://ria.ru/20240222/suda-1928874940.html,"Корпорация ""Ак Барс"" ведет разработку речных прогулочных судов на электротяге","Экономика,Технологии,Республика Татарстан (Татарстан)"
"Турецкий эксперт рассказал, как можно решить проблему с платежами из России ",08:26 21.02.2024,https://ria.ru/20240221/turtsiya-1928636915.html,"Аналитик Энгин Озер посоветовал создать в Турции банки, использующие ""Мир""","Экономика,Россия,США,Турция,Санкции в отношении России"
Мозулев: объем многолетних экспортных контрактов превысит 30 млрд рублей ,14:45 20.02.2024,https://ria.ru/20240220/kontrakty-1928454981.html,None,"Байкал,Китай,Россия,Технологии,Бизнес,Экономика,Экспорт,Импорт,Экология в России,Туризм"
"Минцифры анонсировало обсуждение новой стратегии ""Почты России"" ",13:12 20.02.2024,https://ria.ru/20240220/pochta-1928441353.html,"Шадаев: Минцифры в начале марта начнет обсуждать новую стратегию ""Почты России"" ","Экономика,Россия,Максут Шадаев,Почта России,Министерство финансов РФ (Минфин России),Технологии"
В России запустят производство отечественных подушек безопасности ,03:20 20.02.2024,https://ria.ru/20240220/proizvodstvo-1928361992.html,В России в 2025 году запустят производство отечественных подушек безопасности,"Экономика,Технологии,Россия,Ульяновск,Денис Мантуров,Соллерс,Ульяновский автомобильный завод (УАЗ),Министерство промышленности и торговли РФ (Минпромторг России)"
Путин поручил уделить внимание развитию международных платежей ,19:43 19.02.2024,https://ria.ru/20240219/putin-1928323674.html,Путин поручил правительству уделить внимание развитию международных платежей,"Экономика,Россия,Владимир Путин"
Путин рассказал о работе над импортозамещением ,16:44 16.02.2024,https://ria.ru/20240216/putin-1927828653.html,Путин: легпром и машиностроение успешно работают над импортозамещением,"Экономика,Россия,Владимир Путин"
"Российская промышленность развивается, несмотря на давление, заявил Путин ",16:35 16.02.2024,https://ria.ru/20240216/promyshlennost-1927825437.html,"Путин: отечественные компании успешно замещают импорт, несмотря на давление","Экономика,Технологии,Россия,Владимир Путин"
"Путин пообещал постараться посетить завод электротранспорта ""Синары"" ",16:09 16.02.2024,https://ria.ru/20240216/zavod-1927817804.html,"Путин заявил, что постарается посетить Челябинский завод горэлектротранспорта","Россия,Челябинск,Владимир Путин,Экономика,Технологии"
Путин заявил о возможности России самостоятельно развивать технологии ,15:32 16.02.2024,https://ria.ru/20240216/putin-1927809186.html,"Путин: Россия может развивать технологии, которые хотела получать за границей","Экономика,Технологии,Россия,Челябинская область,Владимир Путин"
"Путин посетил ""Завод роботов"" в Челябинске ",14:05 16.02.2024,https://ria.ru/20240216/chelyabinsk-1927787061.html,Путин приехал на Челябинский кузнечно-прессовый завод,"Экономика,Технологии,Челябинск,Владимир Путин,Челябинская область"
"В ОЭЗ ""Технополис Москва"" выпустили более 20 тысяч интерактивных панелей ",07:13 16.02.2024,https://ria.ru/20240216/paneli-1927680526.html,None,"Департамент инвестиционной и промышленной политики города Москвы,Экономика,Россия,Москва,Технологии,Владислав Овчинский,Геннадий Дегтев,Министерство промышленности и торговли РФ (Минпромторг России),Ангстрем"
Путин призвал создавать логистику для производства высокоскоростных поездов ,23:35 15.02.2024,https://ria.ru/20240215/logistika-1927692527.html,Путин: надо выстраивать логистику для производства высокоскоростных поездов,"Экономика,Технологии,Нижний Тагил,Россия,Владимир Путин,Уралвагонзавод"
"Савельев рассказал, как планируют создавать российский поезд для ВСМ ",23:22 15.02.2024,https://ria.ru/20240215/poezd-1927691492.html,"Савельев: создание поезда для ВСМ планируется на базе мощностей ""Синары"" и ТМХ","Экономика,Виталий Савельев,Технологии,Олег Белозеров,Владимир Путин"
Путин: Россия готова реализовывать проекты высокоскоростного ж/д сообщения ,21:55 15.02.2024,https://ria.ru/20240215/putin-1927681746.html,None,"Россия,Владимир Путин,Экономика,Технологии,Москва,Санкт-Петербург"
Путин рассказал о налаживании производства высокоскоростных поездов ,21:54 15.02.2024,https://ria.ru/20240215/proizvodstvo-1927681609.html,Путин: производство высокоскоростных поездов можно наладить ,"Владимир Путин,Экономика,Россия,Уральские локомотивы,Технологии"
Российский завод показал макет отечественного высокоскоростного поезда ,21:26 15.02.2024,https://ria.ru/20240215/maket-1927678004.html,Российский завод показал макет и интерьер высокоскоростного поезда,"Экономика,Олег Белозеров,Владимир Путин,Технологии"
"Из списка поставщиков продуктов для ВСУ исключат ""спонсоров войны"" ",22:33 14.02.2024,https://ria.ru/20240214/kompanii-1927451087.html,"На Украине запретили закупать продукты для ВСУ у компаний — ""спонсоров войны""","Специальная военная операция на Украине,Экономика,Россия,Украина,Белоруссия,Технологии,Вооруженные силы Украины,Knauf,Nestle S.A."
Нижегородский губернатор рассказал о развитии промышленности региона ,18:38 14.02.2024,https://ria.ru/20240214/promyshlennost-1927418019.html,None,"Нижегородская область,Нижегородская область,Глеб Никитин,Министерство промышленности и торговли РФ (Минпромторг России),Россия"
В ЦБ рассказали о работе над унифицированным платежным QR-кодом ,18:00 14.02.2024,https://ria.ru/20240214/qr-kod-1927403969.html,ЦБ обсуждает с банками концепцию унифицированного платежного QR-кода,"Экономика,Технологии,Россия,Центральный Банк РФ (ЦБ РФ),ВТБ (банк)"
Мантуров призвал российские бренды переходить на кириллицу ,17:23 14.02.2024,https://ria.ru/20240214/kirillitsa-1927389403.html,Мантуров призвал российские бренды использовать кириллицу в своих названиях,"Выставка-форум ""Россия"",Экономика,Технологии,Россия,Денис Мантуров,Министерство промышленности и торговли РФ (Минпромторг России)"
Некоторые российские компании смогут покупать итальянские товары за рубли ,15:58 14.02.2024,https://ria.ru/20240214/tovary-1927364790.html,Компании-члены ИРТП смогут покупать итальянские товары для ввоза за рубли,"Экономика,Россия,Италия,Технологии"
В Ростовской области запустили завод сельскохозяйственной техники ,13:49 14.02.2024,https://ria.ru/20240214/rostselmash-1927327977.html,"""Ростсельмаш"" запустил в Таганроге завод по производству сельхозтехники","Ростовская область,Экономика,Василий Голубев,Таганрог,Ростовская область,Технологии"
Столичный производитель ж/д систем открыл 5 лабораторий ,07:14 14.02.2024,https://ria.ru/20240214/proizvodstvo-1927206863.html,None,"Департамент инвестиционной и промышленной политики города Москвы,Экономика,Технологии,Владислав Овчинский,Москва"
"Эксперты рассказали, как расплачиваются в России иностранные туристы ",11:19 13.02.2024,https://ria.ru/20240213/inturisty-1927020264.html,РСТ: иностранные туристы предпочитают расплачиваться в России наличными,"Туризм,Новости - Туризм,Министерство экономического развития РФ (Минэкономразвития России),Никита Кондратьев,Экономика,Технологии,Туризм,Российский союз туриндустрии (РСТ)"
Предприятие из Марий Эл получило льготный займ на модернизацию производства ,16:07 12.02.2024,https://ria.ru/20240212/zaym-1926886141.html,None,"Твой бизнес,Фонд развития промышленности,Экономика,Технологии,Республика Марий Эл,Правительство Марий Эл,Твой бизнес – новости,Поддержка бизнеса,Предприниматели"
"Песков ответил на вопрос о роли встречи Путина с Кудриным по ""Яндексу"" ",12:12 09.02.2024,https://ria.ru/20240209/yandeks-1926390853.html,"Песков: Путин и Кудрин встречались перед сделкой по продаже активов ""Яндекса""","Яндекс,Экономика,Алексей Кудрин,Владимир Путин,Дмитрий Песков,Россия"
"Около 100 брендов представили туляки на конкурс брендов ""Знай наших"" ",20:26 08.02.2024,https://ria.ru/20240208/brendy-1926262249.html,None,"Тульская область,Экономика,Технологии,Тульская область,Россия,Тула,Светлана Чупшева,Алексей Дюмин,Игорь Шувалов,Агентство стратегических инициатив (АСИ)"
"Украина пополнила список ""спонсоров войны""  ",19:28 08.02.2024,https://ria.ru/20240208/kompaniya-1926253830.html,"Украина назвала американскую компанию Allied Mineral Products ""спонсором войны""","Специальная военная операция на Украине,Экономика,Украина,Технологии,Россия,Nestle S.A.,Knauf,Philip Morris International"
ПСБ расширил до 2 тысяч устройств банкоматную сеть в новых регионах России ,19:05 08.02.2024,https://ria.ru/20240208/promsvyazbank-1926250278.html,None,"Экономика,Технологии,Луганская Народная Республика,Херсонская область,Россия,Промсвязьбанк"
"Приволжскому полпреду показали завод ""Рузхиммаш"" в Мордовии ",18:49 08.02.2024,https://ria.ru/20240208/mordoviya-1926247039.html,None,"Республика Мордовия,Игорь Комаров,Артем Здунов"
"Для успеха России нужен не только настрой, но и специалисты, заявил Путин ",17:04 08.02.2024,https://ria.ru/20240208/rossiya-1926221917.html,"Путин: для успеха России одного патриотического настроя мало, нужны специалисты","Россия,Владимир Путин,Технологии,Экономика"
КМСП помогла вернуть бизнесу почти 3 млрд рублей долгов за товары и услуги ,10:00 08.02.2024,https://ria.ru/20240208/dolgi-1926025075.html,None,"Твой бизнес,Твой бизнес – новости,Корпорация МСП,Александр Исаевич,Экономика,Технологии,Россия,Министерство экономического развития РФ (Минэкономразвития России),Андрей Белоусов"
Эксперты: экспортерам России надо скорее освоить рынки Юго-Восточной Азии ,20:18 07.02.2024,https://ria.ru/20240207/eksportery-1926026555.html,Эксперты: экспортеры РФ должны поспешить освоить рынки Юго-Восточной Азии,"Экономика,Индонезия,Филиппины,Юго-Восточная Азия,Технологии"
РСПП: импортозамещение в России все больше становится импортоопережением ,19:48 07.02.2024,https://ria.ru/20240207/importozameschenie-1926022320.html,None,"Твой бизнес,Твой бизнес – новости,Экономика,Технологии,Россия,Александр Шохин,Российский союз промышленников и предпринимателей"
"РЭЦ назвал регионы, активнее всего использующие платформу ""Мой экспорт"" ",18:32 07.02.2024,https://ria.ru/20240207/rets-1926006094.html,"РЭЦ рассказал об активнее всего использующих платформу ""Мой экспорт"" регионах","Твой бизнес,Экономика,Технологии,Архангельское,Орловская область,Саранск,Твой бизнес – новости"
На российских маркетплейсах начались продажи Apple Vision Pro ,15:51 06.02.2024,https://ria.ru/20240206/apple-1925722963.html,Цена Apple Vision Pro в России достигает 900 тысяч рублей,"Экономика,Технологии,Россия,США,Яндекс.Маркет,Ozon,Wildberries"
"""Автотор"" объявил о создании собственного бренда электромобилей ",15:06 05.02.2024,https://ria.ru/20240205/amberavto-1925497212.html,"""Автотор"" объявил о создании собственного бренда электромобилей ""Амберавто""","Экономика,Калининград,Технологии,Калининградская область,Автотор,BMW AG,BMW 1,Kia Rio,Hyundai Creta,Россия"
Россия за три года выделит сто миллиардов рублей на беспилотники ,13:50 05.02.2024,https://ria.ru/20240205/bespilotniki-1925478612.html,Мантуров: Россия за три года выделит сто миллиардов рублей на производство БПЛА,"Денис Мантуров,Россия,Экономика,Технологии,Министерство промышленности и торговли РФ (Минпромторг России)"
Путин поручил представить меры стимулирования спроса на робототехнику ,10:36 05.02.2024,https://ria.ru/20240205/robototekhnika-1925427958.html,Правительство представит меры стимулирования спроса на робототехнические решения,"Россия,Владимир Путин,Михаил Мишустин,Технологии"
"Yandex N.V. получит деньги от продажи ""Яндекса"" в юанях ",10:04 05.02.2024,https://ria.ru/20240205/yandeks-1925416587.html,"Yandex N.V. получит средства от продажи ""Яндекса"" в юанях","Экономика,Яндекс,Технологии,Московская биржа"
"МКАО ""Яндекс"" планирует вывести акции на Мосбиржу ",10:03 05.02.2024,https://ria.ru/20240205/aktsii-1925416478.html,"Акции новой головной компании ""Яндекса"" будут торговаться на Московской бирже","Экономика,Технологии,Московская биржа,Яндекс"
"В ""Яндексе"" рассказали, какие активы группы Yandex N.V. сохранят ",09:34 05.02.2024,https://ria.ru/20240205/yandeks-1925411822.html,"""Яндекс"" сохранит активы Yandex N.V., кроме зарубежных стартапов","Экономика,Финляндия,Технологии,Яндекс,Россия,Октябрьский,Московская биржа"
"Yandex N.V. продает бизнес ""Яндекса"" ",09:05 05.02.2024,https://ria.ru/20240205/yandeks-1925406610.html,"Нидерландская Yandex N.V. заключила сделку по продаже ""Яндекса"" за 475 млрд руб","Яндекс,Экономика,Технологии,Александр Рязанов,ЛУКОЙЛ"
"Россия может начать выращивание какао-бобов, считает эксперт ",13:53 03.02.2024,https://ria.ru/20240203/kakao-1925203186.html,Кук: рост цен на какао-бобы открывает для РФ путь выращивания плодов у себя,"Экономика,Технологии,Россия"
Эксперт оценила долю креативной экономики в российском ВВП ,09:30 03.02.2024,https://ria.ru/20240203/ekonomika-1925170687.html,"Абрамова: доля креативной экономики в ВВП РФ составляет 4,87% и продолжает расти","Экономика,Россия,Марина Абрамова,ВВП"
В Австрии банкоматы перестали выдавать деньги с карт UnionPay Газпромбанка ,08:30 03.02.2024,https://ria.ru/20240203/avstriya-1925167095.html,В Австрии банкоматы перестали выдавать наличные с карт UnionPay Газпромбанка,"В мире,Австрия,Газпромбанк"
"Россия готова передавать партнерам технологические решения, заявил Мишустин ",10:24 02.02.2024,https://ria.ru/20240202/tekhnologii-1924971534.html,Мишустин: РФ готова передавать партнерам технологические и платформенные решения,"Технологии,Россия,Казахстан,Михаил Мишустин"
Мишустин заявил о конкурентоспособности отечественных нейросетей ,09:44 02.02.2024,https://ria.ru/20240202/neyroseti-1924958330.html,Мишустин заявил о равных возможностях отечественных нейросетей с ChatGPT,"Технологии,Россия,Михаил Мишустин"
Мишустин рассказал об эффекте от внедрения ИИ в экономику и госуправление ,09:43 02.02.2024,https://ria.ru/20240202/effekt-1924957864.html,Мишустин оценил эффект от внедрения ИИ в российскую экономику в триллион рублей,"Экономика,Россия,Михаил Мишустин,Технологии"
"""Автотор"" начнет серийное производство собственных электрокаров ",05:02 02.02.2024,https://ria.ru/20240202/elektrokary-1924937083.html,"""Автотор"" начнет серийное производство собственных электрокаров в 2025 году","Экономика,Технологии,Калининград,Россия,Автотор"
Первая школьная олимпиада по промпрограммированию пройдет в России ,19:11 01.02.2024,https://ria.ru/20240201/programmirovanie-1924876484.html,None,"Технологии,Россия,Тинькофф. Кредитные Системы,Высшая школа экономики (ВШЭ),Экономика,Общество,Московская область (Подмосковье)"
РЭЦ рассказал о работе сервиса по оформлению фитосанитарных сертификатов ,09:16 01.02.2024,https://ria.ru/20240201/zayavki-1924724977.html,"""Мой экспорт"" обрабатывает до 2 тыс заявок на фитосанитарные сертификаты в день","Российский экспортный центр (РЭЦ),Россия,ВЭБ.РФ (ВЭБ),Экономика"
Путин рассказал о производстве авиадвигателей в России ,16:39 31.01.2024,https://ria.ru/20240131/putin-1924617897.html,Путин: локализация в области авиационного двигателестроения составляет 90%,"Выборы президента России — 2024,Россия,Владимир Путин,Экономика,Технологии,МС-21"
Ефимов: Свыше 625 тысяч закупок провели на портале поставщиков в 2023 году ,14:05 31.01.2024,https://ria.ru/20240131/efimov-1924458658.html,None,"Экономика,Технологии,Пермский край,Новгородская область,Ханты-Мансийский автономный округ,Владимир Ефимов (Правительство Москвы)"
Столичный производитель аккумуляторных батарей увеличил их выпуск на 25% ,07:13 31.01.2024,https://ria.ru/20240131/batarei-1924459955.html,None,"Департамент инвестиционной и промышленной политики города Москвы,Экономика,Технологии,Москва,Владислав Овчинский"
Платежные сервисы банков и банкоматы в России работают штатно ,22:37 30.01.2024,https://ria.ru/20240130/banki-1924468302.html,"В банках сообщили, что платежные сервисы и банкоматы в России работают штатно","Экономика,Технологии,Россия,ВТБ (банк),Альфа-банк,Совкомбанк"
Минпромторг создал структуру для управления беспилотниками и робототехникой ,20:30 30.01.2024,https://ria.ru/20240130/bespilotniki-1924454927.html,В структуре Минпромторга создали управление беспилотных систем и робототехники,"Экономика,Технологии,Россия,Денис Мантуров,Министерство промышленности и торговли РФ (Минпромторг России)"
В КПРФ предложили наделить правительство и ЦБ дополнительными полномочиями ,17:45 30.01.2024,https://ria.ru/20240130/doppolnomochiya-1924425696.html,Депутаты от КПРФ предложили наделить кабмин и ЦБ дополнительными полномочиями,"Экономика,Технологии,Россия,Геннадий Зюганов,Госдума РФ,Центральный Банк РФ (ЦБ РФ)"
Эксперт отметил нехватку нормативно-правовой базы для маркетплейсов ,17:02 30.01.2024,https://ria.ru/20240130/marketpleysy-1924408318.html,Эксперт: ощущается нехватка нормативно-правовой базы для маркетплейсов в России,"Экономика,Россия,Технологии,Андрей Кутепов,Госдума РФ,Максим Орешкин,Виктор Евтухов"
Новый сервис билайна снижает число жертв мошенничества почти до нуля ,12:06 30.01.2024,https://ria.ru/20240130/bilayn-1924311102.html,None,"Билайн,Россия,мобильная связь,Экономика,Технологии,ВымпелКом"
В Россию могут привезти очки смешанной реальности от Apple ,00:42 30.01.2024,https://ria.ru/20240130/ochki-1924253884.html,Ритейлеры хотят привезти в Россию очки смешанной реальности Vision Pro от Apple,"Россия,США,Экономика,Эльдар Муртазин,Apple,МТС"
Югорский бренд получил первый патент на географическое указание ,20:17 29.01.2024,https://ria.ru/20240129/patent-1924227241.html,None,"Ханты-Мансийский Автономный Округ,Экономика,Технологии,Ханты-Мансийский автономный округ,Ханты-Мансийск"
Исследование: объем рынка нишевых маркетплейсов достиг 600 млрд рублей ,09:23 29.01.2024,https://ria.ru/20240129/marketpleysy-1924063034.html,Объем рынка нишевых маркетплейсов в России достиг 600 миллиардов рублей,"Экономика,Технологии,Тинькофф. Кредитные Системы,Lamoda,Россия,Data Insight"
В Москве производитель косметики выпустил 3 миллиона единиц товаров за год ,07:13 29.01.2024,https://ria.ru/20240129/kosmetika-1924004643.html,None,"Департамент инвестиционной и промышленной политики города Москвы,Экономика,Технологии,Москва"
РЭЦ: китайские покупатели меняют свои предпочтения ,18:41 28.01.2024,https://ria.ru/20240128/kitay-1924009268.html,None,"Экономика,Технологии,Россия,Китай,Ляонин"
"Beeline cloud и ""Лаборатория Касперского"" запускают новое облачное решение ",17:43 25.01.2024,https://ria.ru/20240125/bilayn-1923457139.html,None,"Россия,Билайн,Экономика,Технологии,beeline cloud"
Билайн интегрирует мультитрекинг Callibri в свою Виртуальную АТС ,10:00 25.01.2024,https://ria.ru/20240125/bilayn-1923272894.html,None,"Экономика,Билайн,Технологии,Россия"
Восстание машин. Китай начал завоевание Запада ,08:00 25.01.2024,https://ria.ru/20240125/avto-1923281888.html,The Economist: Китай вышел на первое место по экспорту автомобилей в мире ,"Экономика,США,Евросоюз,Технологии,Китай"
"ГК ""Аквариус"" открыла новые центры по разработке ПО для смартфонов ",01:34 25.01.2024,https://ria.ru/20240125/razrabotka-1923325505.html,"ГК ""Аквариус"" открыла два новых центра по разработке ПО для смартфонов","Экономика,Технологии,Санкт-Петербург,Нижний Новгород,Москва"
Компания из Москвы увеличила в два раза производство роботов-бариста ,07:13 24.01.2024,https://ria.ru/20240124/roboty-barista-1923081586.html,None,"Департамент инвестиционной и промышленной политики города Москвы,Экономика,Технологии,Москва"
"В Госдуме нашли альтернативу слову ""маркетплейс"" ",18:14 23.01.2024,https://ria.ru/20240123/marketpleys-1923054365.html,"В ГД слово ""маркетплейс"" предложили заменить на ""виртуальная торговая площадка""","Экономика,Технологии,Сергей Гаврилов,Госдума РФ"
В Москве разработали мобильную станцию для зарядки электромобилей ,07:15 23.01.2024,https://ria.ru/20240123/zaryadka-1922846086.html,None,"Департамент инвестиционной и промышленной политики города Москвы,Владислав Овчинский,Москва,Технологии,Экономика"
Минпромторг призвал обратить на маркетплейсы более пристальное внимание ,14:55 22.01.2024,https://ria.ru/20240122/minpromtorg-1922774469.html,Минпромторг: властям стоит обратить на маркетплейсы более пристальное внимание,"Россия,Министерство промышленности и торговли РФ (Минпромторг России),Госдума РФ,Ассоциация компаний интернет-торговли (АКИТ)"
"В России готовится новый нацпроект ""Транспорт"" ",20:03 20.01.2024,https://ria.ru/20240120/natsproekt-1922542072.html,"Секретариат Белоусова: правительство работает над новым нацпроектом ""Транспорт""","Экономика,Россия,Андрей Белоусов,Виталий Савельев,Технологии,Правительство РФ"
"Хакеры стали проводить ""ковровые"" атаки на российские банки, заявил эксперт ",05:34 19.01.2024,https://ria.ru/20240119/ataki-1922243686.html,Эксперт Бобрышев: хакеры изменили тактику проведения атак на российские банки,"Экономика,Россия"
Чернышенко спрогнозировал рост выручки IT-компаний благодаря нацпроекту ,13:30 17.01.2024,https://ria.ru/20240117/it-1921843495.html,"Чернышенко: выручка топ-100 IT-компаний вырастет в 2,5 раза благодаря нацпроекту","Выставка-форум ""Россия"",Экономика,Технологии,Дмитрий Чернышенко,Выставка-форум ""Россия"""
Wildberries ввел функцию отмены заказа в первый час после оформления ,16:13 16.01.2024,https://ria.ru/20240116/wildberries-1921667707.html,Маркетплейс Wildberries ввел функцию отмены заказа в первый час после оформления,"Общество,Wildberries,Россия"
"В ЦБ назвали число стран, подключившихся к российскому аналогу SWIFT ",14:56 16.01.2024,https://ria.ru/20240116/tsb-1921636495.html,ЦБ сообщил о подключении уже 20 стран к российскому аналогу SWIFT,"Выставка-форум ""Россия"",Экономика,Владимир Чистюхин,Центральный Банк РФ (ЦБ РФ)"
Артамонов: по объему товаропроизводства Липецкая область — первая в ЦФО ,16:11 13.01.2024,https://ria.ru/20240113/tovaroproizvodstvo-1921175556.html,None,"Липецкая область,Экономика,Технологии,Липецкая область,Россия,Липецк,Игорь Артамонов,Новолипецкий металлургический комбинат"
Citigroup сообщила о застрявших дивидендах клиентов в российском отделении ,22:48 12.01.2024,https://ria.ru/20240112/citigroup-1921068491.html,"Citigroup: 4,7 млрд длр остаются как застрявшие дивиденды клиентов компании в РФ","Экономика,Россия,Citigroup,Ситибанк,Citi,Аргентина,Технологии"
Белоруссия планирует создать в России восемь центров продажи техники  ,19:48 12.01.2024,https://ria.ru/20240112/tsentry-1921045266.html,Крутой: Белоруссия создаст в России 8 мультибрендовых центров продажи техники ,"Парламентское Собрание Союза Беларуси и России,Экономика,Технологии,Россия,Белоруссия,Кемеровская область,Минский автомобильный завод"
"Мантуров проверил производство самоходки ""Коалиция-СВ"" по гособоронзаказу ",18:55 12.01.2024,https://ria.ru/20240112/samokhodka-1921035295.html,"Мантуров проверил, как на Урале производят самоходку ""Коалиция-СВ""","Экономика,Технологии,Россия,Денис Мантуров,Свердловская область,Министерство промышленности и торговли РФ (Минпромторг России),Ростех"
РЖД пообещали запустить в конце 2024 года новые пассажирские вагоны ,16:35 12.01.2024,https://ria.ru/20240112/vagony-1920988515.html,Глава РЖД рассказал Путину о скором запуске новых пассажирских вагонов,"Экономика,Технологии,Россия,Олег Белозеров,РЖД,Владимир Путин,Новости - Туризм"
РЖД начали эксплуатировать новый мощный грузовой электровоз ,11:28 12.01.2024,https://ria.ru/20240112/rzhd-1920888201.html,"РЖД начали эксплуатировать новый мощный грузовой электровоз ""Малахит""","РЖД,Технологии,Россия"
"ФАС возбудила дело в отношении микрокредитной организации ""Госзайм"" ",10:15 11.01.2024,https://ria.ru/20240111/fas-1920669606.html,"ФАС возбудила дело против МФО ""Госзайм"" из-за наименования","Экономика,Россия,Федеральная антимонопольная служба (ФАС России),Технологии"
"Производители снегоболотохода ""Хищник"" учтут замечания Пескова ",10:13 11.01.2024,https://ria.ru/20240111/khischnik-1920669424.html,"Мезенин: предложения Пескова по доработке снегоболотохода ""Хищник"" будут учтены","Экономика,Россия,Чукотка,Дмитрий Песков,Технологии"
Абрамченко заявила о необходимости регулирования сферы фермерской продукции ,06:13 11.01.2024,https://ria.ru/20240111/regulirovanie-1920647493.html,Абрамченко заявила о необходимости регулирования в сегменте фермерской продукции,"Экономика,Россия,Иркутская область,Москва,Виктория Абрамченко,Роскачество"
"Школа экспорта РЭЦ оказала более 2,2 тысяч услуг клиентам ""Моего экспорта"" ",13:10 10.01.2024,https://ria.ru/20240110/moy_eksport-1920499106.html,None,"Экономика,Технологии,Российский экспортный центр (РЭЦ),Экспорт,ВЭБ.РФ (ВЭБ)"
"НДФЛ с 2024 года: больше вычеты, налог на релокантов, обязанности бизнеса ",10:00 10.01.2024,https://ria.ru/20240110/ndfl-1918963981.html,None,"Экономика,Россия,Федеральная налоговая служба (ФНС России),НДФЛ,Технологии,Общество"
Эксперт заявила о целесообразности заправки российских автобусов водородом ,09:48 09.01.2024,https://ria.ru/20240109/vodorod-1920235827.html,"Эксперт: заправлять автобусы водородом было бы целесообразнее, чем обычные авто","Экономика,Россия,Китай,Европа,Трансмашхолдинг,РЖД,DuPont,Технологии"
Титов рассказал о повсеместном дефиците кадров ,12:35 06.01.2024,https://ria.ru/20240106/titov-1919927773.html,Титов назвал повсеместный дефицит кадров основным вызовом для бизнеса в России,"Экономика,Технологии,Россия,Борис Титов"
"Глава ""Иннопрактики"" и ее первый зам вошли в капитал ""Приводной техники"" ",21:01 29.12.2023,https://ria.ru/20231229/kapital-1919057431.html,"Глава Иннопрактики Тихонова и ее зам Попова вошли в капитал ""Приводной техники""","Экономика,Технологии,Россия,Наталия Попова,Иннопрактика"
"В США призвали ставить маячки на оборудование, чтобы оно не попало в Россию ",21:00 29.12.2023,https://ria.ru/20231229/ssha-1919057051.html,"В США предложили ставить маячки на оборудование, чтобы оно не попало в Россию","Экономика,Китай,США,Технологии,Россия,Apple,Крис Миллер"
"Песков прокомментировал ситуацию вокруг Carlsberg и ""Балтики""  ",13:15 29.12.2023,https://ria.ru/20231229/peskov-1918947394.html,"Песков заявил, что ситуация с Carlsberg и ""Балтикой"" хорошо известна президенту","Carlsberg,Дмитрий Песков,Экономика,Балтика (пивоваренная компания),Россия,Азербайджан,Белоруссия,Владимир Путин,Антон Вайно,Федеральная служба по интеллектуальной собственности (Роспатент),СНГ"
Чернышенко рассказал о нацпроекте по развитию беспилотных авиасистем ,09:36 29.12.2023,https://ria.ru/20231229/natsproekt-1918900802.html,Чернышенко: нацпроект по развитию беспилотных авиасистем запустят в 2024 году,"Дмитрий Чернышенко,Экономика,Технологии"
Чернышенко оценил будущий эффект для российской экономики от внедрения ИИ ,09:28 29.12.2023,https://ria.ru/20231229/effekt-1918899331.html,Чернышенко: эффект от внедрения ИИ должен составить 11 трлн рублей к ВВП России,"Технологии,Россия,Дмитрий Чернышенко,Экономика"
Россия увеличила выпуск компьютеров ,19:16 27.12.2023,https://ria.ru/20231227/kompyutery-1918559384.html,"Росстат: Россия в ноябре увеличила выпуск компьютеров на 38,9 процента","Экономика,Технологии,Россия,Федеральная служба государственной статистики (Росстат)"
Правительство будет выдавать отдельные разрешения на вывоз техники ,11:43 27.12.2023,https://ria.ru/20231227/vyvoz-1918398804.html,Кабмин будет выдавать отдельные разрешения на вывоз техники некоторым компаниям,"Экономика,Технологии,Россия"
"""Новатэк"" получил патенты на технологии производства аммиака ",10:35 27.12.2023,https://ria.ru/20231227/novatek-1918379072.html,"""Новатэк"" получил патенты на крупнотоннажные технологии производства аммиака","Новатэк,Экономика,Россия,Технологии"
"""Сбер"" запустил в банкоматах возможность вносить наличные без карты ",10:13 27.12.2023,https://ria.ru/20231227/sberbank-1918375664.html,"""Сбер"" запустил в 98 процентах банкоматов возможность вносить наличные без карты","Экономика,Сбербанк России,Сбер,Технологии"
"Борисов заявил о росте выручки ""Роскосмоса"" в 2023 году ",20:36 26.12.2023,https://ria.ru/20231226/roskosmos-1918319287.html,"Борисов: консолидированная выручка ""Роскосмоса"" выросла на 24 миллиарда рублей","Юрий Борисов (сенатор),Роскосмос,Космос - РИА Наука,Технологии"
"Ремоторизация SSJ российскими двигателями обсуждается, заявили в ОАК ",14:31 26.12.2023,https://ria.ru/20231226/oak-1918190275.html,Слюсарь: идея ремоторизации SSJ-100 отечественными двигателями обсуждается,"Экономика,Технологии,Юрий Слюсарь,Объединенная авиастроительная корпорация (ОАК)"
"Сервис ""Профессионалы экспорта"" обработал более 5 тысяч заявок экспортеров ",12:35 26.12.2023,https://ria.ru/20231226/professionaly_eksporta-1918138241.html,None,"Российский экспортный центр (РЭЦ),Экспорт,Технологии,Экономика,Россия,ВЭБ.РФ (ВЭБ)"
Силуанов обсудил с Грефом начало использования ИИ в бюджетном процессе ,11:35 26.12.2023,https://ria.ru/20231226/ii-1918118349.html,Силуанов обсудил с Грефом возможность использования ИИ в бюджетном процессе,"Общество,Экономика,Технологии,Герман Греф,Антон Силуанов,Сбербанк России,Министерство финансов РФ (Минфин России)"
Орешкин рассказал о преимуществах России в платформизации отраслей ,00:10 26.12.2023,https://ria.ru/20231226/ekonomika-1918063609.html,Орешкин: Россия обладает выгодными позициями по платформизации разных отраслей,"Экономика,Технологии,Россия,Максим Орешкин,Яндекс,Google,Яндекс.Такси"
"Путин подписал закон об улучшении условий развития компаний ""Сколково"" ",18:05 25.12.2023,https://ria.ru/20231225/skolkovo-1918012401.html,"Путин подписал закон об улучшении условий развития хай-тек компаний ""Сколково""","Экономика,Технологии,Россия,Михаил Мишустин,Владимир Путин,Сколково"
Первое в России производство ESС открыли в Костромской области ,15:44 25.12.2023,https://ria.ru/20231225/proizvodstvo-1917963797.html,None,"Костромская область,Костромская область,Россия,Кострома,Министерство промышленности и торговли РФ (Минпромторг России),Сергей Ситников"
СМИ: Google обратился к российским операторам связи ,12:51 25.12.2023,https://ria.ru/20231225/gugl-1917913927.html,РБК: российские операторы планируют расширить сотрудничество с Google по трафику,"Экономика,Москва,Технологии,Санкт-Петербург,Google,ВымпелКом"
Итоги года: всем по высокоскоростной железной дороге ,12:16 25.12.2023,https://ria.ru/20231225/vsm-1917904320.html,None,"Общество,Экономика,Россия,Олег Белозеров,Владимир Путин,Валентин Иванов,РЖД,Транспорт"
Мантуров рассказал о перспективах самолета Ил-96-400 ,09:38 25.12.2023,https://ria.ru/20231225/samolet-1917853488.html,Мантуров: дальнемагистральный самолет Ил-96-400 может стать пассажирским,"Экономика,Россия,Денис Мантуров,Министерство промышленности и торговли РФ (Минпромторг России)"
В ГТЛК рассказали о мощностях России по производству авиатехники ,09:20 25.12.2023,https://ria.ru/20231225/aviatekhnika-1917849345.html,Мощности РФ по производству авиатехники составляют около 100 самолетов в год,"Экономика,Россия,Федеральное агентство воздушного транспорта (Росавиация)"
Мантуров рассказал о росте производства радио- и микроэлектроники в России ,07:43 25.12.2023,https://ria.ru/20231225/proizvodstvo-1917840433.html,Мантуров: производство микроэлектроники в России вырастет более чем на 30%,"Экономика,Технологии,Россия,Белоруссия,Китай,Денис Мантуров,Министерство промышленности и торговли РФ (Минпромторг России)"
"Мантуров рассказал, сколько власти закажут беспилотников в ближайшие годы ",07:32 25.12.2023,https://ria.ru/20231225/bespilotniki-1917840177.html,"Мантуров: власти закажут более 8,5 тыс преимущественно российских беспилотников","Экономика,Технологии,Россия,Денис Мантуров,Министерство промышленности и торговли РФ (Минпромторг России)"
"Мантуров рассказал, в каких отраслях промышленности удалось достичь прорыва ",06:57 25.12.2023,https://ria.ru/20231225/promyshlennost-1917837667.html,None,"Экономика,Технологии,Россия,Денис Мантуров,Министерство промышленности и торговли РФ (Минпромторг России)"
"Беглов: Петербург привлекателен для молодежи, студентов и преподавателей ",16:58 23.12.2023,https://ria.ru/20231223/peterburg-1917671920.html,None,"Выставка-форум ""Россия"",Санкт-Петербург,Александр Беглов"
"Производство карты ""Тройка"" стало полностью российским ",12:59 23.12.2023,https://ria.ru/20231223/troyka-1917643340.html,"Собянин: карты ""Тройка"" с отечественным чипом передали для тестирования в метро","Технологии,Москва,Сергей Собянин,Московский метрополитен,Карта ""Тройка"""
СФ одобрил закон о мерах стимулирования спроса на промышленную продукцию ,15:00 22.12.2023,https://ria.ru/20231222/zakon-1917495742.html,Сенаторы одобрили закон о мерах стимулирования спроса на промышленную продукцию,"Россия,Министерство промышленности и торговли РФ (Минпромторг России)"
ЦБ назвал главное разочарование года ,13:49 20.12.2023,https://ria.ru/20231220/tsentrobank-1916947334.html,ЦБ: главное разочарование года — малый прогресс в регулировании цифровых валют,"Экономика,Анатолий Аксаков,Эльвира Набиуллина,Технологии,Россия,Центральный Банк РФ (ЦБ РФ),Госдума РФ"
Новым заместителем главы Минцифры назначили Сергея Кучушева ,20:53 19.12.2023,https://ria.ru/20231219/mintsifry-1916817836.html,Кабмин назначил новым замглавы Минцифры Сергея Кучушева,"Экономика,Технологии"
"ПСБ и Фонд ""Защитники Отечества"" выдали совместные карты ветеранам СВО ",15:58 19.12.2023,https://ria.ru/20231219/psb-1916741472.html,None,"Экономика,Россия,Виктор Евтухов,Технологии,Промсвязьбанк,Министерство промышленности и торговли РФ (Минпромторг России),Вера Подгузова"
В России представили первое открытое ПО для дронов ,09:07 19.12.2023,https://ria.ru/20231219/bespilotniki-1916634839.html,Российские разработчики представили первое в стране открытое ПО для дронов,"Россия,Агентство по страхованию вкладов,Технологии"
"Новая цифровая услуга стала доступна на платформе ""Мой экспорт"" ",17:39 18.12.2023,https://ria.ru/20231218/uslugi-1916559577.html,None,"Экономика,Россия,Технологии"
"В России представили ""антишпионский"" смартфон ",13:02 18.12.2023,https://ria.ru/20231218/smartfon-1916465345.html,"Отечественный ""антишпионский"" смартфон представлен в России","Экономика,Саранск,Россия,Технологии"
Налоговые органы России и Узбекистана согласовали план обмена опытом  ,11:38 18.12.2023,https://ria.ru/20231218/obmen-1916438732.html,Налоговые органы России и Узбекистана согласовали дорожную карту сотрудничества ,"Экономика,Узбекистан,Россия,Москва,Федеральная налоговая служба (ФНС России)"
"Мишустин с коллегами из СНГ посетил выставку ""Россия"" ",11:00 18.12.2023,https://ria.ru/20231218/vystavka-1916427820.html,"Мишустин и главы правительств стран СНГ посетили выставку ""Россия"" на ВДНХ","Выставка-форум ""Россия"",Экономика,Михаил Мишустин,СНГ,ВДНХ,Выставка-форум ""Россия"""
"В ""Почте России"" видят потенциал ускорения доставки посылок в 2024 году ",10:19 18.12.2023,https://ria.ru/20231218/pochta-1916409256.html,"""Почта России"" видит потенциал ускорения доставки посылок на 20-30% в 2024 г","Экономика,Москва,Краснодар,Хабаровск,Михаил Волков,Яндекс,Почта России,Технологии"
"Московские диаметры скоро соединят города центральной России, заявил Путин ",14:59 15.12.2023,https://ria.ru/20231215/putin-1916037362.html,Путин: московские центральные диаметры скоро соединят города центральной России,"Общество,Экономика,Технологии,Россия,Москва,Московская область (Подмосковье),Владимир Путин,Транспорт"
Продажи продуктов ярославских производителей выросли на семь процентов ,21:09 14.12.2023,https://ria.ru/20231214/prodazhi-1915911429.html,None,"Ярославская область,Экономика,Технологии,Ярославская область,Россия,Михаил Евраев,Владимир Путин"
"Путин рассказал, как относятся к Aurus в Эмиратах ",15:06 14.12.2023,https://ria.ru/20231214/aurus-1915807913.html,Путин: друзьям в Эмиратах нравится Aurus,"Итоги года с Владимиром Путиным,Экономика,Технологии,ОАЭ,Россия,Владимир Путин,Денис Мантуров,Научно-исследовательский автомобильный и автомоторный институт ""НАМИ"",Газпром,Соллерс"
"Путин заявил, что авиапарк в России перегружен иностранными самолетами ",14:22 14.12.2023,https://ria.ru/20231214/samolety-1915790413.html,"Путин: были споры с авиакомпаниями, покупавшими много иностранных самолетов","Россия,Владимир Путин,Экономика,Технологии,Итоги года с Владимиром Путиным"
Путин рассказал о промышленном производстве дронов ,13:26 14.12.2023,https://ria.ru/20231214/putin-1915766440.html,Путин: промпроизводство для выпуска дронов работает активно,"Владимир Путин,Безопасность,Итоги года с Владимиром Путиным,Экономика,Россия"
"Российский бизнес назвал отрасли, срочно требующие импортозамещения ",18:15 13.12.2023,https://ria.ru/20231213/importozameschenie-1915599048.html,"Российский бизнес назвал электронику отраслью, требующей  импортозамещения","Экономика,Технологии"
В России разработали коленный протез с микропроцессорным управлением ,09:42 13.12.2023,https://ria.ru/20231213/protez-1915455029.html,"""Ростех"" разработал бионический коленный протез с микропроцессорным управлением","Наука,Экономика,Россия,Ростех,Технологии"
ВТБ получил награду Московской биржи в области технологий комплаенс ,17:57 12.12.2023,https://ria.ru/20231212/vtb-1915369445.html,None,"ВТБ (банк),Московская биржа,Технологии,Экономика,Банки"
"Минфин России разработал законопроект об ""экспорте криптовалют"" ",16:37 12.12.2023,https://ria.ru/20231212/proekt-1915348624.html,"Чебесков: Минфин РФ разработал законопроект об ""экспорте криптовалют""","Россия,Технологии,Экономика,Госдума РФ"
Кузбасская ИТ-компания запускает совместный проект с оборонным предприятием ,12:27 12.12.2023,https://ria.ru/20231212/proekt-1915272538.html,None,"Кемеровская область,Технологии"
Установка ИИ на тракторах позволила сэкономить российским аграриям ,10:19 12.12.2023,https://ria.ru/20231212/tekhnologii-1915234648.html,Установка ИИ на тракторах сэкономила аграриям до пяти миллиардов рублей,"Экономика,Технологии,Россия,Сбер"
"Токаев заявил, что будет лично курировать создание системы ИИ ",08:57 12.12.2023,https://ria.ru/20231212/kazakhstan-1915220684.html,Токаев: от успеха в создании системы ИИ зависит будущее Казахстана ,"Экономика,Технологии,Казахстан,Касым-Жомарт Токаев"
ФПК планирует завершить переход на новую форму в 2024 году ,07:15 12.12.2023,https://ria.ru/20231212/fpk-1915215495.html,Федеральная пассажирская компания завершит переход на новую форму в 2024 году,"Общество,Экономика,Технологии,Самара,Санкт-Петербург,Москва,Владимир Пястолов,Федеральная пассажирская компания,РЖД"
Пассажиры смогут расплачиваться банковскими картами в каждом вагоне ФПК ,07:13 12.12.2023,https://ria.ru/20231212/fpk-1915215252.html,Пассажиры смогут расплачиваться картами в каждом вагоне ФПК с начала 2024 года,"Туризм,Общество,Экономика,Технологии,Россия,Владимир Пястолов,РЖД,Федеральная пассажирская компания,Новости - Туризм"
"""ЭРА-ГЛОНАСС"" запустит платформу для мониторинга авиабеспилотников ",02:05 12.12.2023,https://ria.ru/20231212/era-glonass-1915204615.html,"""ЭРА-ГЛОНАСС"" запустит платформу для мониторинга авиабеспилотников и самокатов","Экономика,Москва,Россия,Алексей Райкевич,Технологии,ЭРА-ГЛОНАСС"
Силуанов рассказал о решении отменить льготы по связи LTE ,22:57 11.12.2023,https://ria.ru/20231211/lgoty-1915193633.html,"Силуанов заявил, что власти решили отменить льготы по связи LTE (4G) в 2024 году","Экономика,Технологии,Чукотка,Дальний Восток,Россия,Антон Силуанов,Владимир Путин,Максут Шадаев,Министерство финансов РФ (Минфин России)"
Архангельский губернатор рассказал о росте объема инвестиций в регионе ,22:32 11.12.2023,https://ria.ru/20231211/investitsii-1915191361.html,None,"Архангельская область,Экономика,Технологии,Архангельская область,Россия,Владимир Путин,Александр Цыбульский,РЖД,Звездочка"
"Новая услуга господдержки запущена на платформе ""Мой экспорт"" ",18:12 11.12.2023,https://ria.ru/20231211/gospodderzhka-1915150305.html,None,"Экономика,Технологии,Российский экспортный центр (РЭЦ),Экспорт,Господдержка,ВЭБ.РФ (ВЭБ)"
В России начали работу над новыми гибридами подсолнечника ,13:42 11.12.2023,https://ria.ru/20231211/podsolnechnik-1915059403.html,Компании и ученые АПК России начали работу над новыми гибридами подсолнечника,"Экономика,Россия,Технологии"
"В Шуе начнут производить улучшенные ноутбуки ""Аквариус"" ",04:20 11.12.2023,https://ria.ru/20231211/noutbuki-1914988566.html,"В Шуе начнут производить улучшенные ноутбуки ""Аквариус"", собирать в Твери","Экономика,Технологии,Шуя,Тверь,Россия,Министерство промышленности и торговли РФ (Минпромторг России)"
Глава KMZ рассказал о перспективах российского 3D-принтера для литья ,03:07 11.12.2023,https://ria.ru/20231211/printer-1914987363.html,Глава KMZ Даниленко: скорость российского 3D-принтера для литья вырастет в разы,"Экономика,Технологии,США,Китай,Россия"
РЭЦ объединил участников экспортной торговли на конференции Export Online ,20:10 08.12.2023,https://ria.ru/20231208/export_online-1914715693.html,None,"Экономика,Российский экспортный центр (РЭЦ),Экспорт,Технологии,Конференции,Торговля"
РЭЦ назвал три отрасли с наибольшим экспортным потенциалом ,19:47 08.12.2023,https://ria.ru/20231208/eksportnyy_potentsial-1914711838.html,None,"Российский экспортный центр (РЭЦ),Экономика,Россия зовет!,Экспорт,потенциал,Технологии,Россия"
ЦБ России сообщил подробности о запуске цифрового рубля в массовый оборот ,16:48 08.12.2023,https://ria.ru/20231208/tsb-1914659088.html,ЦБ РФ: запуск цифрового рубля в массовый оборот произойдет не ранее 2025 года,"Экономика,Технологии,Россия,Антон Силуанов,Центральный Банк РФ (ЦБ РФ)"
Силуанов рассказал о преимуществах создания стейблкоина БРИКС ,16:33 08.12.2023,https://ria.ru/20231208/siluanov-1914655355.html,Силуанов: стейблкоин БРИКС мог бы решить проблему с конвертируемостью валют,"Выставка-форум ""Россия"",Экономика,Технологии,Индия,Россия,Китай,Антон Силуанов,БРИКС,Министерство финансов РФ (Минфин России)"
"Силуанов рассказал, когда россияне смогут платить цифровыми рублями ",13:46 08.12.2023,https://ria.ru/20231208/rubl-1914599766.html,"Силуанов уверен, что в следующем году уже каждый сможет платить цифровым рублем","Экономика,Россия,Антон Силуанов,Министерство финансов РФ (Минфин России),Технологии"
Минцифры напомнило о проверке согласия на раскрытие налоговой тайны для IT ,11:58 08.12.2023,https://ria.ru/20231208/it-1914556158.html,Минцифры РФ напомнило о проверке согласия на раскрытие налоговой тайны для IT,"Экономика,Россия,Максут Шадаев,Федеральная налоговая служба (ФНС России),IT-компании,Технологии"
"Apple будет производить четверть всех iPhone в Индии, пишет СМИ ",08:58 08.12.2023,https://ria.ru/20231208/apple-1914520146.html,WSJ: Apple планирует производить более 50 миллионов iPhone в Индии ежегодно,"В мире,Экономика,Технологии,Индия,Карнатака,Тамилнад,Apple,Foxconn"
"""Больше не бензоколонка"". Путин рассказал об изменениях в экономике ",18:22 07.12.2023,https://ria.ru/20231207/putin-1914450043.html,"Путин: Несырьевые отрасли обеспечили 54% роста ВВП России, за сырьевыми —  2%","Экономика,Технологии,Россия,Владимир Путин,Россия зовет!"
Путин: Россия перестала платить комиссионные западным компаниям ,14:58 07.12.2023,https://ria.ru/20231207/banki-1914375147.html,Путин: Россия перестала платить комиссионные Западу после санкций против банков,"Инвестиционный Форум ВТБ ""РОССИЯ ЗОВЕТ!"",Экономика,Россия,Санкции,Санкции в отношении России,Владимир Путин"
"""Роснефть"" создала корпоративного оператора сотовой связи ",14:48 07.12.2023,https://ria.ru/20231207/operator-1914377849.html,"""Роснефть"" создала корпоративного оператора связи с расширенной зоной покрытия","Выставка-форум ""Россия"",Юрий Попов,Роснефть,Технологии,Выставка-форум ""Россия"""
Госдума приняла закон об интеграции цифрового рубля в налоговую систему ,14:16 07.12.2023,https://ria.ru/20231207/rubl-1914358938.html,Госдума приняла закон об интеграции цифрового рубля в налоговую систему России,"Экономика,Технологии,Россия,Госдума РФ,Федеральная налоговая служба (ФНС России),Центральный Банк РФ (ЦБ РФ)"
Россияне смогут получать посылки по биометрии ,12:35 07.12.2023,https://ria.ru/20231207/biometriya-1914326173.html,Григоренко: россияне скоро смогут открыть бизнес и получать посылки по биометрии,"Россия,Дмитрий Григоренко,Почта России,РЖД,Экономика"
Ярославская область наращивает производство антиадгезионных пленок и бумаг ,21:15 06.12.2023,https://ria.ru/20231206/proizvodstvo-1914225672.html,None,"Ярославская область,Экономика,Ярославская область,Михаил Евраев,Технологии,Переславль-Залесский"
В России сохранят программу льготных кредитов для IT-компаний в 2024 году ,18:35 06.12.2023,https://ria.ru/20231206/kredit-1914194474.html,Минцифры: банки сохранят льготную ставку по кредитам для ИТ-компаний в 2024 году,"Россия,Экономика,Технологии,Министерство цифрового развития, связи и массовых коммуникаций РФ (Минцифры России)"
"""Солар"": российскому бизнесу нужны гибкие системы управления доступом ",17:10 06.12.2023,https://ria.ru/20231206/solar-1913967285.html,None,"Кибербезопасность,Экономика,Технологии,Россия,ГК «Солар» (ранее ""РТК-Солар"")"
Британия расширила санкции против российского ВПК ,14:29 06.12.2023,https://ria.ru/20231206/sanktsii-1914117988.html,"Британия ввела санкции против 31 человека и предприятия, связанного с ВПК России","Великобритания,Россия,Экономика,Технологии,Санкции в отношении России"
Дерипаска рассказал о последствиях санкций США и Евросоюза ,13:31 06.12.2023,https://ria.ru/20231206/sanktsii-1914096612.html,"Дерипаска: в результате ""работы"" санкций США и ЕС расчеты в юанях выросли вдвое","Экономика,Технологии,США,Европа,Китай,Олег Дерипаска,SWIFT,G7"
"На Демодне ""Сбера"" молодежные стартапы получили более 80 миллионов рублей ",15:30 05.12.2023,https://ria.ru/20231205/startapy-1913831956.html,None,"Россия,Сбер,Технологии,Экономика"
ВТБ: доля безналичных платежей в России достигнет 84 процентов ,21:17 04.12.2023,https://ria.ru/20231204/vtb-1913752777.html,None,"Экономика,Технологии,Россия,Бразилия,Таиланд,ВТБ (банк),Центральный Банк РФ (ЦБ РФ)"
"РЖД предложили проголосовать за имя для аналога ""Ласточки"" ",17:39 04.12.2023,https://ria.ru/20231204/rzhd-1913698624.html,"РЖД предложили пассажирам выбрать имя полностью российскому аналогу ""Ласточки""","Экономика,Технологии,Байкал,Россия,Дмитрий Пегов,РЖД,Уральские локомотивы,Екатеринбург,Новости - Туризм"
Около 150 вагонов с авто перевезли паромами из Калининградской области ,17:32 04.12.2023,https://ria.ru/20231204/avto-1913696892.html,Около 150 вагонов с авто перевезли паромами из Калининградской области в ноябре,"Калининградская область,Россия,Авто,Экономика"
"В пилотировании цифрового рубля задействуют около 30 банков, заявили в ЦБ ",13:24 04.12.2023,https://ria.ru/20231204/rubl-1913614205.html,ЦБ: в пилотировании цифрового рубля задействуют около 30 банков в 2024 году,"Экономика,Госдума РФ,Центральный Банк РФ (ЦБ РФ),Ольга Скоробогатова,Технологии"
В SIPRI заявили о падении доходов от продажи оружия в 2022 году ,09:49 04.12.2023,https://ria.ru/20231204/oruzhie-1913546429.html,"SIPRI: доходы от продажи оружия крупнейших мировых компаний упали на 3,5%","Экономика,Украина,США,Россия,Технологии,В мире"
"""Сбер"" заявил о разработке собственных антропоморфных роботов ",15:35 01.12.2023,https://ria.ru/20231201/robot-1913202732.html,Замглавы Сбербанка сообщил о разработке собственных антропоморфных роботов,"Общество,Технологии,Сбербанк России,Россия,Экономика,Станислав Кузнецов,Сбер"
ФАС за месяц возбудила третье дело против Альфа-банка из-за его рекламы ,13:43 01.12.2023,https://ria.ru/20231201/reklama-1913161408.html,ФАС возбудила третье дело против Альфа-банка из-за нарушения закона о рекламе,"Альфа-банк,Федеральная антимонопольная служба (ФАС России),Экономика,Технологии,Россия"
Титов призвал российских и китайских бизнесменов вести бизнес прозрачно ,11:40 01.12.2023,https://ria.ru/20231201/titov-1913115515.html,Титов призвал бизнесменов из России и Китая вести бизнес прозрачно,"Экономика,Россия,Китай,Пекин,Борис Титов,Российско-Китайский Комитет дружбы, мира и развития"
В России начинаются эксперименты по маркировке радиоэлектроники ,01:29 01.12.2023,https://ria.ru/20231201/markirovka-1913049034.html,В России начинаются эксперименты по маркировке радиоэлектроники и оптоволокна,"Наука,Экономика,Технологии,Россия,Наука"
На проекты по производству автокомпонентов выделят 15 миллиардов рублей ,15:22 30.11.2023,https://ria.ru/20231130/avtokomponenty-1912931762.html,Правительство выделит 15 миллиардов рублей на проекты заводов автокомпонентов,"Экономика,Россия,Михаил Мишустин,Технологии"
ЦБ: россияне перестали приобретать криптовалюту по отечественным картам ,15:17 30.11.2023,https://ria.ru/20231130/kriptovalyuty-1912930153.html,Центробанк: россияне перестали приобретать криптоактивы по отечественным картам,"Центральный Банк РФ (ЦБ РФ),Эльвира Набиуллина,Экономика,Технологии"
Незаконные операции с криптовалютой в России в 2023 году выросли вдвое ,14:01 30.11.2023,https://ria.ru/20231130/kriptovalyuta-1912902432.html,Чиханчин: незаконные операции с криптовалютой в России в 2023 году выросли вдвое,"Экономика,Технологии,Россия,Федеральная служба по финансовому мониторингу (Росфинмониторинг),Юрий Чиханчин,Владимир Путин"
"Россия слезает с технологической иглы Запада, заявил Путин ",19:09 29.11.2023,https://ria.ru/20231129/putin-1912740476.html,"Путин заявил, что Россия довольно быстро слезает с технологической иглы Запада","Россия,Владимир Путин,Экономика,Технологии"
Нижегородская область вводит новую меру поддержки ИТ-отрасли ,17:02 29.11.2023,https://ria.ru/20231129/it-otrasl-1912696092.html,None,"Нижегородская область,Нижегородская область,Глеб Никитин,Россия"
Минцифры возобновит выдачу грантов на IT-разработки в 2024 году ,14:37 29.11.2023,https://ria.ru/20231129/grant-1912650783.html,Шадаев: Минцифры возобновит выдачу грантов на IT-разработки в 2024 году,"Технологии,Экономика,Россия,Максут Шадаев,Сколково,Дмитрий Чернышенко"
Минцифры рассказало о ежегодном сокращении IT-бюджета органов власти ,14:26 29.11.2023,https://ria.ru/20231129/byudzhet-1912646709.html,Шадаев: IT-бюджет федеральных органов власти ежегодно сокращается на 20%,"Россия,Максут Шадаев,Владимир Путин,Технологии,Экономика"
Минпромторг рассказал о приоритетных брендах одежды в России ,19:09 28.11.2023,https://ria.ru/20231128/brendy-1912479494.html,Минпромторг: отечественные бренды одежды в РФ должны быть приоритетнее китайских,"Экономика,Технологии,Москва,Китай,Россия,Олег Бочаров (политик),Министерство промышленности и торговли РФ (Минпромторг России),БРИКС,СНГ"
"""Росатом"" проведет общероссийский форум по математическому моделированию ",14:24 28.11.2023,https://ria.ru/20231128/rosatom-1912339154.html,None,"Россия,Государственная корпорация по атомной энергии ""Росатом"",Технологии,Экономика,Наука"
"СМИ: ""Тинькофф"" ввел новое ограничение для своих сотрудников ",10:57 28.11.2023,https://ria.ru/20231128/ogranichenie-1912301294.html,"РБК: в ""Тинькофф"" запретили работу сотрудников удаленно почти из всех стран","Экономика,Технологии,Россия,Белоруссия,Армения,Андрей Исаев,Тинькофф. Кредитные Системы,РБК (медиагруппа),Единая Россия"
"В нацпроекте ""Производительность труда"" участвуют 40 ульяновских компаний ",22:39 27.11.2023,https://ria.ru/20231127/natsproekt-1912247491.html,None,"Ульяновская область,Экономика,Технологии,Россия,Ульяновская область,Алексей Русских,Министерство экономического развития РФ (Минэкономразвития России)"
"Ущерб для россиян от действий кибермошенников снизился, сообщил ЦБ ",18:10 27.11.2023,https://ria.ru/20231127/kibermoshenniki-1912213315.html,ЦБ: ущерб для россиян от действий кибермошенников в третьем квартале снизился,"Экономика,Технологии,Россия,Центральный Банк РФ (ЦБ РФ),мошенники,Кибербезопасность"
Чернышенко рассказал о подготовке проектов госзначений ,16:32 27.11.2023,https://ria.ru/20231127/chernyshenko-1912173816.html,Чернышенко: реализацию двух проектов госзначения планируется начать в 2024 году,"Экономика,Технологии,Россия,Дмитрий Чернышенко,Министерство промышленности и торговли РФ (Минпромторг России),Министерство энергетики РФ (Минэнерго России),Госдума РФ"
Лавров рассказал о внедрении альтернативной платежной системы в ШОС и БРИКС ,13:56 27.11.2023,https://ria.ru/20231127/lavrov-1912116081.html,Лавров: альтернативная платежная система в ШОС и БРИКС внедряется быстро,"ШОС,БРИКС,В мире,Сергей Лавров,Экономика,Россия,Владимир Путин,Индия,Китай"
Росатом: через технологический суверенитет - к цифровому лидерству ,13:47 27.11.2023,https://ria.ru/20231127/solntseva-1911036458.html,None,"Наука,Интервью,Государственная корпорация по атомной энергии ""Росатом"",Технологии,Россия,Экономика"
"Глава ВТБ рассказал, что в работе ОСК по гособоронзаказу есть недостатки ",13:40 27.11.2023,https://ria.ru/20231127/kostin-1912107904.html,Костин: работу ОСК по гособоронзаказу можно признать удовлетворительной,"ВТБ (банк),Безопасность,Россия,Андрей Костин (банкир),Владимир Путин,Объединенная судостроительная корпорация,Экономика"
"Российский аналог поездов ""Ласточка"" получил сертификат соответствия ",11:33 27.11.2023,https://ria.ru/20231127/lastochka-1912059531.html,"Российский аналог электропоездов ""Ласточка"" прошел проверку и получил сертификат","Экономика,Россия,Екатеринбург,Пермский край,Дмитрий Пегов,Уральские локомотивы,РЖД,Siemens"
Губернатор: Тюменская область продолжит работу с инновационными компаниями ,15:56 25.11.2023,https://ria.ru/20231125/innovatsii-1911824199.html,None,"Тюменская область,Выставка-форум ""Россия"",Экономика,Технологии,Тюменская область,Россия,Тобольск,Владимир Путин,Александр Моор,Государственная корпорация по атомной энергии ""Росатом"",Сбер,Роснефть"
"Мобильное приложение ВТБ Онлайн получило серебро ""Рейтинга Рунета"" ",21:04 24.11.2023,https://ria.ru/20231124/vtb_onlayn-1911740716.html,None,"ВТБ (банк),Конкурсы,Экономика,Технологии,Android,Программы,Бизнес,Финансы"
Путин назвал условие для усиленного финансирования ИИ в России ,15:47 24.11.2023,https://ria.ru/20231124/ii-1911648764.html,Путин: допфинансирование развития ИИ возможно при поддержке ведущих компаний,"Технологии,ИИ,Россия,Владимир Путин,Экономика"
Путин поручил нарастить мощности суперкомпьютеров не менее чем на порядок ,15:38 24.11.2023,https://ria.ru/20231124/superkompyuter-1911644042.html,None,"Россия,Экономика,Технологии,Владимир Путин"
В России появится международная платформа сервисов и услуг на базе ИИ ,10:17 24.11.2023,https://ria.ru/20231124/ii-1911506924.html,РФПИ: в РФ появится международная платформа услуг и сервисов на базе ИИ,"Экономика,Технологии,Россия,Кирилл Дмитриев,Российский фонд прямых инвестиций,Санкт-Петербургский университет информационных технологий"
"Эксперты рассказали, что означает остановка расчетов в юанях по SWIFT ",06:11 24.11.2023,https://ria.ru/20231124/swift-1911481863.html,Эксперты: остановка расчетов России в юанях в SWIFT говорит об отказе от системы,"Экономика,Технологии,Россия,Китай,SWIFT"
"""Москвич"" планирует представить свой электрокар в 2025 году ",04:35 23.11.2023,https://ria.ru/20231123/moskvich-1911218491.html,"""Москвич"" планирует представить электрокар собственной разработки в 2025 году","Экономика,Технологии,Авто,Россия"
Чернышенко спрогнозировал увеличение объема рынка данных в России ,14:45 22.11.2023,https://ria.ru/20231122/dannye-1911062370.html,Чернышенко: объем рынка данных в РФ к 2030 году достигнет 800 миллиардов рублей,"Экономика,Россия,Дмитрий Чернышенко"
"Глава Минвостокразвития назвал стоимость нового самолета ""Байкал"" ",14:37 22.11.2023,https://ria.ru/20231122/baykal-1911059835.html,"Чекунков: полная стоимость самолета ""Байкал"" превысит 200 миллионов рублей","Выставка-форум ""Россия"",Общество,Экономика,Технологии,Россия,Юрий Трутнев,Алексей Чекунков,""Аврора"",Ан-2"
Первый полет МС-21 полностью на российских системах состоится в 2024 году ,14:18 22.11.2023,https://ria.ru/20231122/ms-21-1911052631.html,None,"Экономика,СССР,Олег Нестеров,Московский авиационный институт,МС-21,SJ-100,Ту-214,Технологии"
Образец первого белорусского электромобиля представят до конца года ,14:13 22.11.2023,https://ria.ru/20231122/belorussiya-1911050810.html,Пархомчик: образец белорусского электромобиля представят Лукашенко до конца года,"В мире,Авто,Экономика,Белоруссия,Россия,Александр Лукашенко,Технологии"
"Мишустин поручил определить перечень показателей проекта ""Экономика данных"" ",10:35 22.11.2023,https://ria.ru/20231122/natsproekt-1910989892.html,"Мишустин поручил определить перечень показателей нацпроекта ""Экономика данных""","Михаил Мишустин,Министерство финансов РФ (Минфин России),Министерство экономического развития РФ (Минэкономразвития России),Экономика,Россия,Технологии"
Завод в Красноярском крае стал участником нацпроекта ,05:47 22.11.2023,https://ria.ru/20231122/zavod-1910958117.html,Агентство: завод в Красноярском крае стал участником нацпроекта,"Экономика,Технологии,Красноярский край,Россия"
"Инновации ТЭК, ИИ и деревообработки покажет миссия Made in Russia в Каире ",19:24 21.11.2023,https://ria.ru/20231121/innovatsii-1910902868.html,None,"Бренд Сделано в России (Made in Russia),Каир (город),Египет,Бизнес,Технологии,Искусственный интеллект (ИИ),Экономика"
"""Аэрофлот"": отзыв сертификата разработчика не повлияет на работу ""Победы"" ",10:52 21.11.2023,https://ria.ru/20231121/pobeda-1910747762.html,"""Аэрофлот"": отзыв сертификата разработчика ""Победы"" не повлияет на безопасность","Экономика,Украина,Аэрофлот,Федеральное агентство воздушного транспорта (Росавиация),Победа (авиакомпания)"
"Путин сообщил, сколько автобусов и трамваев поступит в регионы в этом году ",22:30 20.11.2023,https://ria.ru/20231120/avtobusy-1910691072.html,"Путин: около 5,5 тысячи автобусов и трамваев поступит в регионы РФ в этом году","Технологии,Экономика,Россия,Владимир Путин"
"Путин поблагодарил коллектив ""КамАЗ"" ",20:21 20.11.2023,https://ria.ru/20231120/kamaz-1910670890.html,"Путин поблагодарил ""КамАЗ"" за постоянное обновление производственных мощностей","Экономика,Технологии,Россия,Владимир Путин,Сергей Когогин"
В Карелии открыли первое в России производство кофейных капсул ,18:41 20.11.2023,https://ria.ru/20231120/kapsuly-1910649738.html,Первые в России кофейные капсулы начали выпускать на предприятии в Карелии,"Экономика,Технологии,Россия,Петрозаводск,Республика Карелия,Артур Парфенчиков,Андрей Левунин,Фонд развития промышленности,РЖД"
Калужский губернатор представил в Китае потенциал автокластера региона ,17:47 20.11.2023,https://ria.ru/20231120/kitay-1910635887.html,Делегация Калужской области представила в Китае потенциал автокластера региона,"Калужская область,Экономика,Китай,Калужская область,Гуанчжоу,Владислав Шапша"
Татарстан готов быть генератором решений в сфере аддитивных технологий ,16:11 20.11.2023,https://ria.ru/20231120/tatarstan-1910605334.html,Татарстан готов быть генератором ключевых решений в сфере аддитивных технологий,"Республика Татарстан,Экономика,Технологии,Казань,Россия,Рустам Минниханов,Государственная корпорация по атомной энергии ""Росатом"""
РЭЦ расскажет о регистрации продукции на внешних рынках ,09:41 20.11.2023,https://ria.ru/20231120/rets-1910498445.html,РЭЦ запустил консультации о сертификации и регистрации на внешних рынках,"Экономика,Технологии,Россия,Китай"
Более 40 тысяч новых вакансий появится в Иркутской области ,19:14 17.11.2023,https://ria.ru/20231117/vakansii-1910175015.html,None,"Иркутская область,Экономика,Технологии,Иркутская область,Усть-Кут,Игорь Кобзев,Роснефть,Газпром,Иркутская нефтяная компания,Выставка-форум ""Россия"""
Москва создает Центр коллективного пользования для разработчиков БПЛА ,14:59 17.11.2023,https://ria.ru/20231117/bespilotniki-1910096047.html,None,"Экономика,Технологии,Россия,Москва,Андрей Белоусов,Владимир Ефимов (Правительство Москвы),Министерство промышленности и торговли РФ (Минпромторг России)"
Глава ССI France Russie рассказал о способностях российских менеджеров ,04:34 17.11.2023,https://ria.ru/20231117/menedzhery-1909989037.html,Глава ССI France Russie: Россия вырастила поколение весьма грамотных менеджеров,"Экономика,Технологии,Россия"
"В ""Аэроскрипте"" рассказали о развитии авиадоставок в России ",01:38 17.11.2023,https://ria.ru/20231117/aviadostavka-1909980794.html,"""Аэроскрипт"": две трети авиадоставок в России к 2035 году будут делать дроны","Экономика,Технологии,Россия,Алексей Хрипун"
"Российская система ""Мир"" начала работать на всей территории Венесуэлы ",14:23 16.11.2023,https://ria.ru/20231116/mir-1909832195.html,"Иван Хиль Пинто: система ""Мир"" начала работать на всей территории Венесуэлы","Экономика,Технологии,Венесуэла,Москва,Сергей Лавров,Платежная система ""Мир"""
Исследование: МТС лидирует по числу проектов выделенных сетей Private LTE ,11:12 16.11.2023,https://ria.ru/20231116/mts-1909768811.html,None,"МТС,Технологии,Наука,Экономика,Мегафон,Россия,РЖД,ВымпелКом"
"В России придумали, как дать вторую жизнь упаковкам из-под молока ",07:00 16.11.2023,https://ria.ru/20231116/nauka-1909529252.html,None,"Наука,Россия,Наука,Университетская наука,Навигатор абитуриента,Северный (Арктический) федеральный университет,Технологии,Экономика,Общество,Экология,Экология в России"
На Кубани запустят пять импортозамещающих промышленных производств ,01:14 16.11.2023,https://ria.ru/20231116/proizvodstvo-1909717771.html,Власти: на Кубани запустят пять импортозамещающих промышленных производств,"Краснодарский край,Экономика,Технологии,Краснодарский край,Крымский район,Россия"
Минцифры предложило снизить размер грантов для IT-компаний ,22:53 15.11.2023,https://ria.ru/20231115/grant-1909706984.html,Минцифры предложило снизить гранты IT-компаниям с 80% до 50% стоимости проекта,"Экономика,Россия,Технологии"
Нижегородский губернатор выступил на форуме China High-Tech Fair в Китае ,17:08 15.11.2023,https://ria.ru/20231115/forum-1909638036.html,None,"Нижегородская область,Нижегородская область,Китай,Гуандун,Глеб Никитин"
Экспозиция под брендом Made in Russia открылась на WETEX & Dubai Solar Show ,16:00 15.11.2023,https://ria.ru/20231115/ekspozitsiya-1909620713.html,None,"Российский экспортный центр (РЭЦ),Дубай,ОАЭ,Технологии,Выставки,Экспорт,Экономика"
Компании из России и Индии договорились о развитии беспилотных авиасистем ,10:27 15.11.2023,https://ria.ru/20231115/indiya-1909526342.html,Компании из РФ и Индии подписали меморандум о развитии беспилотных авиасистем,"Технологии,Индия,Россия,Дубай"
ЦБ Казахстана запустил цифровой тенге ,09:44 15.11.2023,https://ria.ru/20231115/tsb-1909517561.html,Центробанк Казахстана в пилотном режиме запустил цифровой тенге,"Экономика,Технологии,Казахстан,В мире"
Индийская компания начнет сборку российских дронов ,09:10 15.11.2023,https://ria.ru/20231115/drony-1909512670.html,Индийская компания Sasaa Electronics начнет сборку дронов РФ в марте 2024 года,"Экономика,Технологии,Индия,Россия,БПЛА"
Путин поручил предусмотреть условия для закупок в сфере высоких технологий ,19:02 14.11.2023,https://ria.ru/20231114/zakupki-1909448663.html,Путин поручил установить особые условия для закупок в сфере высоких технологий,"Экономика,Владимир Путин,Технологии,Россия"
ЦБ раскрыл опасность постоянного использования VPN ,15:31 14.11.2023,https://ria.ru/20231114/tsb-1909388094.html,ЦБ РФ: россиянам стоит отключать VPN при пользовании финансовыми услугами,"Экономика,Технологии,Россия,Центральный Банк РФ (ЦБ РФ),VPN"
"Глава НСПК: установка терминалов ""Мир"" за границей законна ",10:07 14.11.2023,https://ria.ru/20231114/mir-1909295058.html,"Глава НСПК: установка терминалов для расчетов по картам ""Мир"" за рубежом законна","Экономика,Технологии,Турция,ОАЭ,Россия,Владимир Комлев"
Минпромторг сформирует группу для создания цифрового пространства БПЛА ,18:11 13.11.2023,https://ria.ru/20231113/bespilotniki-1909260392.html,Минпромторг сформирует рабочую группу для создания цифрового пространства БАС,"Экономика,Россия,Андрей Белоусов,Министерство промышленности и торговли РФ (Минпромторг России),Федеральное агентство воздушного транспорта (Росавиация),Министерство экономического развития РФ (Минэкономразвития России),Технологии"
"Медведев назвал количество резидентов ""Сколково"", работающих на экспорт ",16:46 13.11.2023,https://ria.ru/20231113/medvedev-1909185755.html,"Медведев: свыше 400 резидентов ""Сколково"" направляют свою продукцию за рубеж","Экономика,Технологии,Россия,Азия,Индия,Дмитрий Медведев,Сколково"
Медведев рассказал о последствиях технологической блокады России для Запада ,16:39 13.11.2023,https://ria.ru/20231113/blokada-1909184442.html,Медведев: ушедшие из РФ после начала СВО западные компании понесли убытки,"Специальная военная операция на Украине,Технологии,Россия,Санкции,Санкции в отношении России,Дмитрий Медведев"
ЦБ предложил установить правила онлайн-продаж вкладов и кредитов ,15:47 13.11.2023,https://ria.ru/20231113/tsb-1909167671.html,ЦБ предложил установить правила продаж вкладов и кредитов для защиты клиентов,"Экономика,Россия,Центральный Банк РФ (ЦБ РФ),Общество,Технологии"
Медведев рассказал об использовании российских технологий в экономике ,15:44 13.11.2023,https://ria.ru/20231113/tekhnologii-1909166958.html,Медведев: в экономике используют до 170 тыс технологий отечественной разработки,"Экономика,Россия,Дмитрий Медведев"
В Татарстане открыли завод по выпуску материнских плат ,13:04 13.11.2023,https://ria.ru/20231113/tatarstan-1909113253.html,Завод по выпуску материнских плат за два миллиарда рублей открыли в Татарстане,"Республика Татарстан,Рустам Минниханов,Фонд развития промышленности,Республика Татарстан (Татарстан),Технологии"
ОАК в 2024 году поставит авиакомпаниям 22 самолета SJ-100 ,12:27 13.11.2023,https://ria.ru/20231113/sj-100-1909105647.html,Слюсарь: ОАК в 2024 году поставит авиакомпаниям 22 самолета SJ-100,"Объединенная авиастроительная корпорация (ОАК),SJ-100,Экономика,Юрий Слюсарь,Ростех,Технологии"
В России расширят перечень технологий для производства по госконтракту ,11:19 13.11.2023,https://ria.ru/20231113/tekhnologii-1909087115.html,Мишустин: в РФ расширят перечень технологий для производства по госконтракту,"Михаил Мишустин,Экономика,Технологии,Россия"
"Стандартизация защиты от утечек данных: ""Солар"" рассказал о разработке ГОСТ ",11:00 13.11.2023,https://ria.ru/20231113/utechki_dannykh-1908444338.html,None,"Кибербезопасность,Экономика,Кибербезопасность,Технологии,ГК «Солар» (ранее ""РТК-Солар"")"
"ОАЭ интересуются почти всей номенклатурой российского оружия, заявила ФСВТС ",10:10 13.11.2023,https://ria.ru/20231113/oae-1909069814.html,Глава ФСВТС Шугаев: ОАЭ интересуются почти всей номенклатурой российского оружия,"Экономика,Технологии,Федеральная служба по военно-техническому сотрудничеству (ФСВТС России),ОАЭ,Россия,Дмитрий Шугаев"
Началась подготовка к производству первых российских истребителей Checkmate ,03:33 13.11.2023,https://ria.ru/20231113/checkmate-1909037345.html,В России началась подготовка производства первых образцов истребителей Checkmate,"Экономика,Россия,Ростех,Технологии"
Россия и ОАЭ будут сотрудничать в автопроме и фармацевтике ,16:26 12.11.2023,https://ria.ru/20231112/sotrudnichestvo-1908981723.html,"Мантуров сообщил, что обсудил в ОАЭ сотрудничество в автопроме и фармацевтике","Экономика,Технологии,Россия,ОАЭ,Абу-Даби,Денис Мантуров,Министерство промышленности и торговли РФ (Минпромторг России)"
Четверть российских компаний хотят закупить отечественные серверы ,08:59 12.11.2023,https://ria.ru/20231112/servery-1908937774.html,Эксперты: четверть российских компаний хотят закупить отечественные серверы,"Министерство промышленности и торговли РФ (Минпромторг России),Максут Шадаев,Россия,Экономика,Технологии"
"Эксперты рассказали, что нужно России для экономического чуда ",10:19 11.11.2023,https://ria.ru/20231111/ekonomika-1908822385.html,Эксперты: экономическое чудо России обеспечат население и термоядерный синтез,"Экономика,Технологии,Африка,Россия,Лазарь Бадалов,Высшая школа экономики (ВШЭ),Екатерина II,РУДН"
"В ЦБ подвели итоги киберучений, проведенных в этом году ",14:40 10.11.2023,https://ria.ru/20231110/kiberucheniya-1908671844.html,ЦБ в этом году провел два больших цикла киберучений среди кредитных организаций,"Экономика,Технологии,Герман Греф,Центральный Банк РФ (ЦБ РФ)"
"В России появилась ""новая элита"", пишут СМИ ",10:34 10.11.2023,https://ria.ru/20231110/elita-1908586167.html,"Bloomberg: в России появилась ""новая элита"" после ухода западных компаний","Экономика,Россия,McDonald's Corporation,Henkel,Технологии,Политика"
Зампред ПСБ: новые технологии требуют повышения безопасности расчетов ,20:03 09.11.2023,https://ria.ru/20231109/novye_tekhnologii-1908504735.html,None,"Константин Басманов (заместитель председателя ПАО ""ПРОМСВЯЗЬБАНК"" (ПСБ),Технологии,Экономика,ПСБ (Банк ПСБ),Инвестиции"
Строительство новых цехов начато на Казанском авиазаводе под выпуск Ту-214 ,16:57 09.11.2023,https://ria.ru/20231109/tu-214-1908454962.html,None,"Республика Татарстан,Экономика,Технологии,Россия,Рустам Минниханов,Сергей Чемезов,Ростех,ПАО ""Туполев"",Ту-214,Ту-160М,Ту-22М3"
ВТБ рассказал о перспективе развития платежных сервисов ,19:01 08.11.2023,https://ria.ru/20231108/platezhnye_servisy-1908243279.html,None,"ВТБ (банк),Технологии,Экономика"
ЦБ: система международных расчетов кардинально изменится через три года ,17:08 08.11.2023,https://ria.ru/20231108/tsb-1908205706.html,ЦБ РФ: система международных расчетов кардинально изменится через 3-5 лет,"Экономика,Технологии,ОАЭ,Россия,Ольга Скоробогатова,Центральный Банк РФ (ЦБ РФ),Общество"
"Шадаев рассказал о нацпроекте ""Экономика данных"" ",15:00 08.11.2023,https://ria.ru/20231108/natsproekt-1908158424.html,"Шадаев анонсировал обсуждение нацпроекта ""Экономика данных"" в ближайшее время","Экономика,Технологии,Максут Шадаев,Россия,Владимир Путин,Министерство цифрового развития, связи и массовых коммуникаций РФ (Минцифры России)"
"В России разработали ""умный"" самоходный опрыскиватель растений ",07:34 08.11.2023,https://ria.ru/20231108/opryskivatel-1908065544.html,"НТИ: в России разработали ""умный"" самоходный опрыскиватель растений","Экономика,Технологии,Россия,Национальная технологическая инициатива (НТИ)"
"Мишустин заявил о ""белых пятнах"" в проектировании отечественного софта ",15:52 07.11.2023,https://ria.ru/20231107/soft-1907933586.html,Мишустин: в некоторых сферах проектирования российского ПО остаются белые пятна,"Михаил Мишустин,Экономика,Технологии,Россия"
Правительство России утвердило концепцию проекта о технологической политике ,15:10 07.11.2023,https://ria.ru/20231107/rf-1907915895.html,Белоусов представил Путину законопроект о технологической независимости,"Экономика,Технологии,Россия,Андрей Белоусов,Владимир Путин,Министерство финансов РФ (Минфин России),Общество"
Комитет Совфеда предложил создать единый госзаказ на производство ПО ,12:28 07.11.2023,https://ria.ru/20231107/goszakaz-1907862399.html,В СФ предложили Минпромторгу и Минэнерго создать госзаказ на производство ПО,"Министерство промышленности и торговли РФ (Минпромторг России),Экономика,Совет Федерации РФ,Технологии,Федеральное агентство по государственным резервам (Росрезерв),Министерство энергетики РФ (Минэнерго России)"
"Белоусов назвал сферы, благодаря которым ВВП России продолжает расти ",17:21 05.11.2023,https://ria.ru/20231105/vvp-1907601074.html,Белоусов: ВВП России растет благодаря ОПК и импортозамещению,"Экономика,Технологии,Россия,Андрей Белоусов,Владимир Путин,Министерство экономического развития РФ (Минэкономразвития России)"
"Набиуллина считает, что искусственный интеллект уже не затормозить ",13:42 04.11.2023,https://ria.ru/20231104/nabiullina-1907419312.html,Набиуллина: искусственный интеллект будет проникать во все сферы жизни,"Выставка-форум ""Россия"",Экономика,Технологии,Эльвира Набиуллина,Центральный Банк РФ (ЦБ РФ)"
"Посетители экспозиций ""Ростеха"" на ВДНХ смогут собрать свой самолет ",11:06 04.11.2023,https://ria.ru/20231104/rostekh-1907393265.html,"Посетители экспозиций ""Ростеха"" на ВДНХ смогут собрать самолет и добыть янтарь","Экономика,Технологии,Калининградская область,Россия,Республика Бурятия,Улан-Удэнский авиационный завод,Ростех,Вертолеты России,Ми-8 АМТШ,МС-21,Ил-114-300"
"Проекты по микроэлектронике из ОЭЗ ""Технополис Москва"" получат гранты РНФ ",14:30 03.11.2023,https://ria.ru/20231103/granty-1907057423.html,None,"Экономика,Технологии,Москва,Россия,Владимир Ефимов (Правительство Москвы),Владислав Овчинский"
Новую модель устройства для лазерной очистки разработали в Москве ,07:12 03.11.2023,https://ria.ru/20231103/ochistka-1907069059.html,None,"Департамент инвестиционной и промышленной политики города Москвы,Технологии,Москва,Экономика,Московская область (Подмосковье),Владислав Овчинский,Экология в России"
Россия может начать экспорт водорода через пять лет ,14:15 02.11.2023,https://ria.ru/20231102/vodorod-1906944941.html,Русатом Оверсиз: Россия начнет экспортировать водород в страны Азии через 5 лет,"Ядерные технологии,Экономика,Технологии,Россия,Сахалин,Китай,Евгений Пакерманов,Государственная корпорация по атомной энергии ""Росатом"""
Тяжелый выбор. В Японии пришли в ужас от последствий санкций против России ,12:14 02.11.2023,https://ria.ru/20231102/uzhas-1906890555.html,Nihon Keizai: Япония может лишиться важных ресурсов из-за санкций против России,"Япония,Россия,Токио,Экономика,В мире,Политика,Санкции в отношении России"
Предприятия Кубани получат 100 млн рублей на развитие инженерных центров ,21:37 01.11.2023,https://ria.ru/20231101/razvitie-1906811129.html,None,"Краснодарский край,Экономика,Технологии,Краснодарский край,Фонд развития промышленности"
Минцифры не ожидает роста тарифов на связь выше инфляции из-за отмены льгот ,17:56 01.11.2023,https://ria.ru/20231101/svyaz-1906771903.html,Шадаев: отмена льготы на 4G не повлечет повышения тарифов на связь выше инфляции,"Экономика,Технологии,Россия,Максут Шадаев"
"Шадаев заявил о достижении всех целей по программе ""Цифровая экономика"" ",13:51 01.11.2023,https://ria.ru/20231101/shadaev-1906679643.html,"Шадаев: все задачи по программе ""Цифровая экономика"" достигнуты","Экономика,Максут Шадаев,Россия"
Минцифры планирует отказаться от выдачи грантов IT-компаниям на разработки ,11:44 01.11.2023,https://ria.ru/20231101/granty-1906632024.html,Шадаев: Минцифры хочет отказаться от выдачи грантов IT-компаниям на разработки,"Технологии,Министерство цифрового развития, связи и массовых коммуникаций РФ (Минцифры России),Максут Шадаев,Экономика"
Ситибанк ограничит возможности оплаты по картам ,11:19 01.11.2023,https://ria.ru/20231101/sitibank-1906626586.html,Ситибанк с 1 декабря ограничивает возможности оплаты по картам,"Экономика,Москва,Санкт-Петербург,Екатеринбург,Ситибанк"
Россия приступит к разработке электроники для дронов в этом году ,06:32 01.11.2023,https://ria.ru/20231101/drony-1906583172.html,Минпромторг: Россия приступит к разработке электроники для дронов в этом году,"Технологии,Россия,Министерство промышленности и торговли РФ (Минпромторг России),Экономика"
В России начнут создавать полигоны для тестов в микроэлектронике ,05:20 01.11.2023,https://ria.ru/20231101/poligony-1906581332.html,Минпромторг: полигоны для тестов в микроэлектронике начнут создавать в 2024 году,"Экономика,Технологии,Россия,Министерство промышленности и торговли РФ (Минпромторг России)"
"В Минпромторге заявили, что рисков дефицита чипов для загранпаспортов нет ",03:30 01.11.2023,https://ria.ru/20231101/chipy-1906577133.html,Минпромторг: дефицита российских чипов для загранпаспортов не будет,"Россия,Министерство промышленности и торговли РФ (Минпромторг России),Экономика,Технологии"
"Россия может возглавить рынок квантовых вычислений, считает ""Росконгресс"" ",00:20 01.11.2023,https://ria.ru/20231101/progress-1906565545.html,"""Росконгресс"": Россия может стать ведущим игроком на рынке квантовых вычислений","Ядерные технологии,Экономика,Технологии,Россия,Государственная корпорация по атомной энергии ""Росатом"""
Патрушев призвал перевести экономику в режим полного инновационного цикла   ,16:51 31.10.2023,https://ria.ru/20231031/patrushev-1906473467.html,Патрушев призвал перевести экономику РФ в режим полного инновационного цикла ,"Николай Патрушев,Технологии,Экономика,Санкции в отношении России"
Роскомнадзор не получал уведомления о взломе сайта НСПК ,14:47 31.10.2023,https://ria.ru/20231031/roskomnadzor-1906436445.html,РКН не получал уведомления о взломе сайта Национальной системы платежных карт,"Экономика,Федеральная служба по надзору в сфере связи, информационных технологий и массовых коммуникаций (Роскомнадзор),Технологии"
Мишустин призвал создавать условия для бизнеса в сфере внешней торговли ,11:22 31.10.2023,https://ria.ru/20231031/biznes-1906371789.html,Мишустин предложил меры поддержки для бизнеса в сфере внешней торговли,"Экономика,Технологии,Россия,Михаил Мишустин"
Чистая прибыль Samsung в третьем квартале упала почти на 40 процентов ,08:18 31.10.2023,https://ria.ru/20231031/samsung-1906335086.html,"Чистая прибыль Samsung Electronics в третьем квартале упала на 37,8%","Экономика,Технологии,Сеул,Samsung Group,Samsung,В мире"
ЦБ усовершенствует регистрацию биометрии и видеоидентификации ,17:11 30.10.2023,https://ria.ru/20231030/tsb-1906235918.html,ЦБ намерен продолжить развитие дистанционной идентификации с использованием ЕБС,"Экономика,Технологии,Россия,Центральный Банк РФ (ЦБ РФ),Биометрия"
Минфин назвал цифровой рубль наличной валютой XXII века ,15:41 30.10.2023,https://ria.ru/20231030/rubl-1906196446.html,Замглавы Минфина Моисеев назвал цифровой рубль наличной валютой XXII века,"Экономика,Алексей Моисеев,Технологии,Министерство финансов РФ (Минфин России),Центральный Банк РФ (ЦБ РФ)"
В АБР заявили о желании большинства российских банков токенизации рублей ,13:16 30.10.2023,https://ria.ru/20231030/rubli-1906146223.html,АБР: большинство банков в России хочет токенизации рублей,"Экономика,Россия"
Как эффективно вкладываться в кибербезопасность ,10:57 30.10.2023,https://ria.ru/20231030/kiberbezopasnost-1905234579.html,None,"Кибербезопасность,Технологии,Россия,Кибербезопасность,Компьютеры,хакеры,Экономика"
Google грозит третий оборотный штраф в России ,14:49 27.10.2023,https://ria.ru/20231027/shtraf-1905651390.html,Google в России грозит новый штраф до 1/10 дохода из-за запрещенной информации,"Экономика,Технологии,Россия,Москва,Google"
Сбербанк устранил затруднения в работе систем банка ,14:47 27.10.2023,https://ria.ru/20231027/sberbank-1905650747.html,"Сбербанк заявил,  что все сервисы функционируют в штатном режиме","Экономика,Сбербанк России,Москва,Технологии"
В работе мобильного приложения Сбербанка произошел сбой ,14:19 27.10.2023,https://ria.ru/20231027/sberbank-1905642387.html,"Пользователи в Москве столкнулись со сбоем в приложении ""Сбербанк Онлайн""","Экономика,Сбербанк России"
"""Аэрофлот Техникс"" открыл цех по ремонту стоек шасси ",11:15 27.10.2023,https://ria.ru/20231027/aeroflot-1905504132.html,None,"Экономика,Технологии,Россия,Аэрофлот,Шереметьево (аэропорт),Федеральное агентство воздушного транспорта (Росавиация),Airbus A320"
"Путин поручил разработать нацпроект, формирующий космические сервисы ",22:18 26.10.2023,https://ria.ru/20231026/natsproekt-1905514356.html,"Путин поручил разработать нацпроект, формирующий космические сервисы и продукты","Наука,Владимир Путин,Россия,Экономика,Технологии"
"Путин заявил, что нужно расширять доступность ключевых космических сервисов ",22:16 26.10.2023,https://ria.ru/20231026/dostupnost-1905514252.html,Путин: нужно расширять доступность ключевых космических сервисов,"Наука,Владимир Путин,Россия,Экономика,Технологии,Космос - РИА Наука"
"Разработчики заместили 90 процентов зарубежных IT-решений, заявил Шадаев  ",15:55 26.10.2023,https://ria.ru/20231026/it-resheniya-1905422173.html,Шадаев: российским производителям осталось заместить 10% иностранных IТ-решений,"Экономика,Технологии,Максут Шадаев"
Шадаев заявил о возможном утильсборе за ввоз импортного IT-оборудования ,15:36 26.10.2023,https://ria.ru/20231026/utilsbor-1905416925.html,Шадаев: утильсбор за ввоз импортного IT-оборудования могут ввести в 2024 году,"Экономика,Технологии,Максут Шадаев"
Шадаев оценил потенциал российских создателей компьютерных игр ,14:58 26.10.2023,https://ria.ru/20231026/igry-1905403271.html,Шадаев: Россия делает ставку на продвижение компьютерных игр на китайский ранок,"Экономика,Технологии,Россия,Китай,Максут Шадаев"
Шадаев отметил рост объема реализации российского софта за 2022 год ,14:43 26.10.2023,https://ria.ru/20231026/shadaev-1905399252.html,"Шадаев: объем реализации софта за 2022 год вырос на четверть, до 2,2 трлн руб ","Экономика,Россия,Максут Шадаев,Дмитрий Чернышенко"
Шадаев назвал приоритеты российской IT-отрасли ,14:27 26.10.2023,https://ria.ru/20231026/it-1905393528.html,Шадаев: приоритетами для российской IT-отрасли станут базовые станции и планшеты,"Максут Шадаев,Экономика,Россия,Технологии"
Шадаев оценил перспективы по выходу на IPO российских IT-компаний ,14:27 26.10.2023,https://ria.ru/20231026/shadaev-1905393422.html,Шадаев: российские IT-компании имеют хорошие перспективы по выходу на IPO,"Экономика,Технологии,Максут Шадаев"
Шадаев рассказал об интересе к российским IT-продуктам за рубежом  ,14:23 26.10.2023,https://ria.ru/20231026/it-1905391795.html,"Шадаев: IT-продуктами РФ интересуются Ближний Восток, Азия и Латинская Америка","Ближний Восток,Максут Шадаев,Азия,Латинская Америка,Россия,Экономика,Технологии"
Минцифры предложит продлить нулевой налог на прибыль для IT-компаний ,14:02 26.10.2023,https://ria.ru/20231026/nalog-1905383894.html,Шадаев: Минцифры предложит продлить нулевой налог на прибыль для IT-компаний,"Максут Шадаев,Экономика,Министерство цифрового развития, связи и массовых коммуникаций РФ (Минцифры России),Технологии"
В Кировской области создадут ОЭЗ в сфере биофармацевтики ,12:49 26.10.2023,https://ria.ru/20231026/oez-1905353395.html,Губернатор Соколов: в Кировской области создадут ОЭЗ в сфере биофармацевтики,"Кировская область,Экономика,Технологии,Вятский государственный университет,Александр Соколов (глава Кировской области),Курчатовский институт"
Мишустин призвал разработать проект договора о транзитном потенциале ШОС ,08:47 26.10.2023,https://ria.ru/20231026/mishustin-1905293761.html,Мишустин назвал расширение связей в транспорте перспективным направлением в ШОС,"ШОС,Россия,Михаил Мишустин,В мире,Экономика"
Шесть московских предприятий представили разработки на выставке во Вьетнаме ,07:44 26.10.2023,https://ria.ru/20231026/vystavka-1905289781.html,На выставке во Вьетнаме шесть предприятий из Москвы показали разработки по ИИ,"Вьетнам,Москва,Экономика,Владислав Овчинский,Технологии"
В Татарстане беспилотное такси впервые совершило поездку без водителя ,16:23 25.10.2023,https://ria.ru/20231025/bespilotniki-1905189945.html,В Татарстане беспилотное такси Яндекса впервые совершило поездку без водителя,"Республика Татарстан,Экономика,Иннополис (Татарстан),Европа,Россия,Роман Шайхутдинов,Рустам Минниханов,Яндекс,Технологии"
На Всероссийской конференции инфраструктуры поддержки экспорта обсудили ИИ ,13:03 25.10.2023,https://ria.ru/20231025/konferentsiya-1905129449.html,None,"Экономика,Технологии,Новосибирск,Российский экспортный центр (РЭЦ),ИИ"
Глава Роскомнадзора призвал операторов связи помочь новым регионам ,11:08 24.10.2023,https://ria.ru/20231024/roskomnadzor-1904869295.html,Глава Роскомнадзора Липов призвал всех операторов связи помочь новым регионам,"Экономика,Россия,Сочи,Андрей Липов,Федеральная служба по надзору в сфере связи, информационных технологий и массовых коммуникаций (Роскомнадзор),Ростелеком"
"Стали доступны новые функции в приложении ""СберБанк Онлайн"" ",09:33 24.10.2023,https://ria.ru/20231024/sberbank-1904849641.html,"""Сбер"" представил глобальное обновление приложения на Android","Москва,Сбербанк России,Сбер,Экономика,Технологии"
"В России изобрели весы для супермаркетов, распознающие продукты  ",12:11 21.10.2023,https://ria.ru/20231021/vesy-1904321994.html,"Российская Mertech создала весы для супермаркетов, распознающие продукты","Экономика,Дубай,Ближний Восток,Технологии,Россия"
"""Сделано в России"" должно стать брендом нематериальных успехов, заявил РЭЦ ",20:11 20.10.2023,https://ria.ru/20231020/brend-1904250816.html,"Глава РЭЦ: ""Сделано в России"" должно стать брендом всех нематериальных успехов","Россия,Вероника Никишина,Софья Троценко,Винзавод,Zara,Экономика"
В России на 75 процентов выросло число кибератак программами-вымогателями ,14:17 20.10.2023,https://ria.ru/20231020/rf-1904141776.html,FAССT: число кибератак на компании РФ программами-вымогателями выросло на 75%,"Экономика,Технологии,Россия,Федеральная таможенная служба (ФТС России)"
"Темп роста ИТ-сектора в Нижегородской области составил 149,5% ",11:21 20.10.2023,https://ria.ru/20231020/it-sektor-1904056699.html,None,"Нижегородская область,Нижегородская область,Экономика"
Маск потерял за сутки 16 миллиардов долларов после падения акций Tesla ,09:57 20.10.2023,https://ria.ru/20231020/mask-1904009605.html,Bloomberg: Маск потерял 16 миллиардов долларов после падения акций Tesla на 9%,"Экономика,Технологии,Илон Маск,Бернар Арно,Джефф Безос,Tesla motors,SpaceX,Louis Vuitton,В мире"
Компания из Китая намерена создать в Приамурье индустриальный парк ,09:20 20.10.2023,https://ria.ru/20231020/park-1903996622.html,Орлов: компания из КНР намерена создать в Приамурье индустриальный парк,"Амурская область,Китай,Василий Орлов (губернатор),Амурская область"
Минцифры обсудит с Минфином продление налоговых льгот для IT-компаний ,23:40 19.10.2023,https://ria.ru/20231019/nalog-1903964671.html,Минцифры и Минфин обсудят продление нулевого налога на прибыль для IT-компаний,"Экономика,Технологии,Россия,Максут Шадаев,Министерство финансов РФ (Минфин России),Налоги"
"Рязанские экспортеры не отказываются от планов развития, заявил Малков ",21:59 19.10.2023,https://ria.ru/20231019/eksportery-1903953588.html,None,"Рязанская область,Экономика,Технологии,Рязанская область,Россия,Павел Малков"
Рязанский губернатор назвал экспорт стратегическим направлением для региона ,21:50 19.10.2023,https://ria.ru/20231019/eksport-1903952350.html,None,"Рязанская область,Экономика,Рязанская область,Россия,Технологии,Павел Малков,Андрей Белоусов"
"СМИ рассказали, к чему привели антимонопольные санкции ЕС против Google ",18:43 19.10.2023,https://ria.ru/20231019/sanktsii-1903928580.html,Блумберг: антимонопольные санкции против Google популяризировали Яндекс в ЕС,"Экономика,Технологии,Чехия,Италия,Германия,Маргарет Вестагер,Google,Яндекс,Евросоюз"
ФАС утвердила увеличение тарифов на отправку писем и бандеролей ,16:44 19.10.2023,https://ria.ru/20231019/tarify-1903895334.html,ФАС утвердила увеличение тарифов на отправку писем и бандеролей более чем на 6%,"Экономика,Технологии,Россия,Почта России,Федеральная антимонопольная служба (ФАС России)"
Азаров: мы сумели представить потенциал Самарской области в Китае ,21:48 18.10.2023,https://ria.ru/20231018/azarov-1903710379.html,None,"Экономика,Технологии,Самарская область,Китай,Пекин,Дмитрий Азаров,Владимир Путин,Си Цзиньпин"
Кубанский производитель упаковки начнет применять бережливые технологии ,21:01 18.10.2023,https://ria.ru/20231018/upakovka-1903705667.html,None,"Краснодарский край,Экономика,Технологии,Краснодарский край"
Власти Якутии: мост Джалинда-Мохе сократит расстояние грузоперевозок в КНР ,19:06 18.10.2023,https://ria.ru/20231018/gruzoperevozki-1903686341.html,Власти: мост Джалинда-Мохе сократит расстояние грузоперевозок из Якутии в Китай,"Республика Саха (Якутия),Экономика,Технологии,Россия,Амур (река),Китай,Айсен Николаев,Чжан Ханьхуэй"
Московский производитель поставил 3D-принтер Центру аддитивных технологий ,10:20 18.10.2023,https://ria.ru/20231018/tekhnologii-1903529112.html,Пользователи услуг первого ЦАТОД смогут применять промышленный 3D-принтер,"Департамент инвестиционной и промышленной политики города Москвы,Экономика,Москва,Россия,Ижевск,Владислав Овчинский,Технологии"
Китайский Livan рассматривает возможность выхода на российский рынок ,19:25 17.10.2023,https://ria.ru/20231017/avtomobili-1903445584.html,Китайский Livan рассматривает возможность производства автомобилей бренда в РФ,"Экономика,Россия,Технологии"
"Билайн бизнес добавит к звонкам ""Этикетку"" ",12:06 17.10.2023,https://ria.ru/20231017/bilayn-1903258441.html,None,"Технологии,Экономика,Билайн,Россия"
РФПИ объявил о создании Фонда развития гражданского авиапрома ,08:41 17.10.2023,https://ria.ru/20231017/aviaprom-1903234657.html,РФПИ и партнеры из Китая создали Фонд развития гражданского авиапрома,"Экономика,Технологии,Россия,Китай,Кирилл Дмитриев,Российский фонд прямых инвестиций"
Дмитрий Азаров в составе российской делегации начал работу на форуме в КНР ,23:48 16.10.2023,https://ria.ru/20231016/azarov-1903206735.html,None,"Экономика,Технологии,Самарская область,Пекин,Россия,Дмитрий Азаров,Максим Соколов,АвтоВАЗ"
Промышленный cовет создан в Рязанской области по поручению губернатора ,17:37 16.10.2023,https://ria.ru/20231016/sovet-1903111802.html,None,"Рязанская область,Экономика,Технологии,Рязанская область,Павел Малков"
"Новые купюры в 1000 и 5000 рублей вряд ли можно подделать, заявил ""Гознак"" ",14:47 16.10.2023,https://ria.ru/20231016/kupyury-1903066468.html,"Гознак: новые 1000 и 5000 рублей крайне трудно подделать, если вообще возможно","Экономика,Россия,Технологии,Нижний Новгород,Екатеринбург,Центральный Банк РФ (ЦБ РФ),Гознак"
СМИ: крупная зарубежная компания объявила о ликвидации бизнеса в России ,13:53 16.10.2023,https://ria.ru/20231016/likvidatsiya-1903055376.html,РБК: японская компания Fujitsu запустила ликвидацию российского бизнеса,"Экономика,Технологии,Украина,Россия,РБК (медиагруппа)"
"США анонсируют новые санкции против Китая, пишут СМИ ",16:56 14.10.2023,https://ria.ru/20231014/ssha-1902785019.html,Axios: США планируют объявить об ограничениях экспорта процессоров в Китай,"Технологии,Китай,США,Вашингтон (штат),Джо Байден,В мире,Экономика,Санкции"
Токаев предложил создать проект сопряжения главных транспортных артерий СНГ ,14:45 13.10.2023,https://ria.ru/20231013/sng-1902548477.html,Токаев предложил создать концепцию сопряжения главных транспортных артерий в СНГ,"Экономика,Технологии,Казахстан,Касым-Жомарт Токаев,СНГ,Содружество,В мире,Общество"
"""Росатом"": Россия имеет уникальные возможности для цифрового прорыва ",13:19 13.10.2023,https://ria.ru/20231013/vozmozhnosti-1902328296.html,None,"Государственная корпорация по атомной энергии ""Росатом"",Технологии,Россия,Экономика"
В России разрабатывают новые электроприборы для автопрома ,04:18 13.10.2023,https://ria.ru/20231013/pribory-1902415155.html,Минпромторг: компании в России разрабатывают новые электроприборы для автопрома,"Экономика,Технологии,Россия,Министерство промышленности и торговли РФ (Минпромторг России)"
Греф заявил о присоединении Сбера ко второй волне теста цифрового рубля ,13:32 12.10.2023,https://ria.ru/20231012/sber-1902239544.html,Греф: Сбер присоединился ко второй волне тестирования цифрового рубля,"Сбер,Сбербанк России,Россия,Экономика,Цифровой рубль,Технологии,Москва,Герман Греф,Центральный Банк РФ (ЦБ РФ)"
"Новые модели трансграничных платежей покажут на форуме ""Сделано в России"" ",12:18 12.10.2023,https://ria.ru/20231012/platezhi-1902219348.html,None,"Экономика,Технологии,Россия,Александр Панкин,Российский экспортный центр (РЭЦ),ВЭБ.РФ (ВЭБ),Форум ""Сделано в России"""
"Технологическую независимость страны обсудят на форуме ""Сделано в России"" ",12:09 12.10.2023,https://ria.ru/20231012/nezavisimost-1902217001.html,None,"Экономика,Россия,Технологии,Российский экспортный центр (РЭЦ),ВЭБ.РФ (ВЭБ),Форум ""Сделано в России"""
"Приложение ""Честный знак"" стало обязательным для предустановки ",10:21 12.10.2023,https://ria.ru/20231012/prilozhenie-1902193294.html,"Приложение ""Честный знак"" стало обязательным для предустановки на гаджеты в РФ","Россия,Михаил Мишустин,Экономика"
"Популярность электронной подписи с начала пандемии выросла в 2,5 раза ",10:00 12.10.2023,https://ria.ru/20231012/podpis-1900469071.html,None,"Наука,Федеральная налоговая служба (ФНС России),Федеральная таможенная служба (ФТС России),МФЦ (многофункциональный центр),Госуслуги,Экономика,Технологии,Наука"
"Тюменская область и Киргизия давние торговые партнеры, заявил Моор ",15:20 11.10.2023,https://ria.ru/20231011/moor-1902037386.html,None,"Тюменская область,Экономика,Технологии,Киргизия,Тюменская область,Россия,Александр Моор,Евразийский экономический союз"
Путин поручил ускорить переход ТЭК к отечественной стандартизации ,14:54 11.10.2023,https://ria.ru/20231011/tek-1902029338.html,Путин поручил ускорить переход ТЭК от иностранной стандартизации к отечественной,"Владимир Путин,Россия,Экономика,Форум ""Российская энергетическая неделя"" (РЭН) 2023,Технологии"
"Резиденты ""Сколково"" представили свои проекты на ""Микроэлектронике-2023"" ",18:30 10.10.2023,https://ria.ru/20231010/proekty-1901837771.html,None,"Экономика,Денис Мантуров,Сколково,Фонд ""Сколково"",Министерство промышленности и торговли РФ (Минпромторг России),Технологии,Россия"
"Вывод высоких технологий на экспорт обсудят на форуме ""Сделано в России"" ",16:51 10.10.2023,https://ria.ru/20231010/eksport-1901819130.html,None,"Экономика,Форум ""Сделано в России"",Технологии,Российский экспортный центр (РЭЦ),ВЭБ.РФ (ВЭБ),Россия"
Лукашенко предложил Новосибирской области вместе развивать отрасль дронов ,15:11 10.10.2023,https://ria.ru/20231010/drony-1901786588.html,None,"Технологии,Новосибирская область,Белоруссия,Минск,Андрей Травников,Александр Лукашенко,Экономика"
Туапсинский морской торговый порт увеличил выработку по нацпроекту на 10% ,21:59 09.10.2023,https://ria.ru/20231009/port-1901624024.html,None,"Краснодарский край,Экономика,Технологии,Краснодарский край,Туапсинский морской торговый порт"
Мишустин заявил о выделении средств на поддержку ИИ-индустрии ,10:59 09.10.2023,https://ria.ru/20231009/mishustin-1901441571.html,"Мишустин: на поддержку ИИ-индустрии выделят почти 1,2 миллиарда рублей","Экономика,Технологии,Россия,Михаил Мишустин"
Ефимов: московские предприятия стали лауреатами премии PromMOSCOW Awards ,12:23 07.10.2023,https://ria.ru/20231007/premiya-1901059718.html,None,"Экономика,Россия,Москва,Владимир Ефимов (Правительство Москвы),Владислав Овчинский,Сергей Собянин,Крост,Технологии"
В Калужской области создадут зарядную инфраструктуру для электромобилей ,17:10 04.10.2023,https://ria.ru/20231004/infrastruktura-1900497830.html,Шапша: в Калужской области создадут зарядную инфраструктуру для электромобилей,"Калужская область,Технологии,Калужская область,Владислав Шапша,Владимир Попов,Калуга"
РЭЦ проведет вебинар о господдержке экспортеров в 2023 и планах на 2024 год ,16:51 04.10.2023,https://ria.ru/20231004/vebinar-1900491882.html,None,"Экономика,Технологии,Российский экспортный центр (РЭЦ),ВЭБ.РФ (ВЭБ),Форум ""Сделано в России"",Россия"
В Новосибирске перестали работать паркоматы из-за санкций ЕС ,09:01 04.10.2023,https://ria.ru/20231004/parkomaty-1900333239.html,В Новосибирске перестали работать паркоматы из-за антироссийских санкций ЕС,"Экономика,Россия,Новосибирск,Евросоюз,Анатолий Локоть,Санкции в отношении России"
Малков: рязанские предприятия легкой промышленности сохраняют устойчивость ,20:15 03.10.2023,https://ria.ru/20231003/malkov-1900289771.html,None,"Рязанская область,Экономика,Технологии,Рязанская область,Рязань,Павел Малков,Александр Шохин,Российский союз промышленников и предпринимателей"
"РЭЦ: транспортную безопасность обсудят на форуме ""Сделано в России"" ",17:49 03.10.2023,https://ria.ru/20231003/bezopasnost-1900229680.html,None,"Российский экспортный центр (РЭЦ),ВЭБ.РФ (ВЭБ),Экономика,Россия,БРИКС,Манеж,Технологии,Форум ""Сделано в России"""
"Более 150 компаний примут участие в выставке технологий ""Сделано в России"" ",17:08 03.10.2023,https://ria.ru/20231003/vystavka-1900215717.html,None,"ВЭБ.РФ (ВЭБ),Российский экспортный центр (РЭЦ),Экономика,Технологии,Россия,Форум ""Сделано в России"",Выставка-форум ""Россия"""
Московская компания реализовала около 80 проектов IoT по всей России ,10:14 03.10.2023,https://ria.ru/20231003/moskva-1900098458.html,None,"Департамент инвестиционной и промышленной политики города Москвы,Экономика,Технологии,Россия,Москва,Владислав Овчинский"
"Отечественный электромобиль ""Атом"" собрал 36 тысяч предзаказов ",07:05 03.10.2023,https://ria.ru/20231003/atom-1900089939.html,"Электрокар ""Атом"" от ""Камы"" собрал 36 тысяч предзаказов в России","Экономика,Технологии"
"В НТИ рассказали, насколько вырастет выпуск БПЛА в Свердловской области ",01:08 30.09.2023,https://ria.ru/20230930/bespilotniki-1899577423.html,НТИ: выпуск БПЛА в Свердловской области ежегодно будет расти на 60-80 процентов,"Экономика,Технологии,Свердловская область,Национальная технологическая инициатива (НТИ),Уральский завод гражданской авиации,ТВЭЛ,Россия"
Работу приложения Райффайзенбанка восстановили ,14:05 29.09.2023,https://ria.ru/20230929/bank-1899424449.html,Работу приложения Райффайзенбанка восстановили после технической неполадки,"Экономика,Технологии,Райффайзенбанк"
Россия обречена торговать с Западом ,08:00 29.09.2023,https://ria.ru/20230929/torgovlya-1899308102.html,None,"Аналитика,Россия,Пакистан,Технологии,Экономика"
"Собянин заявил, что России не стоит уповать на глобализацию ",16:27 28.09.2023,https://ria.ru/20230928/globalizatsiya-1899236485.html,Собянин: главный урок для России — не надо уповать на глобализацию,"Экономика,Технологии,Россия,Москва,Сергей Собянин"
"Силуанов заявил, что вопрос внедрения альтернативы SWIFT обсуждается  ",14:13 28.09.2023,https://ria.ru/20230928/vopros-1899195665.html,Силуанов: вопрос внедрения системы альтернативной SWIFT обсуждается ,"БРИКС,Экономика,Технологии,Россия,Антон Силуанов"
Мишустин поручил отследить соблюдение маркетплейсами прав потребителей ,12:05 27.09.2023,https://ria.ru/20230927/marketpleysy-1898908798.html,Мишустин поручил проконтролировать соблюдение маркетплейсами прав потребителей,"Михаил Мишустин,Федеральная антимонопольная служба (ФАС России),Экономика,Технологии"
Мишустин предостерег общество от поспешного внедрения новых технологий с ИИ ,15:46 26.09.2023,https://ria.ru/20230926/ii-1898754982.html,Мишустин: новые технологии на базе ИИ нужно внедрять аккуратно,"Экономика,Технологии,Россия,Михаил Мишустин,ИИ"
"Маркетплейсы предложили альтернативу платежу в пользу ""Почты России"" ",11:52 26.09.2023,https://ria.ru/20230926/pochta-1898677759.html,"Маркетплейсы предложили закупать услуги ""Почты России"" как альтернативу платежу","Экономика,Ozon,Почта России,Александр Хинштейн,Технологии"
"В ""ГЛОНАСС"" предложили Китаю создать систему аварийного оповещения ",10:56 26.09.2023,https://ria.ru/20230926/knr-1898655141.html,"АО ""ГЛОНАСС"" предложило КНР создать систему аварийного оповещения на транспорте","Экономика,Технологии,Китай,Пекин,Россия,Алексей Райкевич,ЭРА-ГЛОНАСС"
"Более 500 специалистов подготовят в кластере ""Машиностроение"" на Алтае ",09:50 26.09.2023,https://ria.ru/20230926/spetsialisty-1898639203.html,None,"Алтайский край,Экономика,Алтайский край,Виктор Томенко"
Билайн предлагает бизнесу инструмент для эффективного контакта с аудиторией ,10:00 25.09.2023,https://ria.ru/20230925/bilayn-1898068933.html,None,"Билайн,Экономика,Технологии,ВымпелКом"
"В Индонезии призвали ""некоторые"" страны прекратить торговую дискриминацию ",20:51 23.09.2023,https://ria.ru/20230923/diskriminatsiya-1898254010.html,В Индонезии призвали некоторые развитые страны прекратить торговую дискриминацию,"Экономика,Индонезия,Ретно Марсуди,ООН,США,Технологии,Нью-Йорк (город)"
Сто новосибирских предприятий улучшат производительность по нацпроекту ,10:36 22.09.2023,https://ria.ru/20230922/proizvoditelnost-1897948414.html,Сто новосибирских предприятий улучшат производительность в рамках нацпроекта,"Новосибирская область,Экономика,Технологии,Министерство экономического развития РФ (Минэкономразвития России),Казахстан,Белоруссия"
В Тюменской области могут создать испытательный полигон для ТЭК ,06:48 22.09.2023,https://ria.ru/20230922/poligon-1897924781.html,Моор: в Тюменской области могут создать испытательный полигон для ТЭК,"Тюменская область,Экономика,Технологии,Тюменская область,Тюмень,Александр Моор"
Путин призвал бизнес включиться создание прогноза потребностей в кадрах ,21:05 21.09.2023,https://ria.ru/20230921/putin-1897889759.html,Путин призвал бизнес включиться в формирование прогноза потребностей в кадрах,"Экономика,Технологии,Россия,Владимир Путин"
Группа ЦРТ реализует эксперименты по внедрению GigaChat  ,14:00 21.09.2023,https://ria.ru/20230921/eksperimenty-1897628562.html,None,"Экономика,Технологии,Наука"
Beeline cloud представил новый продукт Cloud Kubernetes Clusters ,10:00 21.09.2023,https://ria.ru/20230921/produkt-1897470323.html,None,"ВымпелКом,Технологии,Билайн,Экономика,beeline cloud"
"Россия может создавать свои инновационные продукты, заявили в Госдуме ",17:28 20.09.2023,https://ria.ru/20230920/innovatsii-1897606938.html,Хинштейн: РФ может создавать свои инновационные продукты,"Экономика,Технологии,Россия,Александр Хинштейн,Михаил Мишустин,Госдума РФ"
Участники TNF 2023: российский ТЭК на пути к цифровому суверенитету ,17:10 20.09.2023,https://ria.ru/20230920/forum-1897596545.html,None,"Технологии,Экономика,Россия,Тюмень,Промышленно-энергетический форум TNF 2023"
В России продолжат финансовую поддержку компаний в вопросе цифровизации ,14:22 20.09.2023,https://ria.ru/20230920/tsifrovizatsiya-1897540153.html,Шадаев заявил о продолжении финансовой поддержки компаний в вопросе цифровизации,"Технологии,Экономика,Дмитрий Чернышенко,Максут Шадаев,Министерство цифрового развития, связи и массовых коммуникаций РФ (Минцифры России)"
Мишустин сообщил о высоком спросе на российские технологии ,11:16 20.09.2023,https://ria.ru/20230920/mishustin-1897481370.html,Мишустин: спрос на российские технологии увеличился в 10 раз,"Экономика,Технологии,Россия,Михаил Мишустин"
"Мишустин отметил рост числа программистов, работающих в России ",11:07 20.09.2023,https://ria.ru/20230920/programmisty-1897479050.html,Мишустин: число работающих в России программистов выросло до 820 тысяч,"Михаил Мишустин,Технологии,Экономика"
Мишустин: российские производители софта могут быть конкурентоспособны ,10:59 20.09.2023,https://ria.ru/20230920/soft-1897474960.html,Мишустин: российские производители ПО могут предложить востребованную продукцию,"Экономика,Технологии,Россия,Михаил Мишустин"
Правительство подсчитало стоимость создания четырех ВСМ ,07:32 20.09.2023,https://ria.ru/20230920/stoimost-1897436618.html,"""Ъ"": правительство оценило четыре предложенных Путиным ВСМ в 11 трлн рублей","Экономика,Технологии,РЖД"
Фонд развития промышленности Кубани направит на три проекта 115 миллионов ,21:20 19.09.2023,https://ria.ru/20230919/fond-1897399177.html,None,"Краснодарский край,Экономика,Технологии,Армавир,Анапа,Краснодарский край,Фонд развития промышленности"
"TNF-2023 дает вектор развития нефтегазовой отрасли России, заявил Моор ",14:54 19.09.2023,https://ria.ru/20230919/vektor-1897257840.html,Моор: TNF-2023 показывает вектор развития нефтегазовой отрасли России,"Тюменская область,Александр Моор,Тюмень,Россия,Тюменская область,Технологии,Экономика"
Правительство внедрит сельскохозяйственные беспилотники в 12 регионах ,09:53 19.09.2023,https://ria.ru/20230919/bpla-1897130301.html,Правительство утвердило параметры внедрения с/х беспилотников в 12 регионах,"Россия,БПЛА,Технологии,Экономика,Ставропольский край,Ульяновская область,Михаил Мишустин"
В Госдуме поддержали интеграцию цифрового рубля в налоговую систему России ,17:45 18.09.2023,https://ria.ru/20230918/rubl-1897044269.html,В ГД поддержали поправки для интеграции цифрового рубля в налоговую систему РФ,"Экономика,Технологии,Россия,Анатолий Аксаков,Николай Журавлев,Госдума РФ,Цифровой рубль"
В 2023 году более 250 рязанских компаний уже получили поддержку РЭЦ  ,15:47 18.09.2023,https://ria.ru/20230918/eksport-1897011946.html,None,"Российский экспортный центр (РЭЦ),ВЭБ.РФ (ВЭБ),Экономика,Технологии"
Минпромторг рассказал о ситуации с комплектующими для российских дронов ,13:30 18.09.2023,https://ria.ru/20230918/krn-1896973709.html,Минпромторг: производители дронов не жаловались на комплектующие из КНР,"Экономика,Технологии,Россия,Китай,Павел Камнев,Министерство промышленности и торговли РФ (Минпромторг России),дрон-камикадзе,БПЛА"
Эксперт опасается попадания промышленности в зависимость от Азии ,10:52 18.09.2023,https://ria.ru/20230918/promyshlennost-1896916715.html,"Дудоров: промышленность рискует начать зависеть от Азии, как ранее от Запада","Технологии,Экономика,Евгений Дудоров,НПО ""Андроидная техника"",Азия"
В России могут начать продавать лекарства в рассрочку онлайн ,09:23 18.09.2023,https://ria.ru/20230918/lekarstva-1896899387.html,"Ведомости: сервис ""Сбер Еаптека"" начнет продавать лекарства в рассрочку онлайн","Россия,Экономика"
Инвестиции в Приамурье по итогам ВЭФ составят 150 миллиардов рублей ,15:34 14.09.2023,https://ria.ru/20230914/investitsii-1896341706.html,Инвестиции в экономику Приамурья по итогам ВЭФ составят 150 миллиардов рублей,"Амурская область,Экономика,Технологии,Амурская область,Россия,Свободный,Василий Орлов (губернатор),Владимир Путин,СНГ,ВЭФ-2023"
"""Аэрофлот"" и ""Яковлев"" могут создать ПО для отечественных самолетов ",00:23 14.09.2023,https://ria.ru/20230914/po-1896228207.html,"""Аэрофлот"" и ""Яковлев"" планируют создать ПО для новых отечественных самолетов","Экономика,Технологии,Владивосток,Аэрофлот,Объединенная авиастроительная корпорация (ОАК),Ростех,ВЭФ-2023"
Мастер-класс от Путина на ВЭФ-2023: как правильно продать Дальний Восток ,08:00 13.09.2023,https://ria.ru/20230913/putin-1895969224.html,None,"Аналитика,Дальний Восток,Россия,Экономика,Технологии,Арктика,Владимир Путин,Сила Сибири — 2,ВЭФ-2023"
В МТС озвучили цену предзаказа нового IPhone 15 ,06:32 13.09.2023,https://ria.ru/20230913/mts-1895999404.html,МТС: цена предзаказа IPhone 15 начинается от 125 тысяч рублей,"Экономика,Россия,Технологии,МТС,Apple"
"""Соллерс"" обдумывает создание СП по автокомпонентам в России ",06:18 13.09.2023,https://ria.ru/20230913/sollers-1895998253.html,"""Соллерс"" обдумывает создание СП по автокомпонентам с автоконцернами России","Экономика,Технологии,Владивосток,Россия,Ульяновск,Соллерс,Ульяновский автомобильный завод (УАЗ),ВЭФ-2023"
В Positive Technologies рассказали о защищенности RuStore ,05:24 13.09.2023,https://ria.ru/20230913/rustore-1895995427.html,Positive Technologies: защищенность RuStore находится на одном уровне с Google,"Экономика,Технологии,Россия,Владивосток,Артем Сычев,Михаил Мишустин,Максут Шадаев,Positive Technologies,ВЭФ-2023"
Apple представила iPhone 15 ,20:59 12.09.2023,https://ria.ru/20230912/iphone-1895964648.html,"Apple представила iPhone 15, Pro, Pro Max и новые Apple Watch ","Технологии,Apple,Экономика"
Сенатор выступил за создание Корпорации развития Сибири ,15:21 12.09.2023,https://ria.ru/20230912/razvitie-1895856410.html,Сенатор Усс: необходимо создать Корпорацию развития Сибири,"Экономика,Технологии,Красноярский край,Дальний Восток,Александр Усс"
Путин рассказал о последствиях ограничения расчетов в долларах ,09:54 12.09.2023,https://ria.ru/20230912/raschety-1895751509.html,Путин: ограничение расчетов в долларах привело к подрыву доверия к Западу,"Владимир Путин,Экономика,Россия,Европа,США,В мире,ВЭФ-2023"
"""Аэрофлот"" и ""Яковлев"" планируют создавать отечественные сервисы ",06:24 12.09.2023,https://ria.ru/20230912/servisy-1895718638.html,"""Аэрофлот"" и ""Яковлев"" будут создавать отечественные сервисы и цифровые решения","Экономика,Технологии,Владивосток,Андрей Богинский,Денис Мантуров,Аэрофлот,Объединенная авиастроительная корпорация (ОАК),Ростех,ВЭФ-2023"
Сбербанк вскоре запустит сервис для защиты от мошенников ,04:46 12.09.2023,https://ria.ru/20230912/sberbank-1895711896.html,Сбербанк вскоре запустит сервис для защиты от мошенников в мессенджерах,"Экономика,Владивосток,Технологии,Станислав Кузнецов,Сбербанк России,Сбер,Дальневосточный федеральный университет,ВЭФ-2023"
На Кубани мебельная компания увеличила выработку благодаря нацпроекту ,20:22 11.09.2023,https://ria.ru/20230911/natsproekt-1895678798.html,None,"Краснодарский край,Краснодарский край,Экономика,Технологии"
РЭЦ: доля несырьевого экспорта России в страны Азии выросла до 29% ,11:06 11.09.2023,https://ria.ru/20230911/eksport-1895510095.html,None,"Российский экспортный центр (РЭЦ),ВЭБ.РФ (ВЭБ),Экономика,АТР,Россия,Китай,Вероника Никишина,РЖД,FESCO,Технологии,Восточный экономический форум (ВЭФ),Экспорт,ВЭФ-2023"
Сахалин представил на ВЭФ план масштабного развития региона ,06:54 11.09.2023,https://ria.ru/20230911/plan-1895458903.html,Лимаренко представил на ВЭФ план масштабного развития региона,"ВЭФ-2023,Россия,ВЭБ.РФ (ВЭБ),Экономика,Технологии,Сахалинская область,Валерий Лимаренко,Игорь Шувалов,Дальний Восток"
"В Роскачестве указали, какие бренды предустанавливают RuStore ",06:51 11.09.2023,https://ria.ru/20230911/rustore-1895458388.html,Роскачество: требование установки RuStore исполняют в основном китайские бренды,"Экономика,Технологии,Россия,Михаил Мишустин,Максут Шадаев,Huawei Technologies,Google,Realme"
ВЭБ выступил за построение единой среды данных о городах и регионах ,06:40 11.09.2023,https://ria.ru/20230911/veb-1895456866.html,Самохин назвал аналитику больших данных важным элементом цифровой экономики,"Россия,ВЭБ.РФ (ВЭБ),ВЭФ-2023,Экономика,Технологии,Дальний Восток,Агентство стратегических инициатив (АСИ),Русал,Сбер"
В Минэнерго рассказали о правилах размещения зарядных станций на АЗС ,04:16 11.09.2023,https://ria.ru/20230911/stantsii-1895442869.html,Минэнерго: установка зарядных станций для электромобилей должна быть разумной,"Экономика,Технологии,Россия,Владивосток,Николай Шульгинов,Министерство энергетики РФ (Минэнерго России),Министерство экономического развития РФ (Минэкономразвития России),Дальневосточный федеральный университет,ВЭФ-2023"
В Сбербанке рассказали о новых операциях с безналичными деньгами ,04:10 11.09.2023,https://ria.ru/20230911/sberbank-1895442109.html,Сбербанк пилотирует операции с токенизированными безналичными деньгами,"Экономика,Технологии,Владивосток,Анатолий Попов,Сбербанк России,Сбер,Дальневосточный федеральный университет,ВЭФ-2023"
"Единая валюта стран БРИКС в ближайшее время не появится, считает Костин ",00:54 11.09.2023,https://ria.ru/20230911/kostin-1895428443.html,"Костин считает, что единой валюты стран БРИКС в ближайшее время не будет","Экономика,Технологии,Андрей Костин (банкир),Россия,Китай,БРИКС,SWIFT,ВТБ (банк),Индия,ВЭФ-2023"
В Калининграде начали выпуск электромобилей совместно с китайским Foton ,13:55 08.09.2023,https://ria.ru/20230908/avtotor-1894982740.html,"В Калининграде завод ""Автотор"" начал выпуск коммерческих электромобилей ","Экономика,Калининград,Автотор,Развитие электротранспорта в России,Технологии,Россия,Китай"
"""МТС банк"" отрицает атаки хакеров, утечка данных могла быть на стороне ",23:21 07.09.2023,https://ria.ru/20230907/utechka-1894863519.html,"""МТС банк"" отрицает атаки хакеров, утечка данных клиентов могла быть на стороне","Экономика,МТС,Технологии"
Путин поручил скорректировать стратегию цифровой трансформации госкомпаний ,14:36 07.09.2023,https://ria.ru/20230907/ii-1894756240.html,Стратегию цифровой трансформации госкомпаний скорректируют для внедрения ИИ,"Экономика,Россия,Владимир Путин,Технологии"
Группа Fesco планирует увеличение флота на Балтике ,19:51 06.09.2023,https://ria.ru/20230906/baltika-1894623419.html,Транспортная группа Fesco рассматривает планы по увеличению флота на Балтике,"Экономика,Технологии,Калининград,Санкт-Петербург,Калининградская область,Антон Алиханов,FESCO,Владивостокский морской торговый порт"
"Более 5,7 тысячи участников уже зарегистрировались на Kazan Digital Week ",18:26 06.09.2023,https://ria.ru/20230906/forum-1894602986.html,None,"Республика Татарстан,Экономика,Технологии,Россия,Белоруссия,Туркмения,Айрат Хайруллин,Республика Татарстан (Татарстан)"
Минцифры договорится о предустановке RuStore на смартфоны сразу на заводах  ,17:18 06.09.2023,https://ria.ru/20230906/rustore-1894585508.html,Шадаев: Минцифры договорится с производителями о предустановке RuStore,"Экономика,Технологии,Россия,Максут Шадаев,Михаил Мишустин,Samsung,Apple"
"Эксперты заявили, что смартфоны из Китая заняли почти 75% российского рынка ",12:42 06.09.2023,https://ria.ru/20230906/smartfon-1894495884.html,Эксперты: порядка 75% российского рынка смартфонов заняли китайские компании,"Экономика,Технологии,Китай,Россия,Эльдар Муртазин,Apple,Realme,Samsung"
"Исследование показало, сколько ущерба нанесли хакеры российским компаниям ",04:25 06.09.2023,https://ria.ru/20230906/uscherb-1894430533.html,"""РТК Солар"": средний годовой ущерб компаниям в России от хакеров вырос на треть","Технологии,Россия,Экономика,ГК «Солар» (ранее ""РТК-Солар"")"
Аксаков: с развитием цифрового рубля роль банковской системы начнет угасать ,20:49 05.09.2023,https://ria.ru/20230905/tsifra-1894407257.html,Аксаков: с развитием системы блокчейна роль банков будет угасать,"Экономика,Технологии,Россия,Анатолий Аксаков,Центральный Банк РФ (ЦБ РФ),Госдума РФ"
В офисе Зеленского заявили об отключении немецкого ПО от компаний в России ,14:59 05.09.2023,https://ria.ru/20230905/soft-1894304229.html,В офисе Зеленского заявили об отключении ПО немецкого SAP от компаний в России,"Экономика,Технологии,Россия,Украина,Москва,Андрей Ермак,Владимир Зеленский,SAP AG,РЖД,Владимир Путин"
Глава фонда инноваций Кубани: МСП развивают технологический суверенитет ,20:28 31.08.2023,https://ria.ru/20230831/msp-1893506519.html,None,"Краснодарский край,Экономика,Технологии,Донецкая Народная Республика,Краснодарский край,Россия,Следственный комитет России (СК РФ)"
Bank of China провел первую прямую инвестицию в юанях в Аргентине ,15:04 31.08.2023,https://ria.ru/20230831/investitsii-1893411598.html,Bank of China впервые провел операцию по прямым инвестициям в юанях в Аргентине,"Экономика,Технологии,Аргентина,Буэнос-Айрес (город),Центральный Банк РФ (ЦБ РФ),Bank of China,Китай"
Столичная компания разработала систему контроля электроэнергии для сети АЗС ,09:15 31.08.2023,https://ria.ru/20230831/ovchinskiy-1893282617.html,None,"Департамент инвестиционной и промышленной политики города Москвы,Экономика,Технологии,Москва,Россия,Владислав Овчинский"
Комбикормовый завод запустили в нижегородском Павлове ,18:23 30.08.2023,https://ria.ru/20230830/zavod-1893237028.html,None,"Нижегородская область,Экономика,Технологии,Нижегородская область"
Тюменская область помогает бизнесу развивать производство ,19:39 29.08.2023,https://ria.ru/20230829/tyumen-1893005312.html,None,"Тюменская область,Экономика,Технологии,Тюменская область,Тюменский район,Александр Моор"
В Индии заинтересованы в российских дронах и противодронных технологиях ,19:21 29.08.2023,https://ria.ru/20230829/drony-1893002464.html,Эксперт: Индия заинтересована в российских дронах и противодронных технологиях,"Экономика,Индия,БРИКС,Москва,Технологии"
Китай может поставлять Якутии оборудование для Жатайской судоверфи ,10:57 29.08.2023,https://ria.ru/20230829/yakutiya-1892840640.html,Китай может поставить для Жатайской судоверфи аналоги европейского оборудования,"Республика Саха (Якутия),Экономика,Китай,Дмитрий Садовник,Совет Федерации РФ,Алексей Еремеев"
DNS зафиксировала до конца октября предельные цены на часть техники ,10:37 29.08.2023,https://ria.ru/20230829/dns-1892835953.html,DNS зафиксировала до конца октября предельные цены на телефоны и ноутбуки,"Экономика,Россия,Федеральная антимонопольная служба (ФАС России)"
"Эксперт рассказал, на сколько подорожают iPhone ",03:59 29.08.2023,https://ria.ru/20230829/ayfon-1892807228.html,Эксперт: iPhone в России по итогам года могут подорожать в среднем на 20%,"Экономика,Технологии,Россия,Эльдар Муртазин,Apple,Mobile Research Group,Владимир Зыков"
"Криптобиржа Binance может уйти из России, сообщили СМИ ",22:27 28.08.2023,https://ria.ru/20230828/binance-1892793714.html,WSJ:  криптобиржа Binance может уйти с российского рынка,"Экономика,Технологии,Россия"
В Тобольске началось строительство завода полипропилена ,07:08 26.08.2023,https://ria.ru/20230826/zavod-1892346721.html,Губернатор: в Тобольске началось строительство завода полипропилена,"Тюменская область,Экономика,Технологии,Тобольск,Россия,Александр Моор,Запсибнефтехим,Сибур Холдинг"
Путин поручил правительству расширить поддержку современных агротехнологий ,20:52 25.08.2023,https://ria.ru/20230825/putin-1892317983.html,None,"Технологии,Экономика,Россия,Владимир Путин"
Путин рекомендовал регионам создать систему поддержки местных брендов ,20:49 25.08.2023,https://ria.ru/20230825/putin-1892317616.html,None,"Экономика,Технологии,Россия,Владимир Путин,Агентство стратегических инициатив (АСИ)"
Путин поручил рассмотреть меры поддержки современных технологий земледелия ,20:34 25.08.2023,https://ria.ru/20230825/putin-1892316225.html,None,"Экономика,Технологии,Россия,Владимир Путин,Михаил Мишустин,Агентство стратегических инициатив (АСИ)"
"В ВТБ предупредили о мошенниках, предлагающих открыть вклад с кешбэком ",10:52 25.08.2023,https://ria.ru/20230825/moshenniki-1892156107.html,ВТБ: мошенники стали обзванивать россиян с предложением открыть вклад с кешбэком,"Экономика,Технологии,ВТБ (банк),Центральный Банк РФ (ЦБ РФ)"
Компания по выпуску систем видеонаблюдения стала резидентом московской ОЭЗ ,09:15 25.08.2023,https://ria.ru/20230825/oez-1892108764.html,None,"Департамент инвестиционной и промышленной политики города Москвы,Экономика,Технологии,Москва,Владислав Овчинский"
В России хотят создать ветроустойчивый дирижабль ,09:31 24.08.2023,https://ria.ru/20230824/dirizhabl-1891897466.html,В России хотят создать ветроустойчивый дирижабль для грузоперевозок,"Экономика,Технологии,Россия,Фонд перспективных исследований"
В Минпромторге рассказали о брендозамещении в России ,17:00 23.08.2023,https://ria.ru/20230823/brendozameschenie-1891798795.html,В Минпромторге заявили о необходимости содействовать брендозамещению в России,"Экономика,Технологии,Россия,Уфа,Бразилия,Министерство промышленности и торговли РФ (Минпромторг России)"
В Москве к 2027 году создадут более 60 тысяч беспилотников ,15:25 23.08.2023,https://ria.ru/20230823/bespilotniki-1891765517.html,Более 60 тысяч БПЛА будет создано к 2027 году в столичном Федеральном центре БАС,"Экономика,Технологии,Москва,Владимир Ефимов (Правительство Москвы),Владислав Овчинский"
"Российские компании адаптировались к новым условиям, заявил Мишустин ",15:14 23.08.2023,https://ria.ru/20230823/mishustin-1891763070.html,"Мишустин: несмотря на трудности, компании быстро адаптировались к новым условиям","Экономика,Технологии,Россия,Михаил Мишустин"
Путин рассказал об активных планах по транспортно-логистическим потокам ,19:24 22.08.2023,https://ria.ru/20230822/potoki-1891595158.html,Путин: Россия активно переориентирует транспортно-логистические потоки,"Экономика,Россия,Владимир Путин,БРИКС,Технологии"
Мантуров заявил об отсутствии дефицита промышленных роботов в России ,18:28 22.08.2023,https://ria.ru/20230822/roboty-1891579949.html,Мантуров: дефицита промышленных роботов в России нет и никогда не было,"Экономика,Россия,Денис Мантуров,Технологии,Министерство промышленности и торговли РФ (Минпромторг России),Роботы"
Путин рассказал об инвестициях в обрабатывающую промышленность ,18:07 22.08.2023,https://ria.ru/20230822/promyshlennost-1891574525.html,Путин: обрабатывающую промышленность проинвестируют на два триллиона рублей,"Экономика,Технологии,Россия,Владимир Путин"
Путин рассказал о решении проблемы загрузки дальневосточных портов ,18:03 22.08.2023,https://ria.ru/20230822/putin-1891573297.html,Путин: правительство и РЖД решили проблему загрузки дальневосточных портов,"Экономика,Технологии,Россия,Владимир Путин,РЖД"
Чернышенко рассказал о трех технологических мегапроектах ,15:32 22.08.2023,https://ria.ru/20230822/tekhnoprom-1891532426.html,Чернышенко: по трем технологическим мегапроектам подготовили планы и паспорта,"Экономика,Технологии,Россия,Дмитрий Чернышенко,Василий Осьмаков,Михаил Мишустин,Министерство промышленности и торговли РФ (Минпромторг России)"
В Запорожской области будут развивать отрасль беспилотных авиасистем ,08:34 21.08.2023,https://ria.ru/20230821/zaporozhe-1891193605.html,В Запорожской области появится технопарк по производству беспилотных авиасистем,"Экономика,Технологии,Запорожская область,Евгений Балицкий"
Украина внесла Alibaba Group в список спонсоров войны ,17:57 17.08.2023,https://ria.ru/20230817/aliexpress-1890681300.html,Украина внесла компанию-владельца AliExpress в список спонсоров войны,"Россия,Украина,Экономика,Технологии,AliExpress"
"Путин заявил, что банки подключатся к  созданию ж/д магистралей ",15:36 17.08.2023,https://ria.ru/20230817/putin-1890644768.html,"Путин заявил, что банки РФ подключатся к созданию скоростных ж/д магистралей","Экономика,Технологии,Россия,Москва,Московская область (Подмосковье),Сергей Собянин,Олег Белозеров,Владимир Путин,РЖД"
"Росавиация прокомментировала отключение страны от ""авиационного SWIFT"" ",11:55 17.08.2023,https://ria.ru/20230817/sita-1890572323.html,Росавиация не увидела негативного влияния на авиацию из-за ухода SITA из России,"Экономика,Россия,Федеральное агентство воздушного транспорта (Росавиация),Новости - Туризм,Туризм"
Ставрополье направило около 900 миллионов рублей на развитие промкомплекса ,22:35 16.08.2023,https://ria.ru/20230816/promkompleks-1890508768.html,Ставрополье направило порядка 900 миллионов рублей на развитие промкомплекса,"Ставропольский край,Экономика,Ставропольский край,Россия,Технологии,Владимир Владимиров"
В Краснодарском крае выпустили первую сотню железнодорожных вагонов ,22:04 16.08.2023,https://ria.ru/20230816/vagony-1890506936.html,None,"Краснодарский край,Экономика,Краснодарский край,Технологии,Армавир,Россия,Вениамин Кондратьев,Сергей Бойко"
Россияне за рубежом в 2023 году чаще всего платили картами UnionPay в ОАЭ ,05:12 16.08.2023,https://ria.ru/20230816/karty-1890325086.html,Анализ: россияне за рубежом чаще всего платили картами UnionPay в ОАЭ,"Туризм,Экономика,Технологии,ОАЭ,Турция,Италия,Россельхозбанк,Новости - Туризм"
Базовые станции LTE заменят на отечественные к 2035 году ,13:45 15.08.2023,https://ria.ru/20230815/svyaz-1890194534.html,Станции LTE и более ранних поколений заменят на отечественные к 2035 году,"Экономика,Технологии,Россия"
Минцифры представило проект стратегии развития отрасли связи в России ,13:34 15.08.2023,https://ria.ru/20230815/proekt-1890193198.html,Минцифры представило проект стратегии развития отрасли связи до 2035 года,"Министерство цифрового развития, связи и массовых коммуникаций РФ (Минцифры России),Экономика,Россия,Технологии"
"Самарская область представила более десяти предприятий на форуме ""Армия"" ",21:55 14.08.2023,https://ria.ru/20230814/armiya-2023-1890074444.html,Самарская область представила более десяти предприятий ОПК на форуме Армия-2023,"Экономика,Технологии,Самарская область,Кубинка,Россия,Дмитрий Азаров,Новикомбанк,Ростех,Форум ""Армия — 2023"""
Азаров подписал соглашения о создании новых производств в Самарской области ,21:21 14.08.2023,https://ria.ru/20230814/azarov-1890070454.html,None,"Экономика,Технологии,Самарская область,Россия,Тольятти,Дмитрий Азаров,Объединенная двигателестроительная корпорация,Самарский университет,Форум ""Армия — 2023"""
"Бречалов: Удмуртию на форуме ""Армия"" представляют крупные заводы и бизнес ",19:54 14.08.2023,https://ria.ru/20230814/udmurtiya-1890057717.html,None,"Удмуртская Республика,Экономика,Технологии,Россия,Кубинка,Александр Бречалов,Владимир Путин,Патриот,Форум ""Армия — 2023"""
"""Росатом"" готов выпускать комплектный привод для электромобилей  ",16:47 14.08.2023,https://ria.ru/20230814/elektromobili-1890010495.html,"""Росатом"" готов поставлять комплектный привод для электромобилей ГАЗ, ВАЗ и УАЗ","Экономика,Технологии,Россия,Калининград,Москва,Алексей Лихачев,Владимир Путин,Государственная корпорация по атомной энергии ""Росатом"",Группа ГАЗ,Ульяновский автомобильный завод (УАЗ)"
Путин поддержал идею создать в Обнинске кластер по ядерному образованию ,14:29 14.08.2023,https://ria.ru/20230814/obninsk-1889937867.html,Путин поддержал идею Лихачева создать в Обнинске кластер по ядерному образованию,"Россия,Владимир Путин,Форум ""Армия — 2023"",Экономика,Технологии"
Путин заявил о росте рынка продуктов с ИИ ,13:15 14.08.2023,https://ria.ru/20230814/forum-1889940086.html,"Путин в обращении к участникам ""Армии-2023"" заявил о росте рынка продуктов с ИИ","Россия,Форум ""Армия — 2023"",Безопасность"
Эксперты сделали прогноз о перспективах использования цифрового рубля ,14:09 12.08.2023,https://ria.ru/20230812/rubl-1889701703.html,Эксперты: цифровой рубль вряд ли займет значимую долю в расчетах физлиц,"Экономика,Россия,Сколково,SWIFT,Эксперт РА"
"Минцифры разбирается, перестанет ли Microsoft продлевать подписки в России ",23:47 11.08.2023,https://ria.ru/20230811/podpiski-1889651401.html,"Шадаев: минцифры разберется, перестанет ли Microsoft продлевать подписки в РФ","Экономика,Технологии,Россия,Максут Шадаев,Microsoft Corporation"
Wildberries начал тестирование нового логотипа ,14:11 11.08.2023,https://ria.ru/20230811/wildberries-1889550404.html,Wildberries представил на своем сайте один из вариантов обновленного логотипа,"Технологии,Wildberries,Экономика"
"Опрос показал, сколько россиян готовы использовать цифровой рубль ",08:24 11.08.2023,https://ria.ru/20230811/rubl-1889418827.html,Rambler&Co: 56 процентов россиян планируют использовать цифровой рубль,"Экономика,Центральный Банк РФ (ЦБ РФ),Россия,Общество"
В России создадут центр информационной безопасности цифровой экономики ,16:22 10.08.2023,https://ria.ru/20230810/informbezopasnost-1889323152.html,"На центр информбезопасности цифровой экономики выделят 3,3 миллиарда рублей","Экономика,Технологии,Россия,Михаил Мишустин"
Microsoft с осени не будет продлевать лицензии российским компаниям ,16:05 10.08.2023,https://ria.ru/20230810/rossiya-1889315372.html,Microsoft осенью перестанет продлевать лицензии российским компаниям,"Экономика,Технологии,Microsoft Corporation,Ozon"
Глава ВТБ назвал преимущество цифровых валют ,14:36 10.08.2023,https://ria.ru/20230810/valyuty-1889287227.html,Глава ВТБ Костин: цифровой рубль ускорит переход на расчеты в нацвалютах,"Экономика,Андрей Костин (банкир),ВТБ (банк),Владимир Путин,Технологии,Китай,Персидский залив"
В Китае запустили первый завод по производству искусственного мяса ,13:06 10.08.2023,https://ria.ru/20230810/myaso-1889260120.html,Шанхайская CellX запустила первый завод по производству культивированного мяса,"Китай,США,Сингапур (город),Технологии,Экономика"
ДНР представит протезы своего производства ,03:19 10.08.2023,https://ria.ru/20230810/protezy-1889188693.html,"Яппарова: ДНР представит на форуме ""Армия-2023"" протезы своего производства","Экономика,Технологии,Донецкая Народная Республика,Форум ""Армия — 2023"""
США ограничат инвестиции в китайские высокотехнологические компании ,23:55 09.08.2023,https://ria.ru/20230809/investitsii-1889182533.html,Вашингтон анонсировал ограничение инвестиций в китайские технологические компании,"Технологии,США,Китай,Джо Байден,Джаннет Йеллен,Мао Нин,Экономика"
Цифровой рубль протестируют в метро Москвы ,13:33 09.08.2023,https://ria.ru/20230809/rubl-1889058859.html,"В метро Москвы протестируют продажи карт‎ с балансом билета ""Кошелек"" за цифровые рубли ","Технологии,Москва,Максим Ликсутов,Экономика,ВТБ (банк)"
Московское метро присоединится к пилоту цифрового рубля ,12:49 09.08.2023,https://ria.ru/20230809/metro-1889040057.html,Замглавы дептранса Латыпов: московское метро присоединится к пилоту цифрового рубля,"Технологии,Москва,Россия,Экономика"
Столичный завод увеличит объемы выпуска автокомпонентов после модернизации  ,09:16 09.08.2023,https://ria.ru/20230809/avtokomponenty-1888959349.html,None,"Департамент инвестиционной и промышленной политики города Москвы,Экономика,Технологии,Москва,Тула,Владислав Овчинский,Lada Vesta"
"Большинство россиян не понимает, как работает цифровой рубль, показал опрос ",05:17 09.08.2023,https://ria.ru/20230809/rubl-1888972128.html,"""Moneyman"": большинство россиян пока не понимаеют, как работает цифровой рубль","Технологии,Россия,Эльвира Набиуллина,Центральный Банк РФ (ЦБ РФ),Экономика"
В России создали фонд развития отрасли беспилотников ,04:47 08.08.2023,https://ria.ru/20230808/bespilotnik-1888761980.html,"""Транспорт будущего"" и НТИ создали фонд развития отрасли беспилотников","Экономика,Россия,Новосибирск,Технологии"
Чемезов рассказал Путину о планах по пассажирским самолетам ,15:09 07.08.2023,https://ria.ru/20230807/samolety-1888650502.html,"Чемезов: в 2024 году запустят серийное производство SSJ New и МС-21, в 2025 — Ту-214","Экономика,Технологии,Россия,Сергей Чемезов,Ростех,Владимир Путин,Sukhoi Superjet 100 (SSJ100),МС-21,Ту-214"
Путин призвал авиапроизводителей занять ниши ушедших зарубежных компаний ,14:37 07.08.2023,https://ria.ru/20230807/putin-1888642113.html,Путин: авиапроизводителям нужно занять ниши ушедших зарубежных компаний до их возвращения,"Экономика,Владимир Путин,Россия,Технологии,Сергей Чемезов,Ростех,Sukhoi Superjet 100 (SSJ100),МС-21,Ту-214"
"Дроны в России производят около 70 компаний, сообщил Белоусов ",07:35 06.08.2023,https://ria.ru/20230806/bespilotniki-1888421644.html,Белоусов: около 70 российских компаний являются производителями беспилотных авиасистем,"Экономика,Технологии,Россия,Новосибирск,Андрей Белоусов,Федеральное агентство воздушного транспорта (Росавиация),Государственная корпорация по атомной энергии ""Росатом"""
Белоусов заявил о готовности России к развитию отрасли беспилотных систем ,06:35 06.08.2023,https://ria.ru/20230806/razvitie-1888419127.html,Первый вице-премьер Белоусов заявил о готовности России к развитию беспилотной отрасли,"Экономика,Технологии,Россия,Новосибирск,Андрей Белоусов,ГТЛК"
В Росавиации выступили против нацоператоров в отрасли беспилотников ,14:53 05.08.2023,https://ria.ru/20230805/bespilotniki-1888350867.html,"Замглавы Росавиации Добряков: отрасли беспилотников нужны не нацоператоры, а конкуренция","Экономика,Технологии,Новосибирск,Россия,Федеральное агентство воздушного транспорта (Росавиация)"
"России нужно не меньше ста тысяч операторов дронов, заявили в Росавиации ",14:34 05.08.2023,https://ria.ru/20230805/drony-1888348811.html,Замглавы Росавиации Добряков: на этот год России нужно минимум сто тысяч операторов дронов,"Экономика,Технологии,Россия,Новосибирск,Федеральное агентство воздушного транспорта (Росавиация),Министерство промышленности и торговли РФ (Минпромторг России)"
Минпромторг включил в список параллельного импорта бренды автозапчастей ,00:21 05.08.2023,https://ria.ru/20230805/import-1888298566.html,"Минпромторг включил в перечень параллельного импорта товары Isuzu, Canon, Calvin Klein","Экономика,Технологии,Россия,Максут Шадаев,Министерство промышленности и торговли РФ (Минпромторг России)"
Путин подписал закон о развитии технологических компаний в России ,18:01 04.08.2023,https://ria.ru/20230804/putin-1888260442.html,Президент Путин подписал закон о развитии технологических компаний в России,"Экономика,Россия,Технологии,Владимир Путин,Министерство экономического развития РФ (Минэкономразвития России)"
"Депутат Госдумы заявил, что роста цен на подписки видеосервисов не будет ",15:29 04.08.2023,https://ria.ru/20230804/tseny-1888212686.html,Антон Горелкин: роста цен на подписки видеосервисов не будет из-за высокой конкуренции,"Экономика,Технологии,Антон Горелкин,Госдума РФ,Единая Россия,Кинопоиск"
"Tele2 вошел в тройку российских мобильных операторов, обогнав Билайн ",16:11 03.08.2023,https://ria.ru/20230803/svyaz-1888002836.html,Мобильный оператор Tele2 по итогам полугодия вышел на третье место в России,"Экономика,Россия,Технологии,Ростелеком,ВымпелКом,Билайн"
Центробанк представил логотип цифрового рубля ,15:06 03.08.2023,https://ria.ru/20230803/rubl-1887984713.html,Центробанк России представил логотип цифрового рубля в кораллово-алом и белом цветах,"Экономика,Центральный Банк РФ (ЦБ РФ),Россия,Технологии"
Qiwi опровергла информацию о массовой блокировке кошельков ,15:05 03.08.2023,https://ria.ru/20230803/qiwi-1887984539.html,Qiwi опровергла информацию о массовой и беспричинной блокировке счетов,"Общество,Россия,Экономика"
В России проверят расходование бюджетных средств на развитие IT-отрасли ,13:09 03.08.2023,https://ria.ru/20230803/it-otrasl-1887950130.html,Генпрокурор Краснов поручил проверить расходование бюджетных денег на развитие IT-отрасли,"Россия,Игорь Краснов,Технологии,Экономика"
Путин и Мантуров проведут совещание по обрабатывающей промышленности ,11:53 03.08.2023,https://ria.ru/20230803/promyshlennost-1887930334.html,Песков анонсировал совещание по обрабатывающей промышленности с Путиным и Мантуровым,"Россия,Денис Мантуров,Дмитрий Песков,Владимир Путин,Экономика,Технологии"
ОАК планирует в шесть раз увеличить производство самолетов МС-21 ,03:02 02.08.2023,https://ria.ru/20230802/oak-1887707313.html,Замгендиректора: ОАК планирует в шесть раз увеличить производство самолетов МС-21,"Экономика,Технологии,Андрей Богинский,Объединенная авиастроительная корпорация (ОАК),МС-21"
"В ""Тинькофф банке"" прокомментировали удаление приложения из Google Play ",11:45 01.08.2023,https://ria.ru/20230801/prilozhenie-1887546842.html,"Скачанное приложение ""Тинькофф банка"" продолжит работать после удаления из Google Play","Экономика,Технологии,Тинькофф. Кредитные Системы,Google"
"Приложение ""Тинькофф банка"" исчезло из Google Play ",10:41 01.08.2023,https://ria.ru/20230801/prilozhenie-1887532017.html,"Мобильное приложение ""Тинькофф банка"" исчезло из Google Play","Технологии,Тинькофф. Кредитные Системы,Google,Экономика"
Россия расширила список товаров для параллельного импорта ,19:03 31.07.2023,https://ria.ru/20230731/import-1887459668.html,"Фотоаппараты Canon, Fujifilm и Sony включены в обновленный список параллельного импорта","Canon, Inc.,Экономика,Технологии,Россия,Василий Осьмаков,Министерство промышленности и торговли РФ (Минпромторг России)"
Цифровой рубль: плюсы и минусы новой формы национальной валюты ,12:57 31.07.2023,https://ria.ru/20230731/rubl-1884313690.html,None,"Экономика,Технологии,Россия,Китай,Индия,Ирина Смирнова,Эльвира Набиуллина,Софья Главина,Центральный Банк РФ (ЦБ РФ)"
В России проведут исследование готовности внедрения технологий ИИ ,08:10 31.07.2023,https://ria.ru/20230731/tekhnologii-1887284052.html,Во всех российских субъектах пройдет исследование готовности внедрения технологий ИИ,"Экономика,Технологии,Россия,Дмитрий Чернышенко,Министерство экономического развития РФ (Минэкономразвития России)"
"""ГЛОНАСС"" начал тестировать российские трекеры для мониторинга БПЛА ",04:21 31.07.2023,https://ria.ru/20230731/trekery-1887273364.html,"АО ""ГЛОНАСС"" начало тестировать российские трекеры для мониторинга полетов беспилотников","Томская область,Новосибирск,Экономика,Технологии,Алексей Райкевич,ЭРА-ГЛОНАСС"
"""Алмаз-Антей"" отправит на шельф России оборудование для добычи газа ",03:10 31.07.2023,https://ria.ru/20230731/gaz-1887271187.html,"""Алмаз-Антей"" в 2023 году испытает и поставит на шельф России оборудование для добычи газа","Россия,Концерн ПВО ""Алмаз-Антей"",Газпром,Экономика,Технологии"
В Китае представили новую площадку по продвижению торговли с Россией ,13:29 30.07.2023,https://ria.ru/20230730/kitay-1887193543.html,В Китае представили новую площадку по продвижению торговли с Россией Long Trade,"В мире,Китай,Россия,Харбин,Технологии,Владимир Путин,Си Цзиньпин,Экономика"
Эксперты рассказали о преимуществах цифрового рубля ,08:08 30.07.2023,https://ria.ru/20230730/rubl-1887153961.html,Эксперты: цифровой рубль поможет бороться с тотализаторами и серыми зарплатами,"Экономика,Россия,Владимир Путин,Центральный Банк РФ (ЦБ РФ),БКС Мир инвестиций,Генеральная прокуратура РФ"
Эксперт назвала создание Индией альтернативы SWIFT реальным ,08:15 29.07.2023,https://ria.ru/20230729/swift-1887026344.html,Эксперт Кулик назвала создание Индией международной альтернативы SWIFT реальным,"Экономика,Технологии,Индия,Сколково,SWIFT"
Россия и Африка договорились расширять торговлю в сфере энергетики ,20:34 28.07.2023,https://ria.ru/20230728/torgovlya-1886987521.html,Россия и Африка расширят торговлю в энергетике и проекты в нефтегазовом секторе,"Экономика,Технологии,Россия,Африка,Форум ""Россия — Африка"""
Рынок кибербезопасности в России может вырасти почти в три раза ,14:15 28.07.2023,https://ria.ru/20230728/kiberbezopasnost-1886859300.html, Рынок кибербезопасности в России может вырасти почти в три раза в ближайшие пять лет,"Экономика,Санкт-Петербург,Россия,Технологии,Форум ""Россия — Африка"""
"Глава ""Иннотех"" Дмитрий Харитонов: финансовые технологии делают мир удобнее ",14:00 28.07.2023,https://ria.ru/20230728/kharitonov-1886243459.html,None,"Интервью,Интервью - Авторы,Дмитрий Харитонов,Россия,Узбекистан,Казахстан,Центральный Банк РФ (ЦБ РФ),Банки,Технологии,Экономика"
Минпромторг рекомендовал промпредприятиям запретить iPhone в рабочих чатах ,05:14 28.07.2023,https://ria.ru/20230728/ayfon-1886754227.html,Минпромторг рекомендовал промпредприятиям отказаться от iPhone в рабочих переписках,"Экономика,Технологии,Россия,Санкт-Петербург,Василий Осьмаков,Министерство промышленности и торговли РФ (Минпромторг России),Apple,Ростех"
Бут призвал создать альтернативную систему расчетов со странами Африки ,22:24 27.07.2023,https://ria.ru/20230727/afrika-1886735288.html,Член ЛДПР Бут призвал создать альтернативную систему расчетов с африканскими компаниями,"Экономика,Технологии,Африка,Россия,Виктор Бут,ЛДПР,Форум ""Россия — Африка"""
"""ГЛОНАСС"" заявила, что заинтересована в сотрудничестве со странами Африки ",17:01 27.07.2023,https://ria.ru/20230727/sotrudnichestvo-1886669632.html,"Гендир ""ГЛОНАСС"" Райкевич заявил, что заинтересован в сотрудничестве со странами Африки","Форум ""Россия — Африка"",Экономика,Россия,Санкт-Петербург,Технологии,Москва,Алексей Райкевич,ЭРА-ГЛОНАСС"
Эксперт назвал Россию уникальным партнером Африки в сфере продовольствия ,14:46 27.07.2023,https://ria.ru/20230727/prodovolstvie-1886624309.html,Эксперт Шендерюк: Россия станет единственным гарантом безопасности продовольствия Африки,"Экономика,Россия,Африка,Кения,McKinsey,Форум ""Россия — Африка"""
Госдума приняла закон о развитии  российских технологических компаний ,13:14 26.07.2023,https://ria.ru/20230726/kompanii-1886358650.html,Госдума приняла закон о развитии  российских технологических компаний в сфере инноваций,"Технологии,Экономика,Госдума РФ,Министерство экономического развития РФ (Минэкономразвития России)"
Кубанский проект по улучшению упаковки масла включили в базу лучших практик ,00:24 26.07.2023,https://ria.ru/20230726/proekt-1886280351.html,Кубанский проект по улучшению упаковки масла включили в федеральную базу лучших практик,"Краснодарский край,Экономика,Технологии,Краснодарский край,Россия"
RuStore предоставил возможность монетизации для иностранных разработчиков ,10:42 25.07.2023,https://ria.ru/20230725/mnetizatsiya-1886106125.html,RuStore предоставил возможность монетизации приложений для иностранных разработчиков,"Технологии,Экономика"
На Новороссийском зерновом терминале начали внедрять бережливые технологии ,17:49 24.07.2023,https://ria.ru/20230724/tekhnologii-1886017743.html,На Новороссийском зерновом терминале на Кубани начали внедрять бережливые технологии,"Краснодарский край,Экономика,Краснодарский край,Технологии"
"На ""Яндекс Маркете"" появились магазины из Азии и стран ЕАЭС ",15:20 24.07.2023,https://ria.ru/20230724/tovary-1885972818.html,"""Яндекс Маркет"" представил на площадке магазины из Азии и стран ЕАЭС  в тестовом режиме","Экономика,Россия,Армения,Яндекс.Маркет,Технологии,Белоруссия,СНГ"
"ТМХ создает платформу пассажирских поездов с технологией ""тяни-толкай"" ",06:23 24.07.2023,https://ria.ru/20230724/transmashkholding-1885868867.html,Глава ТМХ Липа сообщил о создании платформы пассажирских поездов с технологией тяни-толкай,"Экономика,Россия,Африка,Египет,Кирилл Липа,Трансмашхолдинг,РЖД,Технологии,Форум ""Россия — Африка"""
"ТМХ прекратил выпуск созданных с Alstom электровозов, но сделает российские ",02:51 24.07.2023,https://ria.ru/20230724/elektrovozy-1885859910.html,ТМХ прекратил выпуск созданных с Alstom пассажирских электровозов и построит российский,"Санкт-Петербург,Экономика,Кирилл Липа,РЖД,Alstom,Трансмашхолдинг,Сочи,Адлер,Форум ""Россия — Африка"""
ЦБ не планирует дополнительных ограничений в сфере наличной валюты ,16:24 21.07.2023,https://ria.ru/20230721/valyuta-1885547158.html,Набиуллина: ЦБ не собирается вводить дополнительные ограничения в сфере наличной валюты,"Экономика,Россия,Центральный Банк РФ (ЦБ РФ),Эльвира Набиуллина,Технологии,США,Канада,Солидарность,Тинькофф. Кредитные Системы"
"Банк ""Солидарность"" продолжит выпускать и обслуживать карты UnionPay ",21:00 20.07.2023,https://ria.ru/20230720/karty-1885369617.html,"Банк ""Солидарность"" продолжит выпускать и обслуживать UnionPay после введения санкций США","Экономика,Технологии,США,Канада,Солидарность,Тинькофф. Кредитные Системы,Новости - Туризм"
ВТБ Онлайн стал лидером в рейтинге лучших банковских веб-приложений ,18:04 20.07.2023,https://ria.ru/20230720/prilozheniya-1885341582.html,None,"ВТБ (банк),Экономика,Технологии"
Шадаев предложил включить ИИ-проекты в стратегии трансформации госкомпаний ,21:50 19.07.2023,https://ria.ru/20230719/strategii-1885175592.html,Минцифры предложило включить ИИ-проекты в стратегии цифровой трансформации госкомпаний,"Экономика,Россия,Максут Шадаев,Сбербанк России,Технологии"
"Греф выразил надежду, что ИИ пока не заменит его на посту главы Сбербанка ",16:34 19.07.2023,https://ria.ru/20230719/ii-1885108681.html,"Греф выразил надежду, что ИИ займет пост руководителя Сбербанка не при его жизни","Экономика,Технологии,Россия,Герман Греф,Владимир Путин,Сбербанк России"
"РЭЦ: крупнейший производитель обоев получил сертификат ""Сделано в России"" ",17:50 18.07.2023,https://ria.ru/20230718/sertifikat-1884918608.html,None,"Российский экспортный центр (РЭЦ),ВЭБ.РФ (ВЭБ),Россия,Ближний Восток,Средняя Азия,Технологии,Экономика"
Путин проведет совещание с членами правительства о внедрении ИИ в экономику ,15:10 18.07.2023,https://ria.ru/20230718/soveschanie-1884874260.html,Путин 19 июля проведет совещание с членами правительства о внедрении ИИ в экономику,"Россия,Экономика,Технологии,Владимир Путин,Максим Решетников,Максут Шадаев,Сбербанк России"
"Россияне могут отказаться от сдачи биометрии в ЕБС, сообщили банки ",03:52 18.07.2023,https://ria.ru/20230718/biometriya-1884769290.html,Сбербанк и Альфа-банк: россияне имеют право отказаться от сдачи биометрии в ЕБС,"Экономика,Технологии,Сбер,Сбербанк России,Альфа-банк"
Чернышенко рассказал о концепции регулирования квантовой связи ,16:39 17.07.2023,https://ria.ru/20230717/kontseptsiya-1884696621.html,Чернышенко: концепция регулирования квантовой связи позволит привлечь бизнес в отрасль,"Экономика,Технологии,Россия,Дмитрий Чернышенко,Олег Белозеров,Государственная корпорация по атомной энергии ""Росатом"",Михаил Мишустин,РЖД"
Купюры номиналом в пять и десять рублей начали поступать в оборот в Москве ,14:39 17.07.2023,https://ria.ru/20230717/kupyury-1884660541.html,ЦБ: банкноты номиналом в пять и десять рублей начали поступать в оборот в Москве и области,"Москва,Московская область (Подмосковье),Технологии,Экономика,Центральный Банк РФ (ЦБ РФ)"
Минцифры приостановит выдачу новых грантов на IT-разработки ,12:45 17.07.2023,https://ria.ru/20230717/granty-1884605748.html,Минцифры до 1 сентября остановит выдачу грантов на разработку новых продуктов в сфере IT,"Экономика,Технологии,Россия,Максут Шадаев,Министерство цифрового развития, связи и массовых коммуникаций РФ (Минцифры России)"
"Бесплатный лимит переводов самому себе могут в разы повысить, пишут СМИ ",03:02 17.07.2023,https://ria.ru/20230717/limit-1884514128.html,"""Известия"": лимит переводов себе без комиссии могут поднять до 30 миллионов рублей в месяц","Экономика,Технологии,Россия,Госдума РФ,Центральный Банк РФ (ЦБ РФ),Ольга Скоробогатова,Анатолий Аксаков"
"""Тинькофф"" введет комиссию за пополнение карт ""Мир"" в сторонних банкоматах ",23:37 16.07.2023,https://ria.ru/20230716/komissiya-1884507125.html,"""Тинькофф"" 31 июля введет комиссию за пополнение карт ""Мир"" в сторонних банкоматах","Экономика,Технологии,Тинькофф. Кредитные Системы,Почта банк"
В Москве запустили в оборот купюры в пять и десять рублей ,21:53 16.07.2023,https://ria.ru/20230716/kupyury-1884500499.html,Ъ: в кассовые центры Сбербанка в Москве и Подмосковье поступили купюры в 5 и 10 рублей,"Экономика,Технологии,Москва,Московская область (Подмосковье),Сергей Белов,Сбербанк России,Центральный Банк РФ (ЦБ РФ)"
"На Кубани участники акселератора заработали более 3,5 миллиона рублей ",01:33 14.07.2023,https://ria.ru/20230714/startapy-1884097765.html,"На Кубани участники третьего акселератора стартапов заработали свыше 3,5 миллиона рублей","Краснодарский край,Краснодарский край,Краснодар,Экономика"
Путин назвал необходимым раскрутить микроэлектронную промышленность ,17:17 13.07.2023,https://ria.ru/20230713/promyshlennost-1884039477.html,"Путин заявил, что для России важно раскрутить микроэлектронную промышленность","Россия,Экономика,Технологии,Владимир Путин"
Источник рассказал о сложностях подключения российского банка к SWIFT ,08:40 13.07.2023,https://ria.ru/20230713/swift-1883888153.html,"Источник: план ЕС по подключению ""дочки"" российского банка к SWIFT требует консенсуса","Экономика,Россия,Антониу Гутерреш,Владимир Путин,ООН,Евросоюз,SWIFT,Зерновая сделка"
"""Тинькофф"" увеличил комиссии за внесение наличной валюты в банкоматах ",22:13 12.07.2023,https://ria.ru/20230712/komissiya-1883858525.html,"""Тинькофф банк"" увеличил комиссии за внесение наличной валюты в банкоматах до 10 процентов","Тинькофф. Кредитные Системы,Технологии,Экономика"
РЭЦ совместно с Минпромторгом занимается перенастройкой поддержки логистики ,12:30 12.07.2023,https://ria.ru/20230712/logistika-1883703150.html,None,"Иннопром,Экономика,Екатеринбург,Министерство промышленности и торговли РФ (Минпромторг России),Технологии,Российский экспортный центр (РЭЦ),ВЭБ.РФ (ВЭБ)"
Система быстрых платежей: как подключить онлайн и отправлять деньги по СБП ,12:11 12.07.2023,https://ria.ru/20230712/sbp-1883698230.html,None,"Экономика,Россия,Центральный Банк РФ (ЦБ РФ),Технологии,Система быстрых платежей (СБП)"
Мишустин призвал прислушиваться к пассажирам при выпуске самолетов ,11:46 12.07.2023,https://ria.ru/20230712/samolet-1883692022.html,"Мишустин призвал ""Аэрофлот"" учитывать обратную связь от пассажиров при выпуске самолетов","Экономика,Россия,Михаил Мишустин,Владимир Путин,Аэрофлот,Ростех,Объединенная авиастроительная корпорация (ОАК),Ту-214"
Российские банки будут проверять все переводы физлиц на мошенничество ,17:47 11.07.2023,https://ria.ru/20230711/bank-1883581576.html,Госдума обязала российские банки возвращать клиентам переведенные мошенникам деньги,"Экономика,Технологии,Россия,Анатолий Аксаков,Вадим Уваров,Центральный Банк РФ (ЦБ РФ),Госдума РФ"
Госдума приняла закон о цифровом рубле ,17:28 11.07.2023,https://ria.ru/20230711/zakon-1883575533.html,Госдума приняла поправки в законы о внедрении цифрового рубля,"Экономика,Технологии,Россия,Центральный Банк РФ (ЦБ РФ),Госдума РФ,Федеральная служба по финансовому мониторингу (Росфинмониторинг)"
Китай преподал жесткий урок США и Европе ,08:00 11.07.2023,https://ria.ru/20230711/metall-1883322920.html,None,"Экономика,Технологии,Китай,Пекин,США,Boston Consulting Group,Чипы,полупроводники,война чипов"
Эксперты рассказали о перспективах квантовых технологий для бизнеса ,07:37 11.07.2023,https://ria.ru/20230711/kvant-1883423119.html,"Доклад: квантовые вычисления, коммуникации и сенсоры могут быть перспективны для бизнеса","Технологии,Москва,Российский квантовый центр,Экономика"
Объем мирового рынка квантовых коммуникаций составит 20 миллиардов долларов ,07:30 11.07.2023,https://ria.ru/20230711/kvant-1883422712.html,Доклад: объем мирового рынка квантовых коммуникаций составит 20 миллиардов долларов,"Экономика,Технологии,Москва,Фонд ""Росконгресс"",Российский квантовый центр"
На Кубани откроют первое экологическое производство диоксида кремния ,00:32 11.07.2023,https://ria.ru/20230711/proizvodstvo-1883409745.html,Замгубернатора Кубани: в России откроют первое экологическое производство диоксида кремния,"Краснодарский край,Экономика,Технологии,Россия,Краснодарский край"
"Более 30 нижегородских компаний представили продукцию на ""Иннопроме"" ",22:33 10.07.2023,https://ria.ru/20230710/kompanii-1883401988.html,None,"Нижегородская область,Нижегородская область,Екатеринбург,Россия,Глеб Никитин"
Депутат предложил распространить антимонопольное регулирование на соцсети ,17:52 10.07.2023,https://ria.ru/20230710/sotsseti-1883357195.html,Депутат Горелкин предложил распространить антимонопольное регулирование на соцсети,"Экономика,Россия,Антон Горелкин,Владимир Путин,Госдума РФ,Технологии"
Лавров прокомментировал идею ВТБ создать новую глобальную систему расчетов ,17:33 10.07.2023,https://ria.ru/20230710/sistema-1883351227.html,Лавров назвал идею ВТБ создать новую глобальную систему расчетов здоровым процессом,"Экономика,Персидский залив,Россия,Сергей Лавров,Андрей Костин (банкир),ВТБ (банк),SWIFT,В мире,Бразилия,БРИКС"
Первые российские лопасти для ветроустановок выпустят в 2024 году ,17:06 10.07.2023,https://ria.ru/20230710/lopasti-1883341809.html,Ульяновский губернатор Русских: российские лопасти для ветроустановок выпустят в 2024 году,"Экономика,Ульяновская область,Ульяновск,Алексей Русских,Государственная корпорация по атомной энергии ""Росатом"""
Мишустин протестировал интерактивный дашборд на стенде Made in Russia ,15:41 10.07.2023,https://ria.ru/20230710/dashbord-1883311142.html,None,"Российский экспортный центр (РЭЦ),Вероника Никишина,Михаил Мишустин,Экономика,Технологии"
"Рейтинг: ""МегаФон"" признан лучшим оператором по скорости интернета ",14:56 10.07.2023,https://ria.ru/20230710/reyting-1883292375.html,None,"Экономика,Мегафон,Технологии,Новости компаний - Экономика"
"Мишустин назвал ""Иволгу"" и ""Ласточку"" основой парка пригородных поездов ",14:44 10.07.2023,https://ria.ru/20230710/elektrichki-1883281593.html,"Мишустин назвал ""Иволгу"" и ""Ласточку"" основой подвижного парка для пригородного сообщения","Экономика,Технологии,Россия,Свердловская область,Михаил Мишустин"
"""КамАЗ"" намерен запустить по М-11 еще минимум 15 беспилотных грузовиков ",12:46 10.07.2023,https://ria.ru/20230710/kamaz-1883229411.html,"""КамАЗ"" планирует увеличить число беспилотных грузовиков на М-11 с шести минимум до 21","Экономика,Технологии,Санкт-Петербург,КамАЗ (завод),Россия"
"На Иннопроме презентуют полностью российскую ""Ласточку"" ",00:17 10.07.2023,https://ria.ru/20230710/lastochka-1883161316.html,"СТМ: в рамках Иннопрома презентуют полностью российский электропоезд ""Ласточка""","Экономика,Технологии,Россия,Дмитрий Пегов,Уральские локомотивы,РЖД,Екатеринбург"
ВТБ предложил меры по стимулированию инвестиций в технологические проекты ,18:58 07.07.2023,https://ria.ru/20230707/stimulirovanie-1882879234.html,None,"ВТБ (банк),Экономика,Технологии"
"В России представили интерфейс системы, которая сможет заменить SWIFT ",13:00 07.07.2023,https://ria.ru/20230707/nauka-1882773354.html,None,"Наука,Навигатор абитуриента,Технологии,Университетская наука,Санкт-Петербургский государственный университет,SWIFT,Россия,Экономика"
В Костроме запустили первое российское производство систем ABS и ESP ,12:14 07.07.2023,https://ria.ru/20230707/avtomobili-1882758305.html,В Костроме запустили первое российское производство антиблокировочных систем для авто,"Костромская область,Экономика,Технологии,Россия,Кострома,Министерство промышленности и торговли РФ (Минпромторг России),Костромская область,Сергей Ситников"
"Банки нашли перспективу для долгосрочного выживания, заявила Набиуллина ",18:39 06.07.2023,https://ria.ru/20230706/banki-1882660873.html,Набиуллина: банковские объединения — это способ для долгосрочного выживания ряда банков,"Экономика,Технологии,Санкт-Петербург,Россия,Эльвира Набиуллина,Центральный Банк РФ (ЦБ РФ)"
Набиуллина положительно оценила идею создания расчетного хаба в обход SWIFT ,18:09 06.07.2023,https://ria.ru/20230706/khab-1882653441.html,Набиуллина положительно оценила идею создания международного расчетного хаба в обход SWIFT,"SWIFT,Экономика,Эльвира Набиуллина,Персидский залив,ВТБ (банк),Технологии,Андрей Костин (банкир)"
ВТБ представил варианты применения смарт-контрактов с цифровым рублем ,15:46 06.07.2023,https://ria.ru/20230706/vtb-1882608211.html,None,"Экономика,ВТБ (банк),Технологии"
"В ЦБ рассказали, когда внедрят цифровой рубль ",10:47 06.07.2023,https://ria.ru/20230706/rubl-1882526955.html,ЦБ: россияне смогут начать пользоваться цифровым рублем к 2027 году,"Экономика,Технологии,Россия,Ольга Скоробогатова,Центральный Банк РФ (ЦБ РФ),Forbes"
В РЖД ждут создание полностью российских вагонов с местами-капсулами ,06:21 06.07.2023,https://ria.ru/20230706/rzhd-1882496180.html,Замглавы РЖД Пегов ожидает создание полностью российских вагонов с местами-капсулами,"Дмитрий Пегов,РЖД,Трансмашхолдинг,Экономика,Технологии"
"В РЖД рассказали, где запустят первые полностью российские ""Ласточки"" ",05:00 06.07.2023,https://ria.ru/20230706/lastochki-1882492279.html,"Замглавы РЖД Пегов: первые полностью российские ""Ласточки"" запустят возле Екатеринбурга","Экономика,Екатеринбург,Урал,Россия,Дмитрий Пегов,Siemens,РЖД,Уральские локомотивы,Технологии"
"В России начали выпускать комплектующие для ""Сапсанов"", сообщили РЖД ",03:35 06.07.2023,https://ria.ru/20230706/sapsan-1882489608.html,"Замглавы РЖД Пегов: российские заводы начали выпускать комплектующие для ""Сапсанов""","Россия,Дмитрий Пегов,РЖД,Siemens,Экономика,Технологии"
Президент Боливии заявил об открытости страны для российских инвестиций ,16:03 05.07.2023,https://ria.ru/20230705/boliviya-1882400793.html,"Президент Арсе заявил, что Боливия открыта для инвестиций из других стран, включая Россию","Экономика,Технологии,Боливия,Россия,Луис Арсе"
AB InBev Efes готова рассмотреть закупки отечественного хмеля ,06:49 04.07.2023,https://ria.ru/20230704/khmel-1882047263.html,AB InBev Efes готова рассмотреть закупки отечественного хмеля вместо импорта,"Экономика,Россия"
Маск возглавил рейтинг 500 богатейших людей мира ,19:40 03.07.2023,https://ria.ru/20230703/mask-1882008587.html,Bloomberg: Маск возглавил рейтинг 500 богатейших людей с состоянием 234 миллиарда долларов,"Экономика,Технологии,Россия,Илон Маск,Бернар Арно,Amazon,Марк Цукерберг"
Предприятия Unilever продолжат работать в России ,18:15 03.07.2023,https://ria.ru/20230703/unilever-1881989599.html,Предприятия Unilever продолжат работать в России для обеспечения внутреннего рынка,"Россия,Unilever,Экономика,Белоруссия,Омск,Технологии"
"Гендиректор и технический директор ""ВКонтакте"" покинут компанию ",15:42 03.07.2023,https://ria.ru/20230703/vk-1881947066.html,"Из ""ВКонтакте"" 3 июля уйдут гендиректор Краснова и технический директор  Тоболь","Технологии,Экономика,ВКонтакте,Владимир Кириенко"
Украина внесла производителя Domestos и Lipton в список спонсоров войны ,14:26 03.07.2023,https://ria.ru/20230703/perechen-1881923413.html,"НАПК Украины сообщило, что внесло британскую компанию Unilever в перечень спонсоров войны","Unilever,Украина,Россия,В мире"
"Банк России планирует вывести карты ""Мир"" в пять-шесть новых стран ",00:37 03.07.2023,https://ria.ru/20230703/tsentrobank-1881800427.html,"Центробанк планирует вывести карты ""Мир"" в пять-шесть новых стран в 2023 году","Экономика,Технологии,Куба,Турция,Россия,Центральный Банк РФ (ЦБ РФ)"
"Все банки обязали обеспечивать оплату сертификатами по картам ""Мир"" ",01:24 01.07.2023,https://ria.ru/20230701/karty-1881591447.html,"С 1 июля все банки обязаны обеспечивать оплату электронными сертификатами по картам ""Мир""","Экономика,Технологии,Россия"
Шоурумы АПК за рубежом пополнятся продукцией еще 4 российских компаний ,18:03 30.06.2023,https://ria.ru/20230630/shourumy-1881529417.html,None,"Российский экспортный центр (РЭЦ),ВЭБ.РФ (ВЭБ),Экономика,Технологии,Россия,Китай,Шанхай"
"""Сбер"" повысит диапазон комиссии за переводы в другие банки ",17:01 30.06.2023,https://ria.ru/20230630/komissiya-1881508038.html,"""Сбер"" с июля повысит диапазон комиссии за переводы на карты других банков через их сайты","Экономика,Сбербанк России,Сбер,Технологии"
Путин поручил продлить поддержку производителей вычислительной техники ,16:31 30.06.2023,https://ria.ru/20230630/putin-1881499684.html,Путин поручил продлить поддержку производителей отечественной вычислительной техники,"Владимир Путин,Россия,Технологии,Экономика"
Алексей Фурсин: в Москве есть запрос от бизнеса на создание производств ,11:00 30.06.2023,https://ria.ru/20230630/fursin-1881265322.html,None,"Интервью,Москва,Россия,Ближний Восток,Алексей Фурсин (Руководитель Департамента культуры города Москвы),Экономика,Технологии,Департамент предпринимательства и инновационного развития города Москвы"
Сибирский производитель увеличил выпуск приборов ночного видения ,10:49 30.06.2023,https://ria.ru/20230630/pribory-1881379270.html,"Завод ""Экран ФЭП"" увеличил объем производства приборов ночного видения на четверть","Экономика,Новосибирская область,Технологии"
"Уральский завод построил первую полностью российскую ""Ласточку"" ",07:40 30.06.2023,https://ria.ru/20230630/lastochka-1881351243.html,"Завод ""Уральские локомотивы"" показал первую полностью российскую ""Ласточку""","Россия,Екатеринбург,Уральские локомотивы,Siemens,Экономика"
"РЭЦ запустил программу геомаркетинга поддержки продукции ""Сделано в России"" ",21:19 29.06.2023,https://ria.ru/20230629/geomarketing-1881318328.html,"РЭЦ запустил программу геомаркетинга поддержки продукции ""Сделано в России"" на 20 рынках","Экономика,Технологии,Россия,Вероника Никишина,Владимир Путин"
Gallery и Минэкономразвития России запустили программу поддержки для МСП ,20:12 29.06.2023,https://ria.ru/20230629/reklama-1881311519.html,None,"Экономика,Технологии,Россия,Министерство экономического развития РФ (Минэкономразвития России),Реклама"
"Путин предрек ""Королевскому"" мороженому из ЛНР будущее на ""большом рынке"" ",16:22 29.06.2023,https://ria.ru/20230629/morozhenoe-1881205480.html,"Путин, узнав более чем о ста видах ""Королевского"" мороженого из ЛНР, предрек ему будущее","Экономика,Технологии,Россия,Луганск,Владимир Путин,Агентство стратегических инициатив (АСИ),Луганская Народная Республика"
Путин лично опробовал российскую мебель для киберспортсменов ,16:10 29.06.2023,https://ria.ru/20230629/mebel-1881202060.html,"Путин лично опробовал мебель для киберспортсменов, произведенную компанией VMMGame","Экономика,Технологии,Россия,Владимир Путин,Агентство стратегических инициатив (АСИ)"
Путин заявил о важности промышленного дизайна для развития бизнеса ,15:56 29.06.2023,https://ria.ru/20230629/dizayn-1881198934.html,"Путин назвал промышленный, продуктовый дизайн важным ресурсом в развитии бизнеса","Экономика,Технологии,Россия,Владимир Путин,Агентство стратегических инициатив (АСИ)"
Путин отметил необходимость целенаправленно продвигать отечественные бренды ,15:53 29.06.2023,https://ria.ru/20230629/putin-1881197790.html,Путин: у каждого региона должна быть политика по продвижению отечественных брендов,"Экономика,Технологии,Россия,Владимир Путин"
Путин заявил о необходимости раскрутки отечественных компаний ,15:22 29.06.2023,https://ria.ru/20230629/putin-1881187754.html,Путин: надо помочь отечественным производителям раскрутиться и стать узнаваемыми в мире,"Экономика,Россия,Технологии,Владимир Путин"
"Эксперты рассказали, как работают карты UnionPay в Турции ",12:11 29.06.2023,https://ria.ru/20230629/unionpay-1881089476.html,"АТОР: эксперты назвали турецкие банки, где карты UnionPay обслуживают чаще всего","Туризм,Новости - Туризм,Экономика,Технологии,Турция,Белек,Ассоциация туроператоров России (АТОР),Центральный Банк РФ (ЦБ РФ),Halkbank,Туризм"
"Минцифры предложило развивать 5G на базе единого оператора, пишут СМИ ",08:49 29.06.2023,https://ria.ru/20230629/svyaz-1881032747.html,"""Коммерсант"": Минцифры предложило развивать 5G на базе единого оператора с госучастием","Экономика,Россия,Михаил Мишустин,Ростелеком,Технологии"
"""Тинькофф"" запустил сервис бесконтактной оплаты на Android смартфонах ",15:46 28.06.2023,https://ria.ru/20230628/oplata-1880930097.html,"""Тинькофф"" запустил сервис мгновенной оплаты Tinkoff Pay на Android смартфонах","Экономика,Технологии,Тинькофф. Кредитные Системы,Apple"
Альфа-банк запустил сервис для бесконтактных платежей Alfa Pay ,15:41 28.06.2023,https://ria.ru/20230628/platezhi-1880928330.html,Альфа-банк запустил собственный сервис для бесконтактных платежей Alfa Pay,"Экономика,Технологии,Google,Альфа-банк"
В Калининграде презентовали первый российский медиахаб ,13:21 28.06.2023,https://ria.ru/20230628/mediakhab-1880715230.html,None,"Технологии,Медиа,Новости компаний - Экономика,Экономика"
Минпромторг предрек рост доли российских авиабеспилотников до 70 процентов ,12:31 28.06.2023,https://ria.ru/20230628/aviabespilotniki-1880873644.html,Минпромторг предрек рост доли отечественных авиабеспилотников до 70 процентов к 2030 году,"Технологии,Экономика,Министерство промышленности и торговли РФ (Минпромторг России),Василий Осьмаков"
Беспилотная авиация в России может начать перевозить людей в будущем ,12:16 28.06.2023,https://ria.ru/20230628/aviatsiya-1880867521.html,В стратегии развития беспилотной авиации в России допустили перевозки людей в будущем,"Россия,Общество,Технологии,Экономика"
Минцифры оценило долю отечественных вендоров на рынке кибербезопасности ,06:26 28.06.2023,https://ria.ru/20230628/kiberbezopasnost-1880816781.html,Минцифры: около 90 процентов рынка кибербезопасности занимают отечественные вендоры,"Россия,Технологии,Экономика"
По М-11 запустили грузовые беспилотные перевозки ,14:53 27.06.2023,https://ria.ru/20230627/bespilotniki-1880720359.html,Сберавтотех и Globaltruck запустили грузовые беспилотные перевозки по трассе М-11 Нева,"Технологии,Москва,Экономика,Санкт-Петербург,Сбербанк России,Трасса М-11 (Нева),Авто"
Мишустин поручил подготовить план  развития финансирования IT-компаний ,10:15 27.06.2023,https://ria.ru/20230627/mishustin-1880643004.html,Мишустин поручил представить план развития венчурного финансирования IT-компаний,"Экономика,Россия,Михаил Мишустин,Технологии,Министерство финансов РФ (Минфин России),Министерство экономического развития РФ (Минэкономразвития России),Министерство промышленности и торговли РФ (Минпромторг России)"
Путин назвал развитие и модернизацию промышленности безусловным приоритетом ,13:43 26.06.2023,https://ria.ru/20230626/putin-1880461854.html,"Президент Путин заявил, что развитие и модернизация промышленности остается приоритетом","Россия,Экономика,Владимир Путин,Технологии,Тульская область"
Дроздов: мы вышли на финишную прямую создания технологических холдингов ,11:38 26.06.2023,https://ria.ru/20230626/drozdov-1880410391.html,None,"ПМЭФ-2023,Экономика,Технологии,Россия,Сколково,Фонд ""Сколково"",ПМЭФ 2023,Интервью"
В ЕАЭС разработают порядок отбора кооперационных проектов  ,23:25 23.06.2023,https://ria.ru/20230623/proekty-1880106825.html,Белта: в ЕАЭС к сентябрю разработают порядок отбора кооперационных проектов ,"Экономика,Евразийский экономический союз,Евразийская экономическая комиссия"
Евросоюз расширил запрет на экспорт в Россию технологий для ВПК ,11:38 23.06.2023,https://ria.ru/20230623/sanktsii-1879968249.html,Евросоюз расширил запрет на экспорт в Россию используемых в ВПК технологий и материалов,"Технологии,Россия,Украина,Евросоюз,Санкции,Санкции в отношении России,Экономика"
"Алексей Семенов: бояться надо не беспилотников, а их создателей ",10:00 23.06.2023,https://ria.ru/20230623/semenov-1879851728.html,None,"Интервью,Экономика,Технологии,Европа,Россия,Китай,Беспилотники"
"В ""Геоскане"" рассказали о влиянии закрытого неба на рынок беспилотников ",07:26 23.06.2023,https://ria.ru/20230623/bespilotniki-1879908469.html,"Глава ""Геоскана"": закрытие неба в России ""уронило"" рынок беспилотников на 30 процентов","Экономика,Технологии,Россия"
"В ""Геоскане"" заявили, что в России выпускают беспилотники всех видов ",06:57 23.06.2023,https://ria.ru/20230623/bespilotniki-1879906515.html,"Глава ""Геоскана"": Россия делает все виды дронов, не только для обычных пользователей","Экономика,Технологии,Россия,Беспилотники"
"В ""Геоскане"" рассказали, сколько нужно времени для создания нового БПЛА ",05:34 23.06.2023,https://ria.ru/20230623/bespilotnik-1879904286.html,"Глава ""Геоскана"": создание нового беспилотника потребует семь лет и миллиарды рублей","Технологии,Россия,Экономика"
"В ""Геоскане"" заявили, что российские БПЛА перешли на китайские компоненты ",04:44 23.06.2023,https://ria.ru/20230623/bespilotniki-1879902478.html,"Глава ""Геоскана"": вернуться к поставкам комплектующих для дронов из Европы уже невозможно","Экономика,Технологии,Европа,Беспилотники"
Мишустин призвал наращивать строительство Ту-214 ,14:50 22.06.2023,https://ria.ru/20230622/tu-214-1879807484.html,Премьер Мишустин заявил о необходимости наращивать строительство пассажирского Ту-214,"Экономика,Технологии,Россия,Михаил Мишустин,Ту-214"
Мишустин отметил важность развития проекта гражданского самолета Ту-214 ,14:44 22.06.2023,https://ria.ru/20230622/tu-214-1879806351.html,Премьер Мишустин: проект гражданского авиалайнера Ту-214 перспективен и будет развиваться,"Экономика,Технологии,Россия,Михаил Мишустин,Рустам Минниханов,Денис Мантуров,Министерство промышленности и торговли РФ (Минпромторг России),Ту-214"
Мишустин призвал комплексно планировать производство самолетов ,14:38 22.06.2023,https://ria.ru/20230622/samolety-1879804717.html,Мишустин призвал комплексно планировать производство отечественных самолетов,"Россия,Технологии,Михаил Мишустин,Экономика"
"Китай сильно сократил зависимость от доллара, заявил эксперт ",13:59 22.06.2023,https://ria.ru/20230622/kitay-1879794705.html,Эксперт Бянь Юнцзу: Китаю удалось значительно сократить зависимость от доллара,"Экономика,Китай,США,Йельский университет,В мире,Россия,Бразилия,Иран"
"В ""Лаборатории Касперского"" рассказали о работе над прототипом смартфона ",06:34 22.06.2023,https://ria.ru/20230622/smartfon-1879705539.html,"В KasperskyOS рассказали, что прототип нового смартфона готов для звонков и смс","ПМЭФ-2023,Экономика,Евгений Касперский,Лаборатория Касперского,Технологии"
"Билайн и МТУСИ подвели итоги хакатона ""билайн engineering"" ",10:00 19.06.2023,https://ria.ru/20230619/bilayn-1878687680.html,None,"Технологии,Билайн,Экономика"
Иркутская область подписала на ПМЭФ соглашения на 800 миллиардов рублей ,18:50 18.06.2023,https://ria.ru/20230618/soglasheniya-1879018631.html,Соглашения об инвестициях более 800 миллиардов рублей подписаны на ПМЭФ Иркутской областью,"Иркутская область,Экономика,Иркутская область,Технологии,Усолье-Сибирское,Россия,Игорь Кобзев,ПМЭФ 2023"
"""ВКонтакте"" до конца года запустит маркетплейс для торговли NFT-токенами ",06:08 18.06.2023,https://ria.ru/20230618/vkontakte-1878956287.html,"Глава ""ВКонтакте"": до конца года соцсеть запустит маркетплейс для торговли NFT-токенами","ПМЭФ-2023,Экономика,Технологии,ВКонтакте"
В работе сервисов Московского кредитного банка произошел сбой ,16:58 17.06.2023,https://ria.ru/20230617/sboy-1878901503.html,Сервисы Московского кредитного банка работают со сбоям,"Технологии,Россия,Московский кредитный банк"
"Россия имеет потенциал для финансирования важных проектов, заявил Аксаков ",09:33 17.06.2023,https://ria.ru/20230617/finansirovanie-1878841672.html,Депутат Аксаков: Россия может финансировать важные проекты без увеличения госдолга,"ПМЭФ-2023,Экономика,Россия,Анатолий Аксаков,Госдума РФ,Фонд развития промышленности"
В ЦБ заявили об иностранной блокировке операций бизнеса в криптовалютах ,01:08 17.06.2023,https://ria.ru/20230617/kriptovalyuta-1878816443.html,Первый зампред ЦБ: недружественные страны блокируют операции россиян в криптовалютах,"ПМЭФ-2023,Экономика,Технологии,Ольга Скоробогатова,Центральный Банк РФ (ЦБ РФ)"
ЦБ хочет запустить оплату в магазинах по лицу до конца года ,00:52 17.06.2023,https://ria.ru/20230617/tsentrobank-1878814999.html,Первый зампред ЦБ: регулятор хочет запустить оплату в магазинах по лицу до конца года,"ПМЭФ-2023,Экономика,Технологии,Ольга Скоробогатова,Центральный Банк РФ (ЦБ РФ)"
В Республике Алтай протестируют электрокары Е-Neva ,00:34 17.06.2023,https://ria.ru/20230617/elektrokary-1878814218.html,"В Республике Алтай протестируют электрокары Е-Neva, которые будут выпускать в Петербурге","ПМЭФ-2023,Экономика,Технологии,Республика Алтай,Санкт-Петербург,Россия,Концерн ПВО ""Алмаз-Антей"",Олег Хорохордин"
"Россия не стремится выпускать абсолютно всю продукцию, заявил Путин ",16:53 16.06.2023,https://ria.ru/20230616/tekhnologii-1878716658.html,Путин: технологический суверенитет не означает полностью собственный выпуск товаров,"ПМЭФ-2023,Экономика,Технологии,Россия,Владимир Путин"
Путин пригласил участников ПМЭФ на первый Форум будущих технологий ,16:39 16.06.2023,https://ria.ru/20230616/forum-1878711226.html,Путин пригласил участников ПМЭФ на первый Форум будущих технологий в июле,"ПМЭФ-2023,Экономика,Россия,Владимир Путин,ПМЭФ 2023,Технологии"
Путин выступил за массовое внедрение проектов с беспилотными автомобилями ,16:15 16.06.2023,https://ria.ru/20230616/avtomobili-1878699390.html,"Путин заявил, что России нужно массовое внедрение проектов с беспилотными автомобилями","ПМЭФ-2023,Россия,Экономика,Технологии,Владимир Путин,Яндекс"
В Нижегородской области введут электронный сертификат для соцвыплат ,16:07 16.06.2023,https://ria.ru/20230616/sertifikat-1878696107.html,Электронный сертификат для предоставления соцвыплат введут в Нижегородской области,"Нижегородская область,Экономика,Нижегородская область,Россия,Санкт-Петербург,Глеб Никитин,Владимир Комлев,Роман Артюхин,Технологии,Общество"
"Путин: под многими иностранными брендами продают товары, сделанные в России ",15:34 16.06.2023,https://ria.ru/20230616/brendy-1878677590.html,"Президент Путин: под многими иностранными брендами продают товары, сделанные в России","ПМЭФ-2023,Экономика,Технологии,Россия,Владимир Путин"
Путин призвал глав регионов оказывать поддержку отечественным брендам ,15:22 16.06.2023,https://ria.ru/20230616/podderzhka-1878667713.html,Президент России Путин призвал глав регионов оказывать поддержку отечественным брендам,"ПМЭФ-2023,Владимир Путин,Экономика,Россия"
Минниханов: кадры позволяют Татарстану быть в лидерах рейтинга ,12:57 16.06.2023,https://ria.ru/20230616/tatarstan-1878602904.html,Глава Татарстана Минниханов: кадры позволяют региону быть в лидерах рейтинга,"Республика Татарстан,Экономика,Тюменская область,Россия,Рустам Минниханов,Москва,ПМЭФ"
Путин не будет встречаться на ПМЭФ с представителями международного бизнеса ,09:48 16.06.2023,https://ria.ru/20230616/vstrecha-1878537974.html,"Шохин заявил, что встречи Путина с международным бизнесом на ПМЭФ не планируется","ПМЭФ-2023,Россия,Экономика,Технологии,Владимир Путин,Александр Шохин,Российский союз промышленников и предпринимателей"
Kaspersky подметил целевые атаки на объекты инфраструктуры и крупный бизнес ,03:00 16.06.2023,https://ria.ru/20230616/ataki-1878501270.html,Касперский: количество целевых атак на объекты инфраструктуры и крупный бизнес увеличилось,"ПМЭФ-2023,Экономика,Технологии,Россия,Евгений Касперский,Лаборатория Касперского"
В Вологодской области планируется запустить производство жиростойкой бумаги ,00:16 16.06.2023,https://ria.ru/20230616/proizvodstvo-1878494079.html,Губернатор: в Вологодской области планируется запустить производство жиростойкой бумаги,"Вологодская область,Экономика,Технологии,Вологодская область,Россия,Олег Кувшинников,Михаил Шамолин"
"ВТБ и ""Открытие"" создали единую платформу обслуживания клиентов МСБ ",23:59 15.06.2023,https://ria.ru/20230615/platforma-1878493382.html,None,"Экономика,Технологии,Денис Бортников,ВТБ (банк),Новости компаний - Экономика"
Вице-премьер Оверчук опубликовал пост в Telegram-канале РИА Новости ,20:19 15.06.2023,https://ria.ru/20230615/overchuk-1878465055.html,Вице-премьер Оверчук на ПМЭФ опубликовал пост в Telegram-канале РИА Новости,"ПМЭФ-2023,Технологии,Россия,Санкт-Петербург,Иран,Алексей Оверчук,Евразийский экономический союз,Экономика"
Министр экономики ОАЭ призвал активизировать связи с Россией ,17:59 15.06.2023,https://ria.ru/20230615/sotrudnichestvo-1878421155.html,Министр экономики ОАЭ Аль Мари: нужно наращивать связи с Россией в области технологий,"ПМЭФ-2023,Экономика,ОАЭ,Россия,В мире"
Хинштейн назвал блокировку YouTube в России преждевременной ,17:45 15.06.2023,https://ria.ru/20230615/youtube-1878415810.html,Депутат Госдумы Хинштейн назвал блокировку YouTube в России преждевременной,"ПМЭФ-2023,Общество,Технологии,Россия,Александр Хинштейн,YouTube,Госдума РФ,Экономика"
"Корпорация МСП запустит ""Магазин франшиз"" с проверенными предложениями ",15:30 15.06.2023,https://ria.ru/20230615/franshizy-1878285337.html,None,"ПМЭФ-2023,Корпорация МСП,Александр Исаевич,Россия,Экономика,Технологии,Андрей Белоусов,ПМЭФ,ПМЭФ 2023"
ПСБ поддержит проекты устойчивого развития Сахалинской области ,14:03 15.06.2023,https://ria.ru/20230615/proekty-1878331807.html,None,"ПМЭФ-2023,ПСБ (Банк ПСБ),Промсвязьбанк,Сахалинская область,Экономика,Технологии,ПМЭФ,ПМЭФ 2023"
Самарская область подписала соглашение с производителем беспилотных систем ,13:57 15.06.2023,https://ria.ru/20230615/soglashenie-1878329182.html,None,"ПМЭФ-2023,Самарская область,Дмитрий Азаров,Экономика,Технологии,Тольятти,ПМЭФ,ПМЭФ 2023"
"Глава Ruptly рассказала, что агентство полагается на молодых сотрудников ",13:26 15.06.2023,https://ria.ru/20230615/ruptly-1878317328.html,Глава Ruptly Токтосунова: агентство старается брать в штат и обучать молодых сотрудников,"ПМЭФ-2023,Технологии,Экономика"
Группа ПСБ реализовала платформу Токеон для выпуска цифровых финактивов ,13:02 15.06.2023,https://ria.ru/20230615/finaktivy-1878307320.html,None,"ПМЭФ-2023,Экономика,Технологии,ПСБ (Банк ПСБ),Промсвязьбанк,ПМЭФ,ПМЭФ 2023"
"Компании КНР разместили заказы на техплатформе ""Сколково"" на 500 млн рублей ",12:47 15.06.2023,https://ria.ru/20230615/zakazy-1878301144.html,None,"ПМЭФ-2023,Сколково,Фонд ""Сколково"",Экономика,Технологии,ПМЭФ,ПМЭФ 2023"
"Набиуллина высказалась об идеи создания конкурента карте ""Мир"" ",12:34 15.06.2023,https://ria.ru/20230615/konkurent-1878295461.html,"Глава ЦБ Набиуллина: создание конкурента карте ""Мир"" является устаревшим подходом","ПМЭФ-2023,Экономика,Эльвира Набиуллина,Центральный Банк РФ (ЦБ РФ),Россия"
Через сервис кооперации и сбыта на МСП.РФ заключено более 150 соглашений ,12:30 15.06.2023,https://ria.ru/20230615/soglasheniya-1878290827.html,None,"ПМЭФ-2023,Александр Исаевич,Корпорация МСП,Экономика,Технологии,ПМЭФ,ПМЭФ 2023,Россия"
Анна Кулашова: хакеры стали использовать ChatGPT в атаках ,11:30 15.06.2023,https://ria.ru/20230615/kulashova-1878268317.html,None,"ПМЭФ-2023,Интервью,Экономика,Россия,Лаборатория Касперского,Технологии,ПМЭФ,ПМЭФ 2023"
Генеральный директор РЭЦ назвала главные вызовы для экспорта нового времени ,11:13 15.06.2023,https://ria.ru/20230615/vyzovy-1878260466.html,None,"ПМЭФ-2023,Российский экспортный центр (РЭЦ),Вероника Никишина,Экономика,Технологии,ПМЭФ,ПМЭФ 2023"
"""ВымпелКом"" и ""ГЛОНАСС"" будут сотрудничать в сфере цифровой трансформации ",09:30 15.06.2023,https://ria.ru/20230615/sotrudnichestvo-1878107223.html,None,"ПМЭФ-2023,ВымпелКом,Экономика,Технологии,Билайн,НП ""ГЛОНАСС"",ГЛОНАСС (система навигации),ЭРА-ГЛОНАСС"
"Количество утечек данных в России увеличится, указали в Kaspersky ",07:41 15.06.2023,https://ria.ru/20230615/kaspersky-1878216160.html,"Директор Kaspersky: количество утечек данных в России, вероятнее всего, увеличится","ПМЭФ-2023,Экономика,Технологии,Россия,Лаборатория Касперского,СНГ"
Kaspersky растет быстрее всего в Белоруссии и Узбекистане ,07:02 15.06.2023,https://ria.ru/20230615/kaspersky-1878210675.html,Директор Kaspersky: компания в СНГ растет быстрее всего в Белоруссии и Узбекистане,"ПМЭФ-2023,Экономика,Технологии,Белоруссия,Россия,Узбекистан,Лаборатория Касперского,СНГ"
Росбанк тестирует переводы в СБП между странами ЕАЭС ,06:13 15.06.2023,https://ria.ru/20230615/rosbank-1878208342.html,Росбанк тестирует переводы в системе быстрых платежей между пятью странами ЕАЭС,"ПМЭФ-2023,Экономика,Технологии,Россия,Белоруссия,Росбанк,Евразийский экономический союз"
Китайский автопром стремится к локализации производства в России ,06:07 15.06.2023,https://ria.ru/20230615/lokalizatsiya-1878207919.html,Союз китайских предпринимателей: автопром КНР движется к локализации производства в России,"ПМЭФ-2023,Экономика,Технологии,Россия,Китай,Тула"
Выручка Kaspersky в B2B-сегменте России выросла более чем на 20 процентов ,05:44 15.06.2023,https://ria.ru/20230615/kasperskiy-1878207184.html,Kaspersky: выручка компании в B2B-сегменте России выросла более чем на 20 процентов,"ПМЭФ-2023,Экономика,Технологии,Россия,Евгений Касперский,Лаборатория Касперского,СНГ"
"Хакеры в 2023 году переключились на крупные компании, заявила эксперт  ",04:07 15.06.2023,https://ria.ru/20230615/khakery-1878203165.html,Директор Kaspersky: Хакеры переключились с мелких и средних компаний на крупные,"ПМЭФ-2023,Экономика,Технологии,Россия,Лаборатория Касперского,СНГ"
Новгородская и Рязанская области объединят усилия в области авионики и БПЛА ,15:19 14.06.2023,https://ria.ru/20230614/avionika-1878073592.html,None,"ПМЭФ-2023,Новгородская область,Рязанская область,Экономика,Технологии,Санкт-Петербург,ПМЭФ"
МСП Банк и Иннопрактика объединят усилия для развития хай-тек-компаний ,15:07 14.06.2023,https://ria.ru/20230614/khay-tek-kompanii-1878068794.html,None,"ПМЭФ-2023,МСП Банк,Корпорация МСП,Олег Фомичев,Андрей Белоусов,Россия,Экономика,Технологии,ПМЭФ"
ФосАгро: инновационные удобрения снизят импортозависимость российского АПК ,15:03 14.06.2023,https://ria.ru/20230614/udobreniya-1878066921.html,None,"ПМЭФ-2023,Экономика,ФосАгро,Технологии,Импортозамещение,ПМЭФ"
"Мьянма начнет принимать карты ""Мир"" к декабрю ",14:51 14.06.2023,https://ria.ru/20230614/myanma-1878061999.html,"Глава ЦБ Тан Тан Све сообщил, что Мьянма начнет принимать карты ""Мир"" к декабрю 2023 года","ПМЭФ-2023,Мьянма,В мире,Экономика,Россия,Новости - Туризм"
В Сбербанке назвали слабое звено российской экономики ,11:51 14.06.2023,https://ria.ru/20230614/kibergramotnost-1877989905.html,Замглавы Сбербанка Кузнецов назвал киберграмотность слабым звеном российской экономики,"ПМЭФ-2023,Экономика,Россия,Станислав Кузнецов,Сбербанк России"
НАМИ купил предприятие по производству ABS и ESP в Самарской области ,10:24 14.06.2023,https://ria.ru/20230614/nami-1877963807.html,"НАМИ купил завод ""Роберт Бош Самара"" и возобновит производство ABS и ESP с 2024 года","Экономика,Самарская область,Россия,Научно-исследовательский автомобильный и автомоторный институт ""НАМИ"",Технологии"
"Греф предложил создать частного конкурента платежной системе ""Мир"" ",09:36 14.06.2023,https://ria.ru/20230614/konkurent-1877952818.html,Глава Сбербанка Греф предложил создать конкурента Национальной системе платежных карт,"Экономика,Технологии,Герман Греф,Национальная система платежных карт (НСПК),Станислав Близнюк"
Стенд на ПМЭФ посвятили Чебурашке ,19:04 13.06.2023,https://ria.ru/20230613/soyuzmultfilm-1877912335.html,"Слащева: будем рады, если стенд с ушами Чебурашки на ПМЭФе привлечет новых партнеров","ПМЭФ-2023,Технологии,Санкт-Петербург,Чебурашка,Юлиана Слащева,Союзмультфильм,Экономика,Культура"
"""Экспофорум"" в Петербурге завершает подготовку к ПМЭФ ",18:47 13.06.2023,https://ria.ru/20230613/pmef-1877896906.html,"""Экспофорум"" в Петербурге завершает подготовку к ПМЭФ: заканчивается оформление стендов","ПМЭФ-2023,Экономика,Технологии,Санкт-Петербург,Тамбовская область,Хабаровский край,Сергей Рахманинов,Чебурашка,Уралхим,Новатэк,Газпром,Lada Vesta"
В Петербурге в этом году запустят еще шесть производств ,15:03 13.06.2023,https://ria.ru/20230613/proizvodstva-1877907845.html,В Петербурге до конца года планируется запустить еще шесть производств в различных сферах,"ПМЭФ-2023,Экономика,Технологии,Санкт-Петербург,Александр Беглов,Ростелеком"
"Российская косметика активно продается за рубежом, заявил Мантуров ",09:01 13.06.2023,https://ria.ru/20230613/kosmetika-1877720161.html,Вице-премьер Мантуров: российская косметика активно продается в России и за рубежом,"ПМЭФ-2023,Экономика,Россия,Денис Мантуров,Фонд ""Петербургский международный экономический форум"" (фонд),Министерство промышленности и торговли РФ (Минпромторг России),Giorgio Armani"
Россия создаст свой дальнемагистральный самолет ,03:18 13.06.2023,https://ria.ru/20230613/samolet-1877705097.html,Мантуров анонсировал создание в России дальнемагистрального самолета к 2030 году,"ПМЭФ-2023,Россия,Экономика,Технологии,Денис Мантуров,Фонд ""Петербургский международный экономический форум"" (фонд),Министерство промышленности и торговли РФ (Минпромторг России),МС-21"
Мантуров сообщил о независимости России в производстве высокочистого неона ,01:35 13.06.2023,https://ria.ru/20230613/neon-1877702807.html,Мантуров: Россия полностью технологически независима в производстве высокочистого неона,"ПМЭФ-2023,Экономика,Россия,Денис Мантуров,Технологии,Фонд ""Петербургский международный экономический форум"" (фонд),Министерство промышленности и торговли РФ (Минпромторг России)"
Суд подтвердил законность штрафа в отношении Apple по делу с Kaspersky ,14:28 09.06.2023,https://ria.ru/20230609/shtraf-1877221286.html,Суд подтвердил законность штрафа на 906 миллионов рублей к Apple по делу с Kaspersky,"Экономика,Технологии,Apple,Лаборатория Касперского,Федеральная антимонопольная служба (ФАС России),Россия"
Сбер и правительство Омской области обсудили цифровую трансформацию региона ,09:26 09.06.2023,https://ria.ru/20230609/transformatsiya-1877131932.html,Сбер и глава Омской области Хоценко обсудили вопросы цифровой трансформации региона,"Омская область,Экономика,Технологии,Омская область,Виталий Хоценко,Сбербанк России"
"Минтранс рассказал о странах, помогающих обслуживать российские самолеты ",21:51 08.06.2023,https://ria.ru/20230608/samolety-1877096971.html,Глава Минтранса Савельев: некоторые страны помогают обслуживать российские самолеты,"Иран,Аэрофлот,Технологии,Виталий Савельев,Экономика"
"""Росатом"" будет делать детали к лайнерам зарубежного производства ",16:33 08.06.2023,https://ria.ru/20230608/detali-1877017381.html,"""Росатом"" будет делать воздушные фильтры к лайнерам ""Аэрофлота"" зарубежного производства","Экономика,Технологии,Россия,Государственная корпорация по атомной энергии ""Росатом"",Аэрофлот,Наука и инновации,Обнинск,Калужская область,Импортозамещение"
Росрыболовство разработало систему проверки крабовой продукции ,17:39 07.06.2023,https://ria.ru/20230607/kraby-1876780031.html,Глава Росрыболовства Шестаков: крабовую продукцию будет проверять цифровая система,"Илья Шестаков,Федеральное агентство по рыболовству (Росрыболовство),Федеральная служба по ветеринарному и фитосанитарному надзору (Россельхознадзор),Экономика,Технологии"
СМИ: несколько стран блокируют оплату поставок электроники в Россию ,12:25 07.06.2023,https://ria.ru/20230607/postavki-1876673554.html,"""Коммерсантъ"": банки Армении и Казахстана блокируют оплату поставок электроники в Россию","Экономика,Технологии,Армения,Россия,Казахстан,В мире"
Путин призвал сосредоточиться на достижении технологического суверенитета ,12:07 07.06.2023,https://ria.ru/20230607/suverenitet-1876668547.html,Путин призвал сосредоточиться на достижении технологического и финансового суверенитета,"Владимир Путин,Технологии,Россия,Санкт-Петербург,Фонд ""Петербургский международный экономический форум"" (фонд),Экономика"
Поставки отечественных систем ABS для автоконцернов начнутся с 1 июля ,05:54 07.06.2023,https://ria.ru/20230607/abs-1876615960.html,Замглавы Минпромторга Шпак: поставки российских ABS для автоконцернов начнутся 1 июля,"Экономика,Технологии,Россия,Кострома,АвтоВАЗ,Министерство промышленности и торговли РФ (Минпромторг России)"
Минпромторг привел примеры успешного импортозамещения автоэлектроники ,04:38 07.06.2023,https://ria.ru/20230607/importozameschenie-1876614456.html,"Минпромторг рассказал, какую автоэлектронику смогли импортозаместить предприятия","Экономика,Технологии,Россия,Министерство промышленности и торговли РФ (Минпромторг России),""Автоприбор"""
"""Вкусно — и точка"" начала тестировать доставку из собственного приложения ",11:53 05.06.2023,https://ria.ru/20230605/vkusno-1876190660.html,"Глава ""Вкусно — и точка"" Пароев: началась тестовая доставка из собственного приложения","Экономика,""Вкусно — и точка"" (сеть ресторанов),Технологии,Московская область (Подмосковье),Олег Пароев,Россия"
СМИ: за год цены на книги в России выросли на 15—20 процентов ,06:04 04.06.2023,https://ria.ru/20230604/knigi-1876028195.html,"""Известия"": за последний год книги в России подорожали на 15—20 процентов","Экономика,Россия,Технологии"
Российские власти изучают механизм компенсаций за утечки личных данных ,18:11 02.06.2023,https://ria.ru/20230602/utechka-1875852866.html,Роскомнадзор: российские власти рассматривают механизм компенсаций за утечки личных данных,"Россия,Федеральная служба по надзору в сфере связи, информационных технологий и массовых коммуникаций (Роскомнадзор),Госуслуги,Технологии,Экономика"
Мордашов оценил идею отчислений с бизнеса за использование импортного софта ,11:20 02.06.2023,https://ria.ru/20230602/soft-1875717328.html,Мордашов назвал идею отчислений с бизнеса за использование импортного софта очень спорной,"Бизнес,Экономика,Россия,Алексей Мордашов,Технологии,Михаил Мишустин"
СМИ: власти хотят ограничить параллельный импорт вычислительной техники ,10:05 02.06.2023,https://ria.ru/20230602/ogranichenie-1875699579.html,"""Ъ"": Минпромторг обсуждает идею ограничения параллельного импорта вычислительной техники","Экономика,Технологии,Россия,Министерство промышленности и торговли РФ (Минпромторг России),IBM,Dell, Inc."
Объем промпроизводства на Кубани вырос за год более чем на десять процентов ,22:56 01.06.2023,https://ria.ru/20230601/kuban-1875665413.html,None,"Краснодарский край,Экономика,Технологии,Краснодарский край,Россия"
В России подписали Ценовую хартию социально ответственного IT-бизнеса ,19:07 01.06.2023,https://ria.ru/20230601/khartiya-1875637727.html,Минцифры: в России подписали Ценовую хартию социально ответственного IT-бизнеса,"Экономика,Россия,Нижний Новгород,Технологии,Максим Паршин"
У Мишустина на конференции ЦИПР отобрали планшет и швырнули его об пол ,18:07 01.06.2023,https://ria.ru/20230601/planshet-1875624024.html,Чернышенко на конференции ЦИПР отобрал у Мишустина планшет Kvadrа_T и швырнул его об пол,"Экономика,Россия,Михаил Мишустин,Дмитрий Чернышенко,Технологии"
Мишустину рассказали о цифровизации на ГАЗе ,17:28 01.06.2023,https://ria.ru/20230601/gaz-1875611336.html,Мишустину рассказали о развитии цифровых проектов на базе платформы T-Flex на ГАЗе,"Экономика,Технологии,Михаил Мишустин,Группа ГАЗ,Елена Смирнова,Россия,Авто"
Мишустин назвал переход на российское железо следующим этапом развития IT ,14:29 01.06.2023,https://ria.ru/20230601/it-1875537930.html,Премьер Мишустин назвал переход на российское железо следующим этапом развития IT,"Экономика,Россия,Михаил Мишустин,Нижний Новгород,Технологии"
Правительство изучит идею отчислений за использование зарубежного ПО ,13:17 01.06.2023,https://ria.ru/20230601/po-1875516812.html,Правительство изучит идею отчислений для организаций за использование зарубежного ПО,"Правительство РФ,Экономика,Россия,Михаил Мишустин,Технологии"
"России необходимо построить сильную IT-отрасль, заявил Мишустин ",12:51 01.06.2023,https://ria.ru/20230601/it-1875509142.html,Премьер Мишустин заявил о необходимости построить сильную IT-отрасль в России,"Технологии,Россия,Михаил Мишустин,Экономика"
"""Яндекс Лавка"" проведет ребрендинг ",09:35 01.06.2023,https://ria.ru/20230601/rebrending-1875460321.html,"""Яндекс Лавка"" в рамках ребрендинга сменит логотип и расширит ассортимент","Яндекс,Экономика,Москва,Санкт-Петербург,Delivery Club"
"Правительство может закупить до двух миллионов устройств на ""Авроре"" ",02:37 01.06.2023,https://ria.ru/20230601/avrora-1875441201.html,"""Ростелеком"": правительство может закупить до двух миллионов устройств на ""Авроре""","Экономика,Технологии,""Аврора"",Ростелеком"
Nintendo свернет деятельность отделения в России ,20:48 31.05.2023,https://ria.ru/20230531/nintendo-1875415834.html,"Nintendo of Europe заявила, что свернет деятельность российского отделения","Экономика,Технологии,Россия,Nintendo"
Российская группа Yadro представила свой первый планшет ,09:44 31.05.2023,https://ria.ru/20230531/planshet-1875236080.html,Российская группа компаний Yadro представила свой первый планшет Kvadra_T,"Экономика,Технологии,Россия"
Минцифры подчеркнуло важность роли IT-консалтинга для импортозамещения ,14:55 30.05.2023,https://ria.ru/20230530/konsalting-1875082099.html,Замглавы Минцифры Паршин: IT-консалтинг в России необходим для развития импортозамещения,"Экономика,Технологии,Россия,Максим Паршин,Министерство цифрового развития, связи и массовых коммуникаций РФ (Минцифры России),Импортозамещение"
"В Подмосковье пройдет конкурс ""Аэрологистика"" ",17:44 28.05.2023,https://ria.ru/20230528/bespilotnik-1874674128.html,"На конкурсе ""Аэрологистика"" в Подмосковье выберут лучший беспилотник для доставки грузов","Экономика,Технологии,Московская область (Подмосковье),НПП ""Радар ммс"""
СМИ: UnionPay обогнала Visa на мировом рынке дебетовых карт ,10:51 28.05.2023,https://ria.ru/20230528/union-1874631187.html,"""Известия"": UnionPay обогнала Visa по объему транзакций на мировом рынке дебетовых карт","Экономика,Технологии,Россия,Visa, Inc.,MasterCard, Inc.,В мире"
"В ОЭЗ ""Иннополис"" в Татарстане реализуют новые проекты ",08:56 26.05.2023,https://ria.ru/20230526/innopolis-1874251485.html,"В ОЭЗ ""Иннополис"" в Татарстане реализуют новые проекты на три миллиарда рублей","Республика Татарстан,Экономика,Рустам Минниханов,Роман Шайхутдинов"
В Саратовской области создадут центр сельскохозяйственных беспилотников ,06:29 26.05.2023,https://ria.ru/20230526/aviatsiya-1874241953.html,В Саратовской области создадут центр беспилотной авиации для сельского хозяйства,"Саратовская область,Россия,Экономика,Технологии"
"Беспилотники и облачные технологии ""Яндекса"" продолжат работу в России ",17:15 25.05.2023,https://ria.ru/20230525/yandeks-1874147974.html,"Бизнесы беспилотников и облачных технологий ""Яндекса"" продолжат работу в России","Яндекс,Россия,Экономика,Технологии"
"""Инновационный Саммит 2023"" компании ""Систэм Электрик"" открылся в Москве  ",16:17 25.05.2023,https://ria.ru/20230525/moskva-1874120619.html,None,"Новости компаний - Экономика,Экономика,Технологии,Россия,Москва"
Путин предложил ЕАЭС сформировать единую цифровую экосистему ,16:13 25.05.2023,https://ria.ru/20230525/putin-1874128487.html,Путин на саммите ЕАЭС предложил странам-участницам сформировать единую цифровую экосистему,"Экономика,Технологии,Россия,Владимир Путин,Евразийский экономический союз"
В России подготовили Концепцию технологического развития до 2030 года ,14:42 25.05.2023,https://ria.ru/20230525/kontseptsiya-1874101240.html,Премьер Мишустин: правительство утвердило Концепцию технологического развития до 2030 года,"Россия,Экономика,Технологии,Михаил Мишустин"
Промсвязьбанк запустил кредитные карты для жителей республик Донбасса ,23:30 24.05.2023,https://ria.ru/20230524/kredit-1873975103.html,Промсвязьбанк запустил выдачу кредитных карт для жителей ЛНР и ДНР,"Экономика,Донбасс,Луганск,Донецк,Промсвязьбанк,Технологии,Донецкая Народная Республика,Луганская Народная Республика,Россия"
Росавиция прокомментировала импортозамещение баз данных навигации SSJ ,19:51 24.05.2023,https://ria.ru/20230524/ssj-1873954662.html,Росавиация заявила о должном внимании к импортозамещению навигационных баз данных SSJ,"Экономика,Технологии,Россия,Федеральное агентство воздушного транспорта (Росавиация),Иркут (корпорация),Sukhoi Superjet 100 (SSJ100)"
"Новое приложение банка ""Открытие"" появилось в App Store ",19:12 24.05.2023,https://ria.ru/20230524/bank-1873944811.html,"Новое мобильное приложение банка ""Открытие"" под названием Elixir появилось в App Store","Экономика,Google,Евросоюз,ВТБ (банк),Технологии,Санкции,Санкции в отношении России,Открытие (банк),Apple,Apple iOS,Россия"
RuStore могут адаптировать под устройства с iOS ,14:23 24.05.2023,https://ria.ru/20230524/rustore-1873867195.html,RuStore рассматривает возможность адаптировать приложение под устройства iOS,"Экономика,Технологии,Apple,Россия"
Татарстан будет развивать связи с китайской провинцией Аньхой ,13:58 24.05.2023,https://ria.ru/20230524/tatarstan-1873858810.html,Глава региона Минниханов: Татарстан будет развивать связи с китайской провинцией Аньхой,"Республика Татарстан,Экономика,Китай,Аньхой,Рустам Минниханов,Республика Татарстан (Татарстан)"
В Китае заявили о готовности расширять экономические связи с Россией ,15:18 23.05.2023,https://ria.ru/20230523/svyazi-1873639345.html,"Премьер Госсовета КНР заявил, что страна готова расширять экономические связи с Россией","Экономика,Россия,Китай,Ли Цян,В мире"
Мишустин отметил важность промышленной и технологической кооперации с КНР ,08:26 23.05.2023,https://ria.ru/20230523/kooperatsiya-1873536981.html,Мишустин: России и Китаю важно объединить ресурсы для создания конкурентоспособных товаров,"Экономика,Технологии,Россия,Китай,Михаил Мишустин,Шанхай"
Мишустин отметил потенциал сотрудничества с Китаем в машиностроении и ТЭК ,08:23 23.05.2023,https://ria.ru/20230523/china-1873536700.html,Мишустин: сотрудничество России и КНР в машиностроении и ТЭК имеет значительный потенциал,"Экономика,Технологии,Россия,Шанхай,Китай,Михаил Мишустин"
В США отреагировали на запрет на закупку продукции Micron в Китае ,08:20 22.05.2023,https://ria.ru/20230522/micron-1873315966.html,Reuters: Минторг США назвал запрет на закупку продукции Micron в Китае безосновательным,"Технологии,Китай,США,Экономика,Минторг США"
"Российские компании займут половину рынка кибербезопасности, заявил эксперт ",04:35 22.05.2023,https://ria.ru/20230522/kiberbezopasnost-1873307794.html,Эксперт Beeline Cloud Краснов: российские компании займут половину рынка кибербезопасности,"Экономика,Технологии,Россия,Microsoft Corporation"
"""Кама"" планирует в 2025 году произвести около десяти тысяч электромобилей ",04:47 19.05.2023,https://ria.ru/20230519/elektromobil-1872797288.html,"Глава ""Камы"" Поваразднюк: в 2025 году компания произведет десять тысяч электромобилей","Россия,Набережные Челны,Сергей Когогин,Ford Motor,Технологии,Экономика"
"На Кубе в течение месяца может заработать оплата картами ""Мир"" ",17:07 18.05.2023,https://ria.ru/20230518/kuba-1872696167.html,"Куба планирует наладить оплату картами ""Мир"" в течение месяца","Туризм,Новости - Туризм,Экономика,Технологии,Куба,Россия,Москва,Центральный Банк РФ (ЦБ РФ),Пегас Туристик,куда можно лететь,Туризм"
"На заводе ""Микрон"" рассказали о чипах для загранпаспортов нового образца ",12:02 18.05.2023,https://ria.ru/20230518/zagranpasport-1872586764.html,"Глава ""Микрона"" Хасьянова: выпуск чипов для загранпаспортов нового образца идет стабильно","Международный экономический форум ""Россия — Исламский мир: KazanForum"",Паспорт,Россия,Экономика,Гознак,Технологии,Общество,Новости - Туризм,Туризм"
"СМИ: ""Аэрофлот"" попросил внести почти сотню правок в салон Ту-214 ",10:18 17.05.2023,https://ria.ru/20230517/tu-1872315931.html,"РБК: ""Аэрофлот"" попросил внести 99 изменений в пассажирский салон самолета Ту-214","Экономика,Технологии,Виктор Басаргин,Аэрофлот,Объединенная авиастроительная корпорация (ОАК),Ту-214,Новости - Туризм"
В ЦБ выявили новую схему по обману россиян ,06:56 17.05.2023,https://ria.ru/20230517/moshennichestvo-1872289717.html,"ЦБ: мошенники в России стали притворяться не финансовыми организациями, а их агентами","Экономика,Технологии,Валерий Лях,Центральный Банк РФ (ЦБ РФ),Мошенничество"
Хакеры похитили данные российских компаний под видом сотрудников ,03:04 17.05.2023,https://ria.ru/20230517/khakery-1872285067.html,Bi.Zone: хакеры похитили данные российских компаний под видом сотрудников,"Технологии,Россия,Экономика"
Правительство зафиксировало ставку таможенных сборов на ряд электроники ,20:48 16.05.2023,https://ria.ru/20230516/tamozhnya-1872258239.html,Ставка таможенных сборов для юрлиц на ряд электроники составит 30 тысяч рублей,"Экономика,Россия,Министерство промышленности и торговли РФ (Минпромторг России),Технологии"
Приложение МКБ для iOS скоро перестанет работать ,17:39 16.05.2023,https://ria.ru/20230516/bank-1872217410.html,"Приложение ""МКБ Онлайн"" для iOS скоро перестанет работать из-за истекших сертификатов","Экономика,Технологии,США,Московский кредитный банк,Санкции в отношении России,Apple,Apple iOS,Россия"
Минцифры запустило чат-бот для желающих сохранить аккредитацию IT-компаний ,15:18 16.05.2023,https://ria.ru/20230516/bot-1872170581.html,Минцифры запустило чат-бот для проверки наличия согласия на раскрытие налоговой тайны,"Экономика,Технологии,Россия,Максут Шадаев,Федеральная налоговая служба (ФНС России),Министерство цифрового развития, связи и массовых коммуникаций РФ (Минцифры России),Telegram"
В России в разы выросли продажи складных смартфонов ,14:27 16.05.2023,https://ria.ru/20230516/smartfony-1872155554.html,Продажи складных смартфонов в России с начала года выросли в разы,"Экономика,Россия,Эльдар Муртазин,Ozon,Huawei Technologies,Технологии"
"""Яндекс"" проведет ребрендинг Delivery Club ",09:14 16.05.2023,https://ria.ru/20230516/rebrending-1872057593.html,"""Яндекс"" в июне проведет ребрендинг Delivery Club и сменит название на ""Маркет деливери""","Яндекс,Delivery Club,Экономика"
ЕК одобрила приобретение Microsoft разработчика игр Activision Blizzard ,18:53 15.05.2023,https://ria.ru/20230515/pokupka-1871981022.html,Еврокомиссия одобрила приобретение Microsoft разработчика игр Activision Blizzard,"Экономика,Технологии,Великобритания,Вашингтон (штат),Microsoft Corporation,Еврокомиссия,Евросоюз,В мире"
"""Ъ"": в России резко выросли продажи квадрокоптеров ",09:52 15.05.2023,https://ria.ru/20230515/dron-1871753216.html,"""Ъ"": продажи квадрокоптеров в российских интернет-магазинах выросли в 15-20 раз","Экономика,Технологии,Россия,Киев,Владимир Путин,Wildberries,Ozon"
"В Минфине рассказали, кто станет регулятором криптовалюты ",03:09 15.05.2023,https://ria.ru/20230515/fns-1871727600.html,Замглавы Минфина Моисеев: регулятором отрасли криптовалют может стать ФНС,"Экономика,Технологии,Алексей Моисеев,Анатолий Аксаков,Федеральная налоговая служба (ФНС России),Госдума РФ,Криптовалюта"
РЭЦ: российские компании практически потеряли доступ к правосудию на Западе ,16:45 12.05.2023,https://ria.ru/20230512/pravosudie-1871359520.html,None,"Российский экспортный центр (РЭЦ),ВЭБ.РФ (ВЭБ),Экономика,Технологии"
Приангарье лидирует среди регионов Сибири по инвестициям в основной капитал ,16:28 12.05.2023,https://ria.ru/20230512/investitsii-1871350679.html,Приангарье лидирует среди регионов Сибири по росту инвествложений в основной капитал,"Иркутская область,Экономика,Иркутская область,Россия,Игорь Кобзев,Инком,Русал,Ростех,МС-21"
Россия и Белоруссия разработают программу сотрудничества в авиастроении ,14:51 12.05.2023,https://ria.ru/20230512/aviastroenie-1871314316.html,Мантуров: Москва и Минск за два месяца разработают программу сотрудничества в авиастроении,"Союзное государство,Экономика,Технологии,Белоруссия,Россия,Екатеринбург,Денис Мантуров,Роман Головченко"
РЭЦ: крупную российскую экспозицию откроют на выставке Iran Oil Show 2023 ,12:46 12.05.2023,https://ria.ru/20230512/ekspozitsiya-1871266544.html,None,"Российский экспортный центр (РЭЦ),ВЭБ.РФ (ВЭБ),Россия,Иран,Тегеран (город),Технологии,Экономика"
"Овчинский: московское предприятие внесло 10 разработок в ""Банк технологий"" ",07:40 12.05.2023,https://ria.ru/20230512/razrabotki-1871187521.html,None,"Департамент инвестиционной и промышленной политики города Москвы,Владислав Овчинский,Экономика,Технологии"
"Kaspersky оснастит российский электромобиль ""Атом"" защитой от взлома ",19:10 11.05.2023,https://ria.ru/20230511/elektromobil-1871138799.html,"Kaspersky оснастит российский электромобиль ""Атом"" защитой от взлома и атак хакеров","Экономика,Технологии,Лаборатория Касперского,Авто,Россия"
Кубанское предприятие перейдет на серийное производство беспилотников ,17:59 11.05.2023,https://ria.ru/20230511/bespilotniki-1871119327.html,Предприятие Краснодарского края переходит на серийное производство беспилотников,"Краснодарский край,Экономика,Технологии,Краснодарский край,Россия,Вениамин Кондратьев,Александр Фомин,Федеральная служба войск национальной гвардии РФ (Росгвардия),Фонд развития промышленности"
Регионы могут перенять опцион Якутии по поддержке технологических стартапов ,15:00 11.05.2023,https://ria.ru/20230511/yakutiya-1871059858.html,Опцион Якутии по поддержке технологических стартапов могут перенять другие регионы,"Республика Саха (Якутия),Экономика,Технологии,Якутск,Россия,Дальний Восток,Айсен Николаев,Максим Орешкин"
В Госдуме призвали быстрее легализовать криптовалюту ,14:06 11.05.2023,https://ria.ru/20230511/kriptovalyuta-1871040390.html,Депутат Аксаков призвал быстрее легализовать в России криптовалюту,"Экономика,Россия,Анатолий Аксаков,Госдума РФ,Технологии,Криптовалюта"
Россиян предупредили о проблемах с ремонтом бытовой техники известной марки ,09:59 11.05.2023,https://ria.ru/20230511/tekhnika-1870949677.html,"""Известия"": в России возникли проблемы с ремонтом техники Bosch из-за отсутствия запчастей","Экономика,Технологии,Россия,Mobile Research Group,Siemens,Министерство промышленности и торговли РФ (Минпромторг России)"
"В России может стать меньше бытовой техники из Европы, считает эксперт ",18:23 10.05.2023,https://ria.ru/20230510/tekhnika-1870872812.html,"Эксперт Сумишевская: бытовой техники из Европы может стать меньше, но она не исчезнет","Экономика,Россия,Европа,Технологии,Цены"
Первый в России оператор беспилотников получил сертификат на оказание услуг ,15:49 10.05.2023,https://ria.ru/20230510/bespilotniki-1870816572.html,"Первый в России оператор дронов ""БАС"" получил сертификат на оказание коммерческих услуг","Россия,Федеральное агентство воздушного транспорта (Росавиация),Технологии,Беспилотники,БПЛА,ГТЛК,Государственная транспортная лизинговая компания,Экономика"
Ракова: Москва создала экосистему для быстрого исследования новых лекарств ,14:57 10.05.2023,https://ria.ru/20230510/issledovanie-1870800164.html,None,"Москва,Анастасия Ракова,Технологии,Экономика"
"""Ростелеком"" введет в 4,6 раза больше серверных стоек, чем в прошлом году ",06:27 10.05.2023,https://ria.ru/20230510/rostelekom-1870692731.html,"""Ростелеком"" в 2023 году введет в 4,6 раза больше серверных стоек, чем годом ранее","Экономика,Ростелеком,Технологии"
"Российские компании лучше реагируют на угрозы утечек, заявила эксперт ",07:15 06.05.2023,https://ria.ru/20230506/utechki-1870100499.html,Эксперт Kaspersky Новикова: российские компании лучше западных реагируют на утечки данных,"Экономика,Технологии,Россия,Европа,Максут Шадаев,Лаборатория Касперского"
"""Ъ"": эксперты оценили экономические последствия от запрета на полеты БПЛА ",09:54 05.05.2023,https://ria.ru/20230505/bespilotnik-1869832659.html,"""Ъ"": запрет на полеты беспилотников в России может отбросить отрасль на пять лет назад","Экономика,Технологии,Москва,Владимир Путин,Россия"
"Отечественный сотовый оператор развязал ""войну"" с Ericsson ",09:08 05.05.2023,https://ria.ru/20230505/motiv-1869827731.html,"РБК: российский сотовый оператор ""Мотив"" потребовал от Ericsson обслуживать станции","Экономика,Технологии,Россия,Москва,РБК (медиагруппа),Ericsson,Евросоюз"
РЖД вложат более миллиарда рублей в грузовой терминал в Астрахани ,15:29 03.05.2023,https://ria.ru/20230503/terminal-1869430771.html,"РЖД вложат 1,2 миллиарда рублей в модернизацию грузового терминала в Астрахани","Астраханская область,Экономика,Технологии,Астрахань,Астраханская область,Россия,Игорь Бабушкин,РЖД"
В Госдуме назвали Microsoft инструментом цифрового колониализма ,14:47 03.05.2023,https://ria.ru/20230503/microsoft-1869421055.html,Депутат Горелкин назвал продукты корпорации Microsoft инструментом цифрового колониализма,"Экономика,Технологии,Россия,Антон Горелкин,Microsoft Corporation,Госдума РФ"
В России предложили создать платформу для взаимодействия блогеров с ФНС ,13:02 03.05.2023,https://ria.ru/20230503/fns-1869388840.html,Митрошина предложила создать цифровую платформу для взаимодействия блогеров с ФНС,"Блогер,Экономика,Россия,Федеральная налоговая служба (ФНС России),Следственный комитет России (СК РФ),Технологии,Налоги"
"СМИ: Индия и Россия изучат возможность приема карт систем RuPay и ""Мир"" ",21:40 30.04.2023,https://ria.ru/20230430/karty-1868895841.html,"Economic Times: Индия и Россия изучат возможность приема карт систем RuPay и ""Мир""","Туризм,Экономика,Индия,Россия,Москва,Технологии,Субраманиам Джайшанкар,Денис Мантуров,SWIFT,Туризм,Новости - Туризм,туристы"
Microsoft заключила контракт с облачной платформой для видеоигр ,17:24 28.04.2023,https://ria.ru/20230428/igry-1868555567.html,Microsoft заключила долгосрочный контракт с облачной платформой для видеоигр Nware,"Экономика,Технологии,Microsoft Corporation,Xbox One,В мире,Компьютерные игры"
Набиуллина рассказала о сроках пилотного проекта по цифровому рублю ,17:14 28.04.2023,https://ria.ru/20230428/rubl-1868548814.html,Глава ЦБ Набиуллина: пилот цифрового рубля продлится до конца 2023 года или даже дольше,"Рубль,Цифровой рубль,Экономика,Россия,Эльвира Набиуллина,Технологии,Центральный Банк РФ (ЦБ РФ)"
Путин расширил перечень результатов интеллектуальной деятельности ,16:26 28.04.2023,https://ria.ru/20230428/rid-1868516208.html,Путин подписал закон для стимулирования оборота результатов интеллектуальной деятельности,"Экономика,Россия,Владимир Путин,Федеральная служба по интеллектуальной собственности (Роспатент),Технологии"
