header,date,link,brief,tags
"В украинских ВВС рассказали, как ""Искандеры"" обходят защиту Patriot ",10:02 26.05.2025,https://ria.ru/20250526/ukraina-2019054096.html,"Представитель ВВС Украины Игнат: ""Искандеры"" научились обходить защиту Patriot","Специальная военная операция на Украине,Украина,Россия,Киев,НАТО,В мире"
Россия и Сербия продлили действующий договор о поставках газа ,11:42 26.05.2025,https://ria.ru/20250526/rossija-2019071768.html,Баятович: РФ и Сербия продлили договор о поставках газа до 30 сентября,"Экономика,Сербия,Россия,Болгария,Душан Баятович,Александр Вучич,Владимир Путин,Газпром,Турецкий поток,В мире"
Польша направила России ноту из-за удаления крестов на польском кладбище ,11:38 26.05.2025,https://ria.ru/20250526/polsha-2019069288.html,Польша направила ноту из-за удаления крестов с памятника в Тверской области,"В мире,Россия,Польша,Варшава,Радослав Сикорский,Мария Захарова"
Медведчук заявил о катастрофическом положении Украины на фронте ,11:28 26.05.2025,https://ria.ru/20250526/ukraina-2019067600.html,Медведчук: динамика обмена пленными говорит о катастрофическом положении Украины,"Специальная военная операция на Украине,В мире,Украина,Россия,Стамбул,Виктор Медведчук,Вооруженные силы Украины,Оппозиционная платформа - За жизнь"
Telegraph: ужин на приеме Трампа для инвесторов был хуже еды в самолетах ,11:16 26.05.2025,https://ria.ru/20250526/uzhin-2019066420.html,"Telegraph: на ужине Трампа с инвесторами в крипту еда была хуже, чем в самолете","В мире,США,Дональд Трамп"
"""Оружие детям"". На Западе пришли в ужас из-за новой идеи Киева ",11:11 26.05.2025,https://ria.ru/20250526/ukraina-2019065366.html,L'AntiDiplomatico: Украина может ввести военные учения среди детей,"Специальная военная операция на Украине,Вооруженные силы Украины,Владимир Зеленский,Украина,В мире,Киев,США,Евросоюз"
"Пленный боевик ВСУ рассказал, как на Украине проходит мобилизация ",10:52 26.05.2025,https://ria.ru/20250526/mobilizatsiya-2019061253.html,"Украинские военкоматы забирают больных гепатитом, чтобы выполнить план по отлову","Специальная военная операция на Украине,В мире,Вооруженные силы Украины,Министерство обороны РФ (Минобороны РФ)"
Во Франции протестующие фермеры заблокировали автотрассы в Иль-де-Франс ,10:48 26.05.2025,https://ria.ru/20250526/protest-2019060995.html,Протестующие фермеры во Франции блокируют автотрассы в регионе Иль-де-Франс,"Франция,Иль-де-Франс,Париж,Меркосур,Евросоюз,В мире"
Израиль атаковал более 200 военных объектов в секторе Газа за двое суток ,10:46 26.05.2025,https://ria.ru/20250526/obekty-2019060170.html,ЦАХАЛ ударила по 200 объектам палестинских радикалов в Газе за 48 часов,"В мире,Израиль,Биньямин Нетаньяху,ХАМАС,Обострение палестино-израильского конфликта в 2024 году"
На Гавайях началось новое извержение вулкана ,10:45 26.05.2025,https://ria.ru/20250526/vulkan-2019059901.html,"Началось новое извержение вулкана на Гавайях, фонтаны лавы достигают 300 м","Гавайи,В мире"
Пашинян пригрозил поменять Конституцию ради соглашения с Баку ,10:41 26.05.2025,https://ria.ru/20250526/pashinyan-2019059010.html,Пашинян пригрозил поменять Конституцию Армении ради мира с Азербайджаном,"В мире,Азербайджан,Никол Пашинян,Армения,Ильхам Алиев,ОБСЕ,Евросоюз,Баку"
Пушилин рассказал о значении освобождения Отрадного в ДНР ,10:37 26.05.2025,https://ria.ru/20250526/otradnoe-2019058586.html,Пушилин: уничтожение укрепрайона в селе Отрадное в ДНР создало сложности для ВСУ,"Специальная военная операция на Украине,В мире,Отрадное,Донецкая Народная Республика,Денис Пушилин,Вооруженные силы Украины"
Представители Афганистана примут участие в международной встрече в Москве ,10:34 26.05.2025,https://ria.ru/20250526/afganistan-2019058346.html,СБ РФ: представители Афганистана примут участие в международной встрече в Москве,"Афганистан,Москва,Россия,В мире"
Макрон прилюдно получил пощечину от жены ,10:31 26.05.2025,https://ria.ru/20250526/makron-2019057863.html,Макрон получил пощечину от супруги во время визита в Ханой,"Эммануэль Макрон,Вьетнам,Юго-Восточная Азия,Фридрих Мерц,Кир Стармер,Германия,В мире"
В ДНР выросло число украинских военнопленных ,10:29 26.05.2025,https://ria.ru/20250526/plennye-2019057364.html,Пушилин: в ДНР в последнее время увеличилось число украинских военнопленных,"Специальная военная операция на Украине,В мире,Донецкая Народная Республика,Украина,Денис Пушилин,Вооруженные силы Украины"
Медведчук: киевский режим закладывает стратегию вечной войны против России ,10:26 26.05.2025,https://ria.ru/20250526/kiev-2019056804.html,Медведчук: Киев готовит украинцев к стратегии вечной войны против России,"Россия,Украина,Германия,Виктор Медведчук,Владимир Зеленский,Ирина Верещук,Оппозиционная платформа - За жизнь,В мире"
Все россияне с поврежденного в Йемене танкера покинули страну ,10:25 26.05.2025,https://ria.ru/20250526/yemen-2019056649.html,Все россияне с поврежденного ударами США танкера Seven Pearls покинули Йемен,"В мире,Йемен,Россия,США"
Дуда призвал проверять кандидатов в президенты Польши на наркотики ,10:11 26.05.2025,https://ria.ru/20250526/polsha-2019054920.html,Дуда назвал логичной проверку кандидатов в президенты Польши на наркотики,"В мире,Польша,Анджей Дуда,Кароль Навроцкий,Президентские выборы в Польше — 2025"
Фицо высказался о переговорах между Россией и Украиной ,10:09 26.05.2025,https://ria.ru/20250526/fitso-2019054527.html,Фицо: Словакия надеется на успех переговоров между Россией и Украиной ,"Переговоры России и Украины в Стамбуле — 2025,Владимир Путин,Дмитрий Песков,Стамбул,Украина,Роберт Фицо,Россия,В мире"
ВС Израиля заявили об ударе по зданию школы в городе Газа ,10:07 26.05.2025,https://ria.ru/20250526/gaza-2019054346.html,"ВС Израиля заявили об ударе по зданию школы в Газе, где находились боевики ХАМАС","Биньямин Нетаньяху,Израиль,ХАМАС,Обострение палестино-израильского конфликта в 2024 году,В мире"
В Виннице загорелось здание военкомата ,09:55 26.05.2025,https://ria.ru/20250526/vinnitsa-2019053262.html,В Виннице пожарные тушат здание горящего военкомата,"В мире,Винница,Украина"
"СМИ: в ЕС обсуждают, продлять или отменять поддержку украинских мигрантов ",09:41 26.05.2025,https://ria.ru/20250526/ukraina-2019052357.html,Euractiv: Брюссель обсуждает судьбу директивы по защите украинских мигрантов,"Специальная военная операция на Украине,В мире,Брюссель,Украина,Евросоюз"
В администрации Эрдогана ответили на вопрос о создании военных баз в Сирии ,09:41 26.05.2025,https://ria.ru/20250526/plany-2019052244.html,Анкара не комментирует данные о планах ВС Турции создать военные базы в Сирии,"Сирия,Анкара (провинция),Турция,В мире,Реджеп Тайип Эрдоган,Дональд Трамп"
"""Семь головорезов"". Журналист пришел в ужас от происходящего в Харькове ",09:36 26.05.2025,https://ria.ru/20250526/kharkov-2019051967.html,Журналист Боуз осудил насильственную мобилизацию в Харькове,"Специальная военная операция на Украине,В мире,Украина,Харьков,Чей Боуз,Владимир Зеленский,Европа"
В администрации Эрдогана высказались о втором раунде переговоров по Украине ,09:35 26.05.2025,https://ria.ru/20250526/dannye-2019051857.html,Офис Эрдогана: данных по дате и месту второго раунда переговоров по Украине нет ,"Специальная военная операция на Украине,Украина,В мире,Переговоры России и Украины в Стамбуле — 2025"
"У Украины закончились ракеты для зенитных батарей SAMP-T, пишет Monde ",09:35 26.05.2025,https://ria.ru/20250526/ukraina-2019051684.html,Monde: Киев остался без ракет для поставленных Западом SAMP-T и ЗРК Crotale,"Специальная военная операция на Украине,В мире,Украина,Россия,Италия,НАТО,Вооруженные силы Украины"
"Украина перестала быть приоритетом США, пишет Economist ",09:26 26.05.2025,https://ria.ru/20250526/ukraina-2019050949.html,Economist: Украина при Трампе превратилась в одного из многочисленных клиентов,"Специальная военная операция на Украине,В мире,США,Украина,Россия,Дональд Трамп,Владимир Зеленский,Сергей Лавров,НАТО"
Лидер Словении рассказала о работе ЕК над возобновлением диалога с Россией ,09:11 26.05.2025,https://ria.ru/20250526/dialoga-2019048553.html,Лидер Словении Мусар: ЕК подала сигнал о работе над восстановлением диалога с РФ,"Россия,Словения,Москва,Урсула фон дер Ляйен,Владимир Путин,Евросоюз,Еврокомиссия,В мире"
Эксперт прокомментировал сообщения об опечатанных отелях в Турции ,09:10 26.05.2025,https://ria.ru/20250526/oteli-2019048271.html,Координатор Санджар: данные о 4000 опечатанных отелях в Турции вызвали панику,"Турция,СНГ,В мире"
"""Все по-прежнему"". В США сделали неудобное признание о России ",09:05 26.05.2025,https://ria.ru/20250526/rossiya-2019047821.html,Макгрегор: США не могут повлиять на действия России на Украине,"Специальная военная операция на Украине,США,Россия,Украина,В мире"
Польша вторую ночь подряд поднимала авиацию из-за якобы активности России ,09:03 26.05.2025,https://ria.ru/20250526/polsha-2019047626.html,В Польше ночью подняли в небо авиацию из-за якобы активности России на Украине,"Специальная военная операция на Украине,Россия,Польша,Москва,Владимир Путин,НАТО,В мире"
Economist узнал о проблемах с ЗРК Patriot на Украине ,08:57 26.05.2025,https://ria.ru/20250526/ukraina-2019047000.html,Economist: ЗРК Patriot на Украине часто получают повреждения и ремонтируются,"Специальная военная операция на Украине,В мире,Россия,Украина,НАТО,Вооруженные силы Украины"
Российский посол высказался об отношении к памятникам в Молдавии ,08:53 26.05.2025,https://ria.ru/20250526/moldaviya-2019046477.html,"Посол Озеров: РФ надеется, что Молдавия не пойдет по пути борьбы с памятниками","В мире,Молдавия,Россия,Прибалтика,Олег Озеров,Майя Санду,80-летие Победы в Великой Отечественной войне"
Эксперт дал советы туристам после новостей об опечатанных отелях в Турции ,08:53 26.05.2025,https://ria.ru/20250526/tutsiya-2019046337.html,Координатор Санджар: гостям нужно уточнить ситуацию с конкретным отелем в Турции,"Турция,СНГ,В мире"
Источник: Фидан рассчитывает на встречу с Мединским и Нарышкиным в Москве ,08:50 26.05.2025,https://ria.ru/20250526/fidan--2019046220.html,Фидан рассчитывает на встречу с Мединским и Нарышкиным в ходе визита в Москву,"Москва,Турция,В мире"
"Стало известно, что ВСУ бросают в бой женщин-заключенных ",08:36 26.05.2025,https://ria.ru/20250526/ukraina-2019045040.html,ВСУ бросают в бой женщин-заключенных из-за нехватки личного состава,"Специальная военная операция на Украине,В мире,Сумская область,Вооруженные силы Украины"
"КНДР проводит ремонт эсминца, поврежденного при спуске на воду ",08:30 26.05.2025,https://ria.ru/20250526/tstak-2019044524.html,"ЦТАК: КНДР проводит ремонт эсминца, поврежденного при спуске на воду","КНДР (Северная Корея),В мире,Ким Чен Ын"
Посол в Молдавии прокомментировал обвинения в адрес российских СМИ ,08:15 26.05.2025,https://ria.ru/20250526/posol-2019043031.html,Посол Озеров: обвинения СМИ из РФ в Молдавии в дезинформации бездоказательны,"Олег Озеров,Евгения Гуцул,Молдавия,В мире"
Трамп и мировое глубинное государство. Раскол Запада ,08:00 26.05.2025,https://ria.ru/20250526/raskol-2018997442.html,None,"В мире,США,Россия,Китай,Дональд Трамп,Илон Маск,Александр Дугин,Аль-Каида,Евросоюз,Министерство обороны США,Аналитика"
СВО стала гарантией безопасности для Европы ,08:00 26.05.2025,https://ria.ru/20250526/evropa-2018993781.html,None,"Аналитика,В мире,Россия,Украина,Спецоперация,Европа"
Уникальная сделка: отдать территорию и еще заплатить за это ,08:00 26.05.2025,https://ria.ru/20250526/sdelka-2018990842.html,None,"Аналитика,В мире,Маврикий,Кир Стармер,Борис Джонсон,Великобритания"
"Украина получит все, что заслужила ",08:00 26.05.2025,https://ria.ru/20250526/ukraina-2018964467.html,None,"Аналитика,Украина,Россия,НАТО,В мире"
Социалисты получили более 80% голосов на парламентских выборах в Венесуэле ,07:49 26.05.2025,https://ria.ru/20250526/venesuela-2019041874.html,ЦИК Венесуэлы: социалисты получили более 80% голосов на парламентских выборах,"В мире,Венесуэла"
"Жертвами удара Израиля по школе в Газе стали 25 человек, сообщили СМИ ",07:44 26.05.2025,https://ria.ru/20250526/gaza-2019041680.html, Al-Jazeera: жертвами удара Израиля по школе в Газе стали 25 человек,"В мире,Израиль,Биньямин Нетаньяху,ХАМАС"
"Санкции против России могут стать предметом переговоров, сообщил источник ",07:33 26.05.2025,https://ria.ru/20250526/peregovory-2019041223.html,Санкции против России могут стать предметом переговоров,"В мире,Россия,Москва,Владимир Путин"
"""Без разбора"": журналист унизил Келлога после гнусных слов о России ",07:17 26.05.2025,https://ria.ru/20250526/kellog-2019040174.html,"Журналист Боуз: Келлог намеренно врет, пытаясь очернить Россию","В мире,Россия,США,Украина,Кит Келлог,Чей Боуз"
Кандидат в президенты Южной Кореи пообещал восстановить связь с КНДР ,07:13 26.05.2025,https://ria.ru/20250526/koreya-2019039964.html,Кандидат в президенты Южной Кореи Ли Чжэ Мён пообещал восстановить связь с КНДР,"В мире,КНДР (Северная Корея),Южная Корея,Корейский полуостров,Ким Чен Ын,Мун Чжэ Ин,Facebook"
"При стрельбе в Южной Каролине пострадали не менее 11 человек, сообщили СМИ ",06:59 26.05.2025,https://ria.ru/20250526/strelba-2019039700.html,ABC: при стрельбе в Южной Каролине пострадали не менее 11 человек,"В мире,Южная Каролина,США"
"""Умыл руки"": Запад всполошили новые нападки Трампа на Зеленского ",06:48 26.05.2025,https://ria.ru/20250526/tramp-2019039281.html,Профессор Сиракуса: Трамп решил выйти из переговоров по Украине,"В мире,США,Украина,Австралия,Владимир Зеленский,Дональд Трамп"
Источник: исключать продолжение переговоров России и США в Турции нельзя ,06:32 26.05.2025,https://ria.ru/20250526/peregovory-2019038836.html,Исключать продолжение переговоров России и США в Турции нельзя,"В мире,Россия,Турция,США"
Трампа жестко поставили на место после выпада в адрес России ,06:02 26.05.2025,https://ria.ru/20250526/tramp-2019037401.html,Шрайвер: критика со стороны Трампа не остановит ВС России на Украине,"В мире,Украина,Россия,США,Дональд Трамп"
Источник рассказал о закулисном переговорном процессе по Украине ,05:35 26.05.2025,https://ria.ru/20250526/turtsiya-2019036622.html,В Стамбуле продолжается закулисный переговорный процесс по Украине,"Специальная военная операция на Украине,В мире,Украина,Стамбул,Турция,Владимир Путин,Хакан Фидан,Переговоры России и Украины в Стамбуле — 2025,Владимир Мединский,Россия"
"""Выгодно Москве"": на Западе жестко высказались о Зеленском ",05:22 26.05.2025,https://ria.ru/20250526/zelenskiy-2019035942.html,Público: слабость дипломатии Зеленского укрепила отношения России и США,"В мире,Россия,США,Украина,Владимир Зеленский,Дональд Трамп"
"""Критиковал США"": в Штатах лишили Зеленского должности ",05:02 26.05.2025,https://ria.ru/20250526/zelenskiy-2019035024.html,New York Post назвал Владимира Зеленского премьер-министром Украины,"В мире,Украина,Россия,США,Владимир Зеленский"
Трамп резко высказался о Зеленском ,04:47 26.05.2025,https://ria.ru/20250526/tramp-2019033688.html,None,"Специальная военная операция на Украине,В мире,США,Россия,Украина,Дональд Трамп,Владимир Зеленский,Переговоры России и Украины в Стамбуле — 2025"
СМИ: Трамп-младший может стать кандидатом в президенты от республиканцев ,04:13 26.05.2025,https://ria.ru/20250526/tramp-2019032274.html,Hill: Трамп-младший может стать кандидатом в президенты от республиканцев,"В мире,Дональд Трамп,Дональд Трамп-младший,Марко Рубио,NBC"
Кандидат в президенты Южной Кореи оценил будущее отношений с Россией ,04:09 26.05.2025,https://ria.ru/20250526/koreya-2019032097.html,Ли Чжэ Мён: отношения Южной Кореи и России будут основаны на нацинтересах Сеула,"В мире,Россия,Южная Корея,Украина,Юн Сок Ель,Facebook,Гражданская сила"
Трамп раскритиковал Зеленского и выразил недовольство Россией ,03:56 26.05.2025,https://ria.ru/20250526/tramp-2019031850.html,"Трамп: высказывания Зеленского приводят к проблемам, ему лучше замолчать","Дональд Трамп,Владимир Зеленский,Россия,Украина,США,В мире"
СМИ: Израиль не планирует направлять делегацию на переговоры в Каир  ,03:31 26.05.2025,https://ria.ru/20250526/izrail-2019031184.html,Jerusalem Post: Израиль не планирует направлять делегацию на переговоры в Каир ,"В мире,Израиль,Каир (город),Биньямин Нетаньяху,ХАМАС"
СМИ: двадцать человек погибли при ударе Израиля по школе в Газе ,03:27 26.05.2025,https://ria.ru/20250526/gaza-2019030919.html,Reuters: двадцать человек погибли при ударе Израиля по школе в Газе,"В мире,Израиль,Биньямин Нетаньяху,ХАМАС"
"""Условия невыполнимы"": в Раде ужаснулись от кровавого замысла Зеленского ",03:23 26.05.2025,https://ria.ru/20250526/memorandum-2019030747.html,Дубинский: Зеленский планирует саботировать подписание меморандума с Россией,"В мире,Россия,Украина,Киев,Владимир Зеленский,Александр Дубинский"
"""Унизил"": поступок Трампа из-за Украины вызвал шок в Германии ",02:36 26.05.2025,https://ria.ru/20250526/tramp-2019029798.html,Zeit: Трамп хочет завершения украинского конфликта даже с потерями для Киева,"В мире,Украина,Киев,США,Дональд Трамп,Владимир Путин,Владимир Зеленский"
Трамп назвал причину потери американскими студентами мест в Гарварде ,02:30 26.05.2025,https://ria.ru/20250526/tramp-2019029677.html,Трамп: американцы теряют места в Гарварде из-за иностранных студентов,"В мире,США,Дональд Трамп,Гарвардский университет"
Трамп допустил введение новых санкций против России ,02:14 26.05.2025,https://ria.ru/20250526/tramp-2019029168.html,Трамп: США могут ввести санкции против России из-за ее действий на Украине,"В мире,Россия,США,Украина,Дональд Трамп,Владимир Путин,Санкции в отношении России"
Наблюдатель от России заявил об отсутствии нарушений на выборах в Венесуэле ,01:28 26.05.2025,https://ria.ru/20250526/venesuela-2019028391.html,Депутат Волоцков: выборы в Венесуэле проходят организованно и без нарушений,"В мире,Венесуэла,Россия,Каракас,Николас Мадуро,Госдума РФ"
"Трамп заявил, что верит в успех переговоров с Ираном по ядерной программе ",01:26 26.05.2025,https://ria.ru/20250526/tramp-2019028298.html,Трамп: с Ираном прошли очень хорошие переговоры в последние два дня,"В мире,Иран,Дональд Трамп,США,Нью-Джерси"
В Британии испугались ударов по Украине с применением тысячи БПЛА ,01:19 26.05.2025,https://ria.ru/20250526/britaniya-2019027985.html,The Economist: Россия сможет наносить удары по Украине с применением тысячи БПЛА,"В мире,Украина,Россия,США,Вооруженные силы Украины"
"""Сиди тихо"": в Киеве забили тревогу из-за мастерского хода Путина  ",01:13 26.05.2025,https://ria.ru/20250526/ukraina-2019027823.html,Соскин: Трамп просит Зеленского не злить Путина,"В мире,Киев,Украина,Россия,Дональд Трамп,Владимир Путин,Владимир Зеленский,Олег Соскин"
СМИ: Британия приступила к ренационализации железных дорог ,01:03 26.05.2025,https://ria.ru/20250526/britaniya-2019027106.html,ITV: Британия начала ренационализацию сети железных дорог,"В мире,Великобритания"
Министр внутренней безопасности США выразила поддержку Нетаньяху ,00:40 26.05.2025,https://ria.ru/20250526/ministr-2019026283.html,Министр внутренней безопасности США Кристи Ноэм выразила поддержку Нетаньяху,"В мире,США,Израиль,Иерусалим,Биньямин Нетаньяху,ООН,Обострение палестино-израильского конфликта в 2024 году"
Трамп сообщил о нападении на Уиткоффа ,00:28 26.05.2025,https://ria.ru/20250526/tramp-2019025677.html,Трамп: Стива Уиткоффа укусил лебедь во время игры в гольф,"В мире,США,Дональд Трамп,Стив Уиткофф"
Еще в двух украинских областях объявили воздушную тревогу ,23:59 25.05.2025,https://ria.ru/20250525/trevoga-2019023434.html,В Киевской и Черкасской областях Украины объявили воздушную тревогу,"Специальная военная операция на Украине,В мире,Россия,Черкасская область,Украина,Дмитрий Песков,Вооруженные силы Украины"
"Фон дер Ляйен заявила, что провела телефонный разговор с Трампом ",23:43 25.05.2025,https://ria.ru/20250525/ek-2019022691.html,Глава ЕК рассказала о разговоре с Трампом: на сделку с США нужно время до 9 июля,"В мире,США,Европа,Урсула фон дер Ляйен,Дональд Трамп,Евросоюз,Еврокомиссия,Введение Трампом пошлин на импорт"
В секторе Газа погибли два сотрудника МККК ,23:17 25.05.2025,https://ria.ru/20250525/mkkk-2019021641.html,МККК: два сотрудника Красного Креста погибли при ударе по их дому в секторе Газа,"В мире,Международный комитет Красного Креста (МККК),Обострение палестино-израильского конфликта в 2024 году,Израиль,Биньямин Нетаньяху,ХАМАС"
"Число больниц в секторе Газа сократилось до 17, сообщили в Минздраве ",23:14 25.05.2025,https://ria.ru/20250525/gaza-2019021402.html,Минздрав сектора Газы сообщил о сокращении числа больниц с 38 до 17,"В мире,Израиль,Северная Газа,Биньямин Нетаньяху,ХАМАС,Обострение палестино-израильского конфликта в 2024 году"
"""Вина американцев"": в США сделали шокирующее заявление об Украине ",23:03 25.05.2025,https://ria.ru/20250525/ssha-2019020606.html,Миршаймер обвинил США в развязывании и поддержании конфликта на Украине,"Специальная военная операция на Украине,В мире,Украина,Россия,Москва,Джон Миршаймер,НАТО,США"
"США попросили Израиль отложить операцию в секторе Газа, пишут СМИ ",23:00 25.05.2025,https://ria.ru/20250525/ssha-2019020427.html,Jerusalem Post: США попросили Израиль отложить операцию в секторе Газа,"В мире,Израиль,США,Биньямин Нетаньяху,ХАМАС,Обострение палестино-израильского конфликта в 2024 году"
"Трамп говорит страшные вещи и возвращается в XIX век, заявила Симоньян ",22:56 25.05.2025,https://ria.ru/20250525/simonjan-2019019998.html,Симоньян: многие переживают за жизнь Трампа из-за проводимой им политики США,"В мире,США,Россия,Дональд Трамп,Маргарита Симоньян,Владимир Соловьев (телеведущий),Санкции в отношении России"
"Не менее 13 человек погибли в из-за сильных дождей в Пакистане, пишут СМИ ",22:55 25.05.2025,https://ria.ru/20250525/pakistan-2019019715.html,Dawn: не менее 13 человек погибли в результате сильных дождей в Пакистане,"В мире,Пенджаб (Пакистан)"
Келлог выступил с призывом по Украине ,22:51 25.05.2025,https://ria.ru/20250525/kellog-2019019492.html,Келлог призвал к немедленному прекращению огня на Украине ,"Специальная военная операция на Украине,В мире,Украина,США,Кит Келлог,Вооруженные силы Украины,Вооруженные силы РФ,Россия"
В шести украинских областях объявили воздушную тревогу ,22:25 25.05.2025,https://ria.ru/20250525/trevoga-2019018194.html,"В Полтавской, Сумской и еще четырех областях Украины объявили воздушную тревогу","Специальная военная операция на Украине,В мире,Россия,Днепропетровская область,Украина,Вооруженные силы Украины"
"Правительство сектора Газа рассказало, какую территорию контролирует ЦАХАЛ ",22:02 25.05.2025,https://ria.ru/20250525/izrail-2019016031.html,Правительство сектора Газа: Израиль контролирует 77% территории,"В мире,Израиль,Биньямин Нетаньяху,ХАМАС,ООН,Международный уголовный суд,Обострение палестино-израильского конфликта в 2024 году"
В Венесуэле высказались о ситуации на выборах в стране ,21:58 25.05.2025,https://ria.ru/20250525/venesuela-2019015826.html,Вице-президент Родригес: венесуэльские избиратели поддерживают защиту Эссекибо,"В мире,Гайана,Венесуэла,Эссекибо,Делси Родригес,ООН,Exxon Mobil,Содружество наций"
При стрельбе в Колорадо пострадали не менее шести человек ,21:51 25.05.2025,https://ria.ru/20250525/kolorado-2019015455.html,"При стрельбе в Колорадо ранены 6 человек, один из них в критическом состоянии","В мире,Колорадо-Спрингс,Колорадо"
"В Газе за двое суток при израильских атаках погибли 11 детей, сообщают СМИ  ",21:49 25.05.2025,https://ria.ru/20250525/izrail-2019015294.html,Al Jazeera: не менее 11 детей погибли при израильских атаках за 48 часов,"В мире,Обострение палестино-израильского конфликта в 2024 году,Израиль,Сектор Газа,Палестина"
"""Настала очередь"": на Западе предупредили Украину из-за России ",21:34 25.05.2025,https://ria.ru/20250525/ukraina-2019014120.html,"Малинен: если Киев не остановит конфликт, он нагрянет в дом каждого украинца","Специальная военная операция на Украине,В мире,Украина,Россия,Москва,Туомас Малинен,Владимир Путин"
"Штурмовик рассказал, как ВСУ готовили линию обороны в Романовке ",21:25 25.05.2025,https://ria.ru/20250525/vsu-2019013951.html,ВСУ применяли натовскую технику для подготовки линии обороны в Романовке в ДНР,"Специальная военная операция на Украине,В мире,Донецкая Народная Республика,Константиновка,Славянск,НАТО,Вооруженные силы Украины,Министерство обороны РФ (Минобороны РФ)"
На Украине появились билборды с призывом поддержать Зеленского молитвой ,21:17 25.05.2025,https://ria.ru/20250525/zelenskiy-2019013421.html,Билборды с призывом поддержать Зеленского молитвой начали появляться на Украине,"В мире,Украина,США,Хмельницкая область,Владимир Зеленский,Дональд Трамп"
Германия хочет запретить въезд семьям беженцев ,21:10 25.05.2025,https://ria.ru/20250525/germanija-2019012656.html,Bild: в Германии хотят приостановить на два года воссоединение семей беженцев,"В мире,Германия,Сирия,Афганистан,Александр Добриндт,Фридрих Мерц,Bild"
Вице-спикер парламента Словакии поддержал защиту памятника советским воинам ,21:05 25.05.2025,https://ria.ru/20250525/vitse-spiker-2019012138.html,Вице-спикер парламента Словакии поддержал петицию за охрану советского памятника,"В мире,Словакия,Кошице,Россия,Андрей Данко,Facebook"
В правящей партии Турции надеются на избрание Эрдогана на новый срок ,21:00 25.05.2025,https://ria.ru/20250525/erdogan-2019011458.html,Партия справедливости и развития Турции рассчитывает на переизбрание Эрдогана,"В мире,Турция,Мугла (провинция),Стамбул,Реджеп Тайип Эрдоган,Экрем Имамоглу"
Россия поставила в Афганистан крупную партию гуманитарной помощи ,20:58 25.05.2025,https://ria.ru/20250525/rossiya-2019011688.html,Россия передала ВПП ООН крупную партию гуманитарной помощи для Афганистана,"В мире,Россия,Афганистан,Балх,ООН"
Анархисты взяли ответственность за повреждение электросети на юге Франции ,20:48 25.05.2025,https://ria.ru/20250525/frantsiya-2019010260.html,Две группы анархисты взяли ответственность за обесточивание домов во Франции,"В мире,Франция,Приморские Альпы,Украина"
У берегов Индии затонул контейнеровоз с опасным грузом ,20:44 25.05.2025,https://ria.ru/20250525/indiya-2019010064.html,В Индии объявили тревогу из-за затонувшего контейнеровоза с тоннами нефти,"В мире,Индия,Россия,Филиппины,Грузия,Украина,Керала"
Эрдоган заявил о важности обмена разведданными между Турцией и Пакистаном ,20:28 25.05.2025,https://ria.ru/20250525/turtsiya-2019008880.html,Эрдоган: обмен разведданными для борьбы с терроризмом выгоден Пакистану и Турции,"В мире,Пакистан,Индия,Стамбул,Реджеп Тайип Эрдоган"
"""Липовая угроза"". Выпад Финляндии в адрес России вызвал гнев в Сети ",20:20 25.05.2025,https://ria.ru/20250525/finlyandiya-2019007983.html,None,"Россия,Финляндия,Европа,Владимир Путин,Дмитрий Киселев,НАТО,В мире"
Пушилин рассказал о продвижении российских войск в ДНР ,20:15 25.05.2025,https://ria.ru/20250525/spetsoperatsiya-2019007747.html,"Пушилин сообщил, что ВС России продвинулись на нескольких направлениях в ДНР","Специальная военная операция на Украине,Донецкая Народная Республика,Вооруженные силы РФ,Денис Пушилин,В мире,Днепропетровская область"
В Италии призвали не отказываться от Ватикана как места диалога по Украине ,20:07 25.05.2025,https://ria.ru/20250525/vatikan-2019006886.html,Италия призвала не ставить крест на Ватикане как месте переговоров РФ и Украины,"В мире,Ватикан,Украина,Россия,Антонио Таяни,Дональд Трамп,Владимир Зеленский,МИД Италии"
"Спецоперация, 25 мая: российские войска освободили Романовку в ДНР ",20:03 25.05.2025,https://ria.ru/20250525/spetsoperatsiya-2019006191.html,None,"Специальная военная операция на Украине,Россия,Украина,Курская область,Владимир Путин,Александр Фомин,Дмитрий Медведев,Вооруженные силы Украины,G7,F-16,В мире"
Премьер Испании призвал ввести эмбарго на продажу оружия Израилю ,19:59 25.05.2025,https://ria.ru/20250525/embargo-2019005894.html,Альбарес призвал ввести эмбарго на продажу оружия Израилю из-за операции в Газе,"В мире,Израиль,Испания,Мадрид,Хосе Мануэль Альбарес,Кайя Каллас,Биньямин Нетаньяху,Евросоюз,ХАМАС,Обострение палестино-израильского конфликта в 2024 году"
"Израиль и Палестина: история, причины и возможные последствия конфликта ",19:55 25.05.2025,https://ria.ru/20250525/konflikt-1915630213.html,None,"В мире,Палестина,Израиль,Россия,Владимир Путин,Исмаил Хания,Сергей Лавров,ХАМАС,ООН,Государственный университет управления,Обострение палестино-израильского конфликта в 2023 году,Обострение палестино-израильского конфликта в 2024 году"
"Военнослужащие, возвращенные из украинского плена, прибыли в Подмосковье ",19:39 25.05.2025,https://ria.ru/20250525/vsu-2019004707.html,"В Подмосковье сели самолеты с военнослужащими, вернувшимися из плена ВСУ","Специальная военная операция на Украине,Москва,Россия,Московская область (Подмосковье),Стамбул,Вооруженные силы Украины,В мире,Украина,Владимир Путин"
МИД Ирана выразил протест поверенному посольства Франции ,19:37 25.05.2025,https://ria.ru/20250525/iran-2019004401.html,МИД Ирана вызвал поверенного посольства Франции и выразил ему протест,"В мире,Франция,Западная Европа,Тегеран (город),Жан-Ноэль Барро,Джафар Панахи,МИД Ирана"
В Грузии 26 мая отпразднуют День независимости ,19:34 25.05.2025,https://ria.ru/20250525/tbilisi-2019004224.html,Празднование Дня независимости пройдет 26 мая в Тбилиси и других городах Грузии,"В мире,Тбилиси,Грузия,Гори,Ираклий Кобахидзе"
Глава ОАГ: прекращение торговли Латинской Америки с КНР станет катастрофой ,19:25 25.05.2025,https://ria.ru/20250525/oag-2019003003.html,Альмагро: прекращение торговли с КНР обернется катастрофой для Латинской Америки,"В мире,США,Латинская Америка,Китай,Луис Альмагро,Дональд Трамп,Пит Хегсет,Организация американских государств,Министерство обороны США"
Пушков высказался о действиях евролибералов ,19:24 25.05.2025,https://ria.ru/20250525/es-2019002810.html,Пушков: евролибералы сами провоцируют взрывные настроения в Европе,"Европа,Северная Африка,США,Алексей Пушков,Камала Харрис,Совет Федерации РФ,В мире"
Президент Гайаны заявил о готовности защищать спорный регион Эссекибо ,19:16 25.05.2025,https://ria.ru/20250525/gayana-2019001293.html,Президент Гайаны Али: военные страны будут защищать спорный регион Эссекибо,"В мире,Эссекибо,Венесуэла,Гайана,ООН"
"""Все претендуют"": в США раскрыли коварные планы Европы по Украине ",19:15 25.05.2025,https://ria.ru/20250525/evropa-2019001737.html,Макгрегор: европейские страны претендуют на территорию Западной Украины,"В мире,США,Украина,Россия,Сергей Нарышкин,Польша,Венгрия,Румыния,Молдавия,Литва,Служба внешней разведки Российской Федерации (СВР России),Европа"
В Мадриде прошли протесты за улучшение в сфере здравоохранения ,19:14 25.05.2025,https://ria.ru/20250525/madrid-2019001473.html,Europa Press: 30 тысяч человек вышли на акцию в Мадриде за улучшения в медицине,"В мире,Мадрид,Кальяо (регион),Испания,Podemos"
Уганда приостановила военное сотрудничество с ФРГ ,18:35 25.05.2025,https://ria.ru/20250525/frg-2018998892.html,Monitor: Уганда приостановила военное сотрудничество с ФРГ из-за немецкого посла,"В мире,Уганда,Германия,Берлин (город)"
Баку выступил за урегулирование конфликта на Украине политическим путем ,18:26 25.05.2025,https://ria.ru/20250525/ukraina-2018997111.html,Байрамов: Баку выступает за политическое урегулирование конфликта на Украине,"В мире,Украина,Россия,Стамбул,Джейхун Байрамов,Владимир Мединский,Владимир Путин,Переговоры России и Украины в Стамбуле — 2025"
Зеленский ввел санкции против десяти физических лиц ,18:26 25.05.2025,https://ria.ru/20250525/zelenskij-2018996917.html,"Зеленский ввел санкции против 10 физлиц, в их числе помощник главы Чечни Дудаев","Украина,Кипр,Нидерланды,Владимир Зеленский,Рамзан Кадыров,Ахмед Дудаев,Мотор Сич,В мире,Санкции"
Главы МИД стран АСЕАН провели встречу по подготовке саммита региона ,17:55 25.05.2025,https://ria.ru/20250525/mid-2018994688.html,Главы МИД стран АСЕАН провели встречу в Малайзии по подготовке саммита региона,"В мире,Малайзия,Таиланд,Мьянма,Экономическое сообщество АСЕАН"
Медведев рассказал о возможной буферной зоне на Украине ,17:43 25.05.2025,https://ria.ru/20250525/ukraina-2018994019.html,"Медведев: если помощь Киеву продолжат, буферная зона займет почти всю Украину","Специальная военная операция на Украине,Украина,Россия,Польша,Дмитрий Медведев,Сергей Лавров,Владимир Путин,НАТО,В мире"
В Киеве и семи украинских областях объявили воздушную тревогу ,17:33 25.05.2025,https://ria.ru/20250525/trevoga-2018992966.html,"В Киеве, Киевской, Сумской и еще 5 областях Украины объявили воздушную тревогу","Специальная военная операция на Украине,В мире,Киев,Россия,Украина,Дмитрий Песков,Вооруженные силы Украины"
В Швейцарских Альпах нашли тела пяти туристов ,17:24 25.05.2025,https://ria.ru/20250525/alpy-2018991862.html,"В Швейцарских Альпах нашли тела пяти туристов, их личности устанавливаются","Вале (кантон),Швейцария,В мире"
"ПВО сбила третий беспилотник, летевший на Москву ",17:17 25.05.2025,https://ria.ru/20250525/moskva-2018991361.html,"Собянин: силы ПВО сбили третий беспилотник, летевший на Москву","Москва,Происшествия,В мире,БПЛА"
"Сторонники Трампа заполоняют госдеп, пишут СМИ ",17:15 25.05.2025,https://ria.ru/20250525/tramp-2018990337.html,"FT: сторонники Трампа заполоняют госдеп, дипломаты подвергаются чисткам","В мире,США,Вашингтон (штат),Дональд Трамп"
Посол Экваториальной Гвинеи рассказал о работе российской дипмиссии ,17:06 25.05.2025,https://ria.ru/20250525/posol-2018989356.html,Посол Экваториальной Гвинеи Айекаба: российская дипмиссия в стране уже работает,"В мире,Россия,Экваториальная Гвинея,Сергей Лавров"
Аэропорт Внуково ввел ограничения для воздушных судов ,16:51 25.05.2025,https://ria.ru/20250525/aeroport-2018987329.html,Аэропорт Внуково ввел ограничения на прием и выпуск воздушных судов,"Внуково (аэропорт),В мире,Происшествия"
На Запорожской АЭС прошла ротация наблюдателей МАГАТЭ ,16:37 25.05.2025,https://ria.ru/20250525/zaes-2018986330.html,На Запорожскую АЭС прибыла 28-я команда наблюдателей МАГАТЭ,"В мире,Россия,Запорожская область,Днепр (город),Рафаэль Гросси,МАГАТЭ,Запорожская АЭС,Федеральная служба войск национальной гвардии РФ (Росгвардия)"
Экваториальная Гвинея пригласила российских бизнесменов и деятелей культуры ,16:36 25.05.2025,https://ria.ru/20250525/rossiya-2018985868.html,Посол Экваториальной Гвинеи Ндонг Айекаба пригласил российские компании в страну,"Экваториальная Гвинея,Россия,Газпром,Роснефть,В мире"
"Европа ожидает страшные вести от США, пишут СМИ ",16:12 25.05.2025,https://ria.ru/20250525/evropa-2018982348.html,Handelsblatt: ЕС ожидает скорого объявления о сокращении войск США в Европе,"В мире,Европа,США,Германия,Фридрих Мерц,Бен Ходжес,Дональд Трамп,Евросоюз,НАТО"
Каллас сделала резкое заявление о России после ударов по ВПК Украины ,16:05 25.05.2025,https://ria.ru/20250525/kallas-2018981269.html,Каллас хочет усилить международное давление на Россию,"В мире,Россия,Москва,Украина,Владимир Путин,Кайя Каллас"
"Израиль теряет союзников среди западных стран, пишут СМИ ",15:52 25.05.2025,https://ria.ru/20250525/izrail-2018979677.html,Axios: Израиль теряет союзников среди западных стран из-за операции в Газе,"В мире,Израиль,Франция,Великобритания,Биньямин Нетаньяху,Кайя Каллас,ХАМАС,Евросоюз,Обострение палестино-израильского конфликта в 2024 году"
В центре запорожской Васильевки обнаружили подозрительный предмет ,15:44 25.05.2025,https://ria.ru/20250525/vasilevka-2018978803.html,Рогов: в центре Васильевки в Запорожской области нашли подозрительный предмет,"Специальная военная операция на Украине,В мире,Россия,Запорожская область,Днепр (город),Владимир Рогов"
Фицо посетит Армению с официальным визитом ,15:34 25.05.2025,https://ria.ru/20250525/armeniya-2018977662.html,Фицо посетит Армению с официальным визитом 25—27 мая,"В мире,Армения,Словакия,Роберт Фицо,Никол Пашинян,Ваагн Хачатурян"
Афганистан отверг призыв к созданию инклюзивного правительства ,15:15 25.05.2025,https://ria.ru/20250525/afganistan-2018975972.html,Афганистан отверг призыв ОТГ к созданию инклюзивного правительства,"В мире,Афганистан,Азербайджан,Казахстан,ООН,Талибан"
Губернатор Орловской области назвал число сбитых БПЛА над регионом за май ,15:12 25.05.2025,https://ria.ru/20250525/bpla-2018975434.html,Губернатор Орловской области Клычков: за май над регионом сбили 248 БПЛА,"Специальная военная операция на Украине,Орловская область,В мире,Россия,Украина,Андрей Клычков,Владимир Мединский,Дональд Трамп"
В Амстердаме прошла демонстрация за мир между Россией и Украиной ,15:12 25.05.2025,https://ria.ru/20250525/amsterdam-2018975240.html,В Амстердаме десятки человек вышли на демонстрацию за мир между РФ и Украиной,"В мире,Украина,Россия,Нидерланды"
"Пленный солдат ВСУ рассказал, как сослуживцы пытались его убить ",14:59 25.05.2025,https://ria.ru/20250525/vsu-2018973526.html,"Военнослужащий ВСУ рассказал, как сослуживцы открыли огонь по сдавшимся в плен","В мире,Россия,Вооруженные силы Украины"
"Тори могут снять с поста своего лидера к ноябрю, пишут СМИ ",14:57 25.05.2025,https://ria.ru/20250525/britaniya-2018973310.html,Express: консерваторы могут снять Баденок с поста лидера к ноябрю,"В мире,Технологии,Великобритания,Кеми Баденок,Борис Джонсон,Sun,Лейбористская партия Великобритании"
Захарова высказалась о выходке с российским триколором в Грузии ,14:50 25.05.2025,https://ria.ru/20250525/zaharova-2018972920.html,Захарова: в России дадут оценку выходке с российским триколором в Грузии,"В мире,Россия,Грузия,Тбилиси,Мария Захарова,Николай Цискаридзе,Мелитон Кантария"
Российская ПВО уничтожила еще один украинский БПЛА над Курской областью ,14:30 25.05.2025,https://ria.ru/20250525/bpla-2018970783.html,МО: ПВО уничтожила еще один украинский беспилотник над Курской областью,"Безопасность,Курская область,Министерство обороны РФ (Минобороны РФ),В мире"
Путин запланировал встречу с представителями бизнеса ,14:25 25.05.2025,https://ria.ru/20250525/putin-2018970549.html,В День предпринимательства Путин запланировал встречу с представителями бизнеса,"Россия,Владимир Путин,Павел Зарубин,В мире"
"""Наш ответ"". В Литве выступили с дерзким планом против России ",14:22 25.05.2025,https://ria.ru/20250525/litva-2018969839.html,Глава МИД Литвы Будрис призвал изолировать Россию после ударов по ВПК Украины,"Россия,Украина,Литва,Владимир Путин,В мире"
Министр горнодобывающей промышленности Сьерра-Леоне прибудет на ПМЭФ ,14:21 25.05.2025,https://ria.ru/20250525/pmef-2018969419.html,Министр горнодобывающей промышленности Сьерра-Леоне Маттай прибудет на ПМЭФ,"Сьерра-Леоне,Россия,В мире,ПМЭФ"
Косово примет один из этапов военных учений под эгидой США ,14:15 25.05.2025,https://ria.ru/20250525/kosovo-2018968563.html,Мачедончи: Косово примет один из этапов военных учений Defender Europe 2025,"В мире,США,Косово,Германия,Александр Вучич,НАТО,ООН"
На ЗАЭС сообщили об артобстреле станции в день ротации инспекторов МАГАТЭ ,14:11 25.05.2025,https://ria.ru/20250525/zaes-2018968140.html,ЗАЭС: ВСУ вели артобстрел рядом со станцией в день ротации инспекторов МАГАТЭ,"Специальная военная операция на Украине,Вооруженные силы Украины,МАГАТЭ,Запорожская АЭС,В мире,Энергодар"
Британия попытается убедить Канаду не вовлекать короля в конфликт с Трампом ,14:08 25.05.2025,https://ria.ru/20250525/britaniya-2018967634.html,Times: Британия пытается убедить Канаду не вовлекать короля в конфликт с Трампом,"В мире,Канада,США,Великобритания,Дональд Трамп,Карл III,Марк Карни,Содружество наций"
Нидерланды отправят Украине последнюю партию истребителей F-16 ,14:02 25.05.2025,https://ria.ru/20250525/niderlandy-2018967253.html,Нидерланды отправят Украине 26 мая последние из 24 обещанных ей F-16,"Специальная военная операция на Украине,В мире,Украина,Россия,Нидерланды,Сергей Лавров,НАТО,F-16"
Захарова прокомментировала нападение на посольство России в Швеции ,13:58 25.05.2025,https://ria.ru/20250525/posolstvo-2018966457.html,Захарова: Швеция в понедельник получит ноту из-за нападения на посольство РФ,"В мире,Россия,Швеция,Стокгольм (город),Мария Захарова"
"Алиев заявил, что Баку продолжит оказывать гумпомощь Киеву ",13:44 25.05.2025,https://ria.ru/20250525/azerbajdzhan-2018964699.html,Алиев: Азербайджан продолжит оказывать гуманитарную помощь Украине,"Специальная военная операция на Украине,В мире,Украина,Азербайджан,Баку,Ильхам Алиев,Андрей Сибига,Переговоры России и Украины в Стамбуле — 2025,Киев"
В Минобороны прокомментировали обмен пленными между Россией и Украиной ,13:40 25.05.2025,https://ria.ru/20250525/svo-2018964368.html,Фомин: обмен пленными между Россией и Украиной поможет урегулированию,"Специальная военная операция на Украине,Украина,Стамбул,Россия,Переговоры России и Украины в Стамбуле — 2025,В мире,Белоруссия,Александр Фомин"
Хуситы ударили по аэропорту Бен-Гурион в Израиле ,13:36 25.05.2025,https://ria.ru/20250525/ben-gurion-2018964008.html,Хуситы заявили о ракетной атаке по аэропорту Бен-Гурион в Израиле,"В мире,Израиль"
В Варшаве проходят марши в поддержку кандидатов в президенты ,13:35 25.05.2025,https://ria.ru/20250525/varshava-2018963753.html,В Варшаве проходят марши в поддержку Тшасковского и Навроцкого,"В мире,Польша,Варшава,Румыния,Рафал Тшасковски,Кароль Навроцкий,Дональд Туск,Президентские выборы в Польше — 2025"
Лавров и Фидан обсудят нормализацию обстановки в Закавказье ,13:07 25.05.2025,https://ria.ru/20250525/fidan-2018960881.html,Лавров и Фидан в Москве обсудят нормализацию обстановки в Закавказье,"В мире,Россия,Закавказье,Москва,Сергей Лавров,Хакан Фидан,АЭС ""Аккую"",Голубой поток,Турецкий поток"
"Информации о новом раунде переговоров с Украиной пока нет, сообщил источник ",12:59 25.05.2025,https://ria.ru/20250525/istochnik-2018960264.html,Решений по месту и срокам нового раунда переговоров с Украиной пока не принимали,"В мире,Россия,Украина,Стамбул,Хакан Фидан,Владимир Путин,Дмитрий Песков"
"Группировка ""Восток"" за сутки уничтожила до 165 боевиков ВСУ ",12:45 25.05.2025,https://ria.ru/20250525/svo-2018959136.html,"МО: группировка ""Восток"" за сутки уничтожила до 165 боевиков ВСУ, РСЗО ""Град"" ","Специальная военная операция на Украине,Россия,Вооруженные силы Украины,В мире,Запорожская область,Донецкая Народная Республика,Отрадное,Министерство обороны РФ (Минобороны РФ)"
"Группировка ""Север"" за сутки уничтожила до 220 боевиков ВСУ ",12:40 25.05.2025,https://ria.ru/20250525/svo-2018958490.html,МО: ВСУ потеряли до 220 военных на Харьковском и Харьковском направлениях,"Специальная военная операция на Украине,Россия,Вооруженные силы Украины,В мире,Украина,Алексеевка"
Появилось видео завершающего обмена пленными 1000 на 1000 с Украиной ,12:38 25.05.2025,https://ria.ru/20250525/svo-2018958111.html,Минобороны показало видео последнего этапа обмена пленными 1000 на 1000 человек,"Специальная военная операция на Украине,Россия,В мире,Стамбул,Украина,Переговоры России и Украины в Стамбуле — 2025,Вооруженные силы Украины"
СМИ: в Женеве заговорили о новом раунде российско-украинских переговоров ,12:22 25.05.2025,https://ria.ru/20250525/sojuzniki-2018956802.html,Repubblica: союзники Киева обсудили с Ермаком новый раунд переговоров с Москвой,"Специальная военная операция на Украине,В мире,Россия,Украина,Швейцария,Владимир Зеленский,Дональд Трамп,Сергей Лавров,G7,НАТО,ООН"
МИД России рассказал о предстоящем визите Фидана в Москву ,12:22 25.05.2025,https://ria.ru/20250525/fidan-2018956696.html,МИД: Фидан во время визита в Москву обсудит с Лавровым переговоры по Украине,"Россия,Москва,Украина,Турция,В мире"
На посольство России в Швеции сбросили емкость с краской ,12:18 25.05.2025,https://ria.ru/20250525/posolstvo-2018956233.html,На посольство России в Швеции с дрона сбросили емкость с краской,"В мире,Россия,Швеция,Мария Захарова"
"Портнова могли убить западным оружием, пишет Pais ",12:07 25.05.2025,https://ria.ru/20250525/janukovich-2018955246.html,Pais: экс-советника Януковича Портнова могли убить с помощью западного оружия,"Испания,Украина,Мадрид,Андрей Портнов (политик),Виктор Янукович,Анатолий Шарий,Убийство Андрея Портнова в Испании,В мире"
Андрей Келин: британские дипломаты разучились говорить без ультиматумов ,12:00 25.05.2025,https://ria.ru/20250525/kelin-2018812916.html,None,"Интервью,В мире,Лондон,Россия,Украина,Андрей Келин,Борис Джонсон,Совет Европы,НАТО,Владимир Зеленский"
"США планируют вывести значительную часть войск из Сирии, сообщили СМИ ",11:59 25.05.2025,https://ria.ru/20250525/ssha-2018954835.html,Turkiye: США планируют вывести значительную часть войск из Сирии,"В мире,США,Сирия,Ближний Восток,Дональд Трамп,Реджеп Тайип Эрдоган"
"В Израиле перехватили ракету, запущенную из Йемена ",11:27 25.05.2025,https://ria.ru/20250525/izrail-2018952793.html,"ЦАХАЛ сообщил о перехвате ракеты, запущенной хуситами из Йемена","В мире,Израиль,Йемен,Иерусалим,Ансар Алла,Обострение палестино-израильского конфликта в 2024 году"
В США пришли к мрачному выводу после ракетного удара по Одессе ,11:23 25.05.2025,https://ria.ru/20250525/odessa-2018952616.html,MWM: поставки оружия для ВСУ по морю сократятся после удара по контейнеровозу,"В мире,Одесса,Украина,Россия,США"
В ЛНР три человека пострадали от атак украинских БПЛА ,11:22 25.05.2025,https://ria.ru/20250525/svo-2018952461.html,Мирошник: три жителя Кременной в ЛНР пострадали от атак украинских БПЛА за сутки,"Специальная военная операция на Украине,В мире,Кременная,Луганская Народная Республика,Россия,Родион Мирошник"
"Турция планирует создать в Сирии военные базы, сообщили СМИ ",10:57 25.05.2025,https://ria.ru/20250525/turtsija-2018950662.html,Turkiye: Турция хочет создать в Сирии военные базы для борьбы с терроризмом,"В мире,Сирия,Турция,Анкара (провинция),Реджеп Тайип Эрдоган,Дональд Трамп"
В восьми областях Украины объявили воздушную тревогу ,10:31 25.05.2025,https://ria.ru/20250525/ukraina-2018949703.html,В Киевской и еще семи областях Украины объявили воздушную тревогу,"В мире,Россия,Украина,Киевская область,Дмитрий Песков,Вооруженные силы Украины"
Келин рассказал об исторической памяти британцев об отношениях с СССР ,10:12 25.05.2025,https://ria.ru/20250525/britanija-2018948867.html,"Келин: в Британии остались люди, которые помнят о союзничестве с СССР","В мире,Россия,Великобритания,Андрей Келин"
"Вступление Украины в ЕС приведет к истощению ресурсов, заявил Орбан ",10:06 25.05.2025,https://ria.ru/20250525/orban-2018947151.html,Орбан: вступление Украины в ЕС откроет дверь к иссушению ресурсов блока,"В мире,Украина,Венгрия,Киев,Виктор Орбан,Евросоюз"
"""У Хельсинки"". В Финляндии забили тревогу из-за плана НАТО против России ",09:59 25.05.2025,https://ria.ru/20250525/finlyandiya-2018944049.html,"Малинен: НАТО может устроить провокацию в Финляндии, обвинив в этом Россию","Финляндия,Россия,Москва,Туомас Малинен,НАТО,В мире,Владимир Путин"
Трамп потребовал от Гарварда данные по иностранным студентам ,09:48 25.05.2025,https://ria.ru/20250525/tramp-2018943204.html,Трамп потребовал от Гарварда данные по обучающимся в нем иностранным студентам,"В мире,США,Ближний Восток,Израиль,Дональд Трамп,Гарвардский университет,ХАМАС"
При украинском обстреле Каховки пострадали пять человек ,09:40 25.05.2025,https://ria.ru/20250525/vsu-2018943039.html,"ВСУ за сутки нанесли 40 ударов по Каховке, пять человек пострадали","Специальная военная операция на Украине,В мире,Каховка,Днепр (город),Херсонская область,Вооруженные силы Украины"
"Судьи в США опасаются, что Трамп может лишить их охраны, пишут СМИ ",09:34 25.05.2025,https://ria.ru/20250525/tramp-2018942654.html,"WSJ: ряд федеральных судей в США опасаются, что Трамп может лишить их охраны","В мире,США,Дональд Трамп,Илон Маск"
Остров людоедов: шокирующая история исчезновения наследника Рокфеллеров ,09:25 25.05.2025,https://ria.ru/20250525/rokfeller-2018719191.html,None,"Общество,В мире,Наука"
Путин поздравил африканских лидеров с Днем Африки ,09:11 25.05.2025,https://ria.ru/20250525/afrika-2018940945.html,Путин: Россия выступает за расширение дружественных отношений со странами Африки,"Россия,Африка,Владимир Путин,В мире"
Польша подняла авиацию из-за якобы активности России ,08:54 25.05.2025,https://ria.ru/20250525/polsha-2018940112.html,Польша подняла авиацию из-за якобы активности России на Украине,"В мире,Польша,Россия,Украина"
"СМИ сообщили о провале плана Киева, подготовленного для ВСУ ",08:53 25.05.2025,https://ria.ru/20250525/plan-2018939986.html,WSJ: план Киева по набору молодых новобранцев в ВСУ по контракту провалился,"В мире,Украина,Владимир Зеленский,Вооруженные силы Украины"
"ДР Конго может заключить  с США сделку по минеральным ресурсам, пишут СМИ ",08:45 25.05.2025,https://ria.ru/20250525/drk-2018939490.html,FT: ДРК к концу июня может заключить с США сделку по минеральным ресурсам,"В мире,США,Руанда,Россия,Василий Небензя,ООН,Демократическая Республика Конго"
Россия им больше не страшна: Украина открыла второй фронт ,08:00 25.05.2025,https://ria.ru/20250525/ukraina-2018680962.html,Политолог Дудчак: украинская правящая элита начала борьбу за ресурсы,"В мире,Украина,Киев,Россия,Андрей Портнов (политик),Владимир Зеленский,Петр Порошенко,Блок Юлии Тимошенко"
СМИ: ВСУ начали использовать на передовой старые рыболовные сети ,07:15 25.05.2025,https://ria.ru/20250525/vsu-2018935721.html,"Yle: ВСУ начали использовать рыболовные сети, подаренные Швецией и Финляндией","В мире,Киев,Дания,Швеция,Вооруженные силы Украины"
Дерзкого эстонского депутата поставили на место после угроз в адрес России ,06:42 25.05.2025,https://ria.ru/20250525/ugroza-2018934618.html,"Журналист Боуз: угрожая России, Эстония компенсирует свою никчемность","В мире,Россия,Москва,Украина,Чей Боуз,Евросоюз"
КНДР призвала США отказаться от агрессивных намерений ,06:29 25.05.2025,https://ria.ru/20250525/kndr-2018934459.html,ЦТАК: Минобороны КНДР призвало США отказаться от агрессивных намерений,"В мире,США,КНДР (Северная Корея),Пхеньян"
В Германии запаниковали после признаний украинских боевиков ,05:35 25.05.2025,https://ria.ru/20250525/ukraina-2018932342.html,BZ: заявления украинских военных обнажили серьезные проблемы Киева,"В мире,Украина,Германия,Киев,Валерий Залужный,Владимир Зеленский,Вооруженные силы Украины"
"""Зовите это капитуляцией"": в США назвали точку невозврата для Киева ",05:29 25.05.2025,https://ria.ru/20250525/tramp-2018932111.html,Политик Форбс: выход Трампа из будущих переговоров станет капитуляцией Киева,"В мире,Украина,Россия,Москва,Дональд Трамп,Владимир Путин,Владимир Мединский,НАТО,Forbes"
В КНДР арестовали трех человек после аварии при спуске эсминца ,05:26 25.05.2025,https://ria.ru/20250525/kndr-2018931877.html,ЦТАК: в КНДР арестовали трех человек после аварии при спуске эсминца,"В мире,КНДР (Северная Корея),Ким Чен Ын"
"СМИ: автобус со студентами попал в ДТП в Колумбии, погибли 11 человек ",04:56 25.05.2025,https://ria.ru/20250525/kolumbiya-2018930747.html,"RCN: студенческий автобус попал в ДТП на западе Колумбии, погибли 11 человек","В мире,Киндио,Происшествия,Колумбия"
"""Заставим подчиниться"": в США сделали дерзкий выпад в адрес России ",04:32 25.05.2025,https://ria.ru/20250525/rossiya-2018930602.html,Джонсон: Западу не удалось взять Россию под контроль и навязать свои условия,"В мире,Россия,Москва,Европа,Владимир Путин,Дональд Трамп,Ларри Джонсон"
"""Надо остановить"": на Западе сделали заявление после ударов российских БПЛА ",04:02 25.05.2025,https://ria.ru/20250525/zapad-2018930237.html,Подполковник Дэвис: успехи российских БПЛА приближают поражение Украины,"В мире,Украина,Россия,Владимир Зеленский,Дэниел Дэвис,Артем Дмитрук,НАТО,Верховная Рада Украины"
Япония без предупреждения открыла огонь неподалеку от границы России ,02:52 25.05.2025,https://ria.ru/20250525/strelba-2018927826.html,Yomiuri: береговая охрана Японии без уведомления начала стрельбу возле Кунашира,"В мире,Россия,Япония,Кунашир (остров)"
СМИ: сбой связи вертолета нарушил посадку самолетов в Вашингтоне ,02:09 25.05.2025,https://ria.ru/20250525/vashington-2018926655.html,CBS: сбой связи у армейского вертолета нарушил посадку самолетов в Вашингтоне,"В мире,Министерство обороны США,Delta Air Lines,США,Вашингтон (город)"
"""Безоговорочная капитуляция"": в США рассказали, что задумал Киев ",02:05 25.05.2025,https://ria.ru/20250525/ukraina-2018926492.html,Риттер: Украина не пойдет на мир из-за несамостоятельности в принятии решений,"Специальная военная операция на Украине,В мире,Украина,Россия,Киев,Скотт Риттер"
СМИ обвинили власти США в готовности вмешаться во внутренние дела Британии ,01:10 25.05.2025,https://ria.ru/20250525/chinovniki-2018925289.html,Telegraph обвинила власти США в готовности вмешаться во внутренние дела Британии,"В мире,США,Великобритания,Европа,Дональд Трамп"
"""Известия"": освобожденные бойцы рассказали о пытках в плену ",00:52 25.05.2025,https://ria.ru/20250525/plen-2018924847.html,"""Известия"": освобожденные бойцы ВС России сообщили о пытках в плену","В мире,Украина,Россия,Владимир Путин,Вооруженные силы Украины"
"Британские тори хотят вернуть Джонсона в политику, сообщают СМИ ",23:48 24.05.2025,https://ria.ru/20250524/britaniya-2018921232.html,Sun: консерваторы хотят вернуть Джонсона в политику,"В мире,Великобритания,Борис Джонсон,Кеми Баденок,Sun,Лейбористская партия Великобритании"
Захарова разоблачила ложь замглавы МИД Украины о переговорах в Стамбуле ,23:45 24.05.2025,https://ria.ru/20250524/zaharova-2018921048.html,"Захарова: Кислица врет, что делегация Украины в Стамбуле говорила по-украински","В мире,Россия,Украина,Стамбул,Мария Захарова,Владимир Мединский,Сергей Кислица,Переговоры России и Украины в Стамбуле — 2025"
"Власти Молдавии загнали страну в капкан, заявил бывший вице-премьер ",23:34 24.05.2025,https://ria.ru/20250524/vlasti-2018920220.html,Муравский: власти Молдавии загнали страну в тарифный и кредитный капкан,"Молдавия,В мире"
"Эксперты рассказали, где россияне предпочитают отдых ""все включено"" ",23:29 24.05.2025,https://ria.ru/20250524/rossiya-2018920016.html,"OneTwoTrip: россияне предпочитают отдых ""все включено"" в Турции и Подмосковье","Турция,Московская область (Подмосковье),Анталья (провинция),В мире"
В Мали высказались о сотрудничестве с Россией в юридической сфере ,23:23 24.05.2025,https://ria.ru/20250524/rossiya-2018919573.html,Министр юстиции Мали Кассоге: Россия и АГС могут создать единое юридическое поле,"Россия,Мали,Нигер,В мире,Сахель"
"""Радуются в Кремле"": в Польше выступили с неожиданным заявлением об Украине ",23:11 24.05.2025,https://ria.ru/20250524/polsha-2018919142.html,Кандидаты в президенты Польши на дебатах поспорили о Путине и об Украине,"В мире,Украина,Польша,Варшава,Рафал Тшасковски,Владимир Путин,Кароль Навроцкий,НАТО,Евросоюз,Президентские выборы в Польше — 2025,Россия"
В Румынии от удара молнии погиб мужчина ,23:11 24.05.2025,https://ria.ru/20250524/rumynija-2018918978.html,"Digi 24: в румынском уезде Караш-Северин молния попала в двух мужчин, один погиб","В мире,Румыния"
"""Уходит от войны"". СМИ раскрыли неожиданные планы ЕС по Украине ",23:03 24.05.2025,https://ria.ru/20250524/bloomberg-2018917961.html,Bloomberg: в ЕС планируют закупать оружие у США для поставок Украине,"В мире,Украина,США,Киев,Дональд Трамп,Виктор Орбан,Сергей Лавров,Евросоюз,НАТО"
Итальянские железнодорожники изучат возможность использования Starlink ,23:01 24.05.2025,https://ria.ru/20250524/italiya-2018918302.html,Bloomberg: FS изучит возможность использования Starlink в своих проектах,"Италия,Гуидо Крозетто,Маттео Сальвини,Илон Маск,SpaceX,В мире"
Армению на встрече в Москве будет представлять посол ,22:55 24.05.2025,https://ria.ru/20250524/moskva-2018917632.html,Посольство Армении: страну на встрече по безопасности в Москве представит посол,"Армения,Москва,Россия,Сергей Шойгу,В мире"
В Индонезии назвали прорыв России в атомной энергетике примером для страны  ,22:41 24.05.2025,https://ria.ru/20250524/rossiya-2018917316.html,Спикер Супарно: прорыв России в атомной энергетике служит примером для Индонезии,"В мире,Индонезия,Россия,Государственная корпорация по атомной энергии ""Росатом"""
Президент Индонезии поблагодарил Китай за поддержку развивающихся стран ,22:30 24.05.2025,https://ria.ru/20250524/knr-2018916297.html,Президент Индонезии поблагодарил КНР за активную поддержку развивающихся стран,"В мире,Китай,Индонезия,Джакарта,Прабово Субианто,Ли Цян"
"Трамп рассказал, как пришел к выводу о вкладе США в победу на фашизмом ",22:15 24.05.2025,https://ria.ru/20250524/tramp-2018914930.html,Трамп заявил о наибольшем вкладе США в победу над фашизмом по итогам контактов,"В мире,США,Франция,Россия,Дональд Трамп,Владимир Путин"
Маск решил сосредоточиться на своем бизнесе после сбоя в X ,22:13 24.05.2025,https://ria.ru/20250524/mask-2018914711.html,Маск планирует погрузиться в работу своих компаний после масштабного сбоя в Х,"В мире,Технологии,Илон Маск,Twitter,Tesla motors"
"Экономика Молдавии находится в состоянии застоя, заявил аналитик ",22:04 24.05.2025,https://ria.ru/20250524/moldavija-2018914236.html,Головатюк: экономика Молдавии последние два года находится в состоянии застоя,"Экономика,Молдавия,Владимир Головатюк,В мире"
"В Турции серьезно пострадала россиянка, убегая от угрожавшего ей знакомого ",21:58 24.05.2025,https://ria.ru/20250524/turtsiya-2018913267.html,"Sabah: россиянка пострадала в Турции, убегая от знакомого, угрожавшего оружием","В мире,Россия"
Даниэль Нобоа вступил в должность президента Эквадора ,21:39 24.05.2025,https://ria.ru/20250524/ekvador-2018912345.html,В Эквадоре прошла церемония инаугурации нового президента Даниэля Нобоа,"В мире,Эквадор,Латинская Америка,Центральный Банк РФ (ЦБ РФ)"
Посольство США предостерегло гражданок Армении от родов по гостевой визе ,21:27 24.05.2025,https://ria.ru/20250524/ssha-2018911385.html,Посольство США в Ереване предостерегло армянок от поездок в страну с целью родов,"В мире,США,Ереван,Армения"
Более чем 50-градусная температура воздуха зафиксирована в ОАЭ ,21:19 24.05.2025,https://ria.ru/20250524/oae-2018910662.html,Температура воздуха в ОАЭ стала самой высокой для мая с начала наблюдений,"В мире,ОАЭ,Погода"
Тшасковский отказался подписать декларацию националистов ,21:16 24.05.2025,https://ria.ru/20250524/polsha-2018910224.html,"Тшасковский отказался подписать декларацию, предложенную ему националистами","В мире,Украина,Польша,Рафал Тшасковски,Кароль Навроцкий,Славомир Ментцен,Евросоюз,НАТО,Президентские выборы в Польше — 2025"
В США сообщили о неожиданных планах Маска ,21:10 24.05.2025,https://ria.ru/20250524/mask-2018909279.html,WP: Маск решил уйти из политики по личным соображениям,"В мире,Технологии,Техас,США,Илон Маск,Дональд Трамп,SpaceX,Politico,Tesla motors"
"Военно-морским силам Германии грозит новая катастрофа, пишут СМИ ",21:09 24.05.2025,https://ria.ru/20250524/smi-2018909732.html,KN: завершение строительства 6 фрегатов для ВМС ФРГ отложили минимум до 2030 г,"В мире,Германия"
"""Придут за вами"": журналист раскрыл правду об отношении ЕС к России ",21:08 24.05.2025,https://ria.ru/20250524/es-2018909439.html,Миллер обвинил ЕС и Британию в преследовании несогласных с властями журналистов,"В мире,Россия,Европа,Великобритания,Евросоюз,Украина"
ЦАХАЛ сообщила о значительном увеличении контингента в секторе Газа ,21:02 24.05.2025,https://ria.ru/20250524/tsahal-2018908640.html,Все регулярные пехотные и бронетанковые бригады Израился вошли в сектор Газа ,"В мире,Израиль,ХАМАС,Обострение палестино-израильского конфликта в 2024 году"
Морфлот Ирана получил 13 отечественных кораблей ,20:57 24.05.2025,https://ria.ru/20250524/korabli-2018908447.html,Tasnim: организация портов и судоходства ИРИ получила 13 отечественных кораблей,"В мире,Иран"
"Иранский фильм ""Простая случайность"" получил главную награду в Каннах ",20:45 24.05.2025,https://ria.ru/20250524/film-2018906498.html,"Иранский фильм ""Простая случайность"" Панахи получил ""Золотую ветвь"" в Каннах","Культура,Канны,Франция,Джафар Панахи,Жюльет Бинош,В мире"
В Иране назвали идею о переименовании Персидского залива провокацией ,20:22 24.05.2025,https://ria.ru/20250524/iran-2018904816.html,МВД Ирана назвало идею Трампа переименовать Персидский залив в Арабский нападкой,"В мире,Персидский залив,США,Иран,Дональд Трамп,Насер Серадж,Аббас Аракчи"
"Польская коалиция ""Левых"" поддержала Тшасковского на выборах президента ",20:15 24.05.2025,https://ria.ru/20250524/polsha-2018903956.html,"Коалиция ""Левых"" официально поддержала Тшасковского на выборах президента Польши","В мире,Польша,Рафал Тшасковски,Кароль Навроцкий,Президентские выборы в Польше — 2025"
Подозреваемую в нападении с ножом в Гамбурге отправили в психбольницу ,19:56 24.05.2025,https://ria.ru/20250524/gamburg-2018900462.html,Подозреваемую в нападении с ножом в Гамбурге отправили на принудительное лечение,"В мире,Гамбург (город),Германия"
Глава Республики Сербской БиГ Додик встретится с Шойгу ,19:50 24.05.2025,https://ria.ru/20250524/mid-2018899851.html,МИД России: глава Республики Сербской БиГ Додик встретится с Шойгу,"Россия,Сергей Шойгу,Милорад Додик,В мире"
"Опрос показал, что думают французы о борьбе Макрона с радикальным исламом ",19:43 24.05.2025,https://ria.ru/20250524/frantsiya-2018898611.html,CSA: более 70% французов не доверяют Макрону в борьбе с радикальным исламом,"В мире,Франция,Россия,Бельгия,Эммануэль Макрон,Братья-мусульмане,Евросоюз"
Новый план Запада по Украине привел европейского политика в ярость ,19:42 24.05.2025,https://ria.ru/20250524/orban-2018898142.html,Орбан: Венгрия не будет финансировать увеличение численности ВСУ,"В мире,Украина,Киев,Венгрия,Владимир Зеленский,Виктор Орбан,Евросоюз"
Во французском департаменте Приморские Альпы восстановили электроснабжение ,19:38 24.05.2025,https://ria.ru/20250524/frantsiya-2018897725.html,В департаменте Приморские Альпы восстановили электроснабжение домохозяйств,"В мире,Приморские Альпы,Франция"
"""Потроха с бойни"": СМИ раскрыли шокирующую деталь об обучении солдат ВСУ  ",19:30 24.05.2025,https://ria.ru/20250524/vsu-2018896309.html,Times: для ВСУ на британских базах воссоздают боевые условия конфликта,"Специальная военная операция на Украине,В мире,Восточная Англия,Ирак,Афганистан,Вооруженные силы Украины,НАТО,Украина,Великобритания"
В Подмосковье сел самолет с вернувшимися из плена ВСУ российскими военными ,19:08 24.05.2025,https://ria.ru/20250524/rossiya-2018891306.html,"В Подмосковье сел самолет с 307 российскими военными, вернувшимися из плена ВСУ","Россия,Вооруженные силы Украины,Владимир Путин,Белоруссия,В мире,Московская область (Подмосковье)"
Эрдоган обсудил с президентом Сирии снятие санкций с САР ,19:02 24.05.2025,https://ria.ru/20250524/turtsiya-2018890252.html,Эрдоган заявил о важности централизованного управления армией Сирии,"В мире,Сирия,Турция,Анкара (провинция),Реджеп Тайип Эрдоган,Ахмед аш-Шараа,Ибрагим Калын,Евросоюз"
Лидер Йемена планирует посетить Россию на следующей неделе ,18:56 24.05.2025,https://ria.ru/20250524/yemen-2018889213.html,Лидер Йемена аль-Алими планирует приехать с визитом в Россию 27 мая,"В мире,Йемен,Россия,Аден,Владимир Путин,Ансар Алла"
"Армия США изучит новые способы ведения конфликтов, заявил Трамп ",18:22 24.05.2025,https://ria.ru/20250524/tramp-2018883199.html,Трамп: армия США изучит новые способы ведения конфликтов на примере Украины,"В мире,США,Дональд Трамп"
"США не будут нести демократию в мир под дулом пистолета, заявил Трамп ",18:18 24.05.2025,https://ria.ru/20250524/tramp-2018882653.html,Трамп: армия США больше не будет нести в мир демократию под дулом пистолета,"В мире,США,Дональд Трамп"
Временное правительство Бангладеш призвало к единству и сплочению ,18:10 24.05.2025,https://ria.ru/20250524/bangladesh-2018881638.html,Временный кабмин Бангладеш призвал к единству против возвращения авторитаризма,"В мире,Бангладеш,Шейх Хасина"
"""Он вам не Байден"": в США раскрыли неприятную для Украины правду ",18:01 24.05.2025,https://ria.ru/20250524/ukraina-2018880739.html,"Миршаймер: США при Трампе медленно, но верно отдаляются от Украины","Специальная военная операция на Украине,В мире,США,Украина,Европа,Джо Байден,Дональд Трамп,Джон Миршаймер"
Трамп рассказал о производстве гиперзвуковых ракет в США ,18:01 24.05.2025,https://ria.ru/20250524/ssha-2018880550.html,Трамп: США в больших количествах создают гиперзвуковые ракеты,"В мире,Россия,США,Китай,Дональд Трамп,Барак Обама,Дмитрий Песков"
Три офицера полиции погибли при крушении вертолета в Таиланде ,17:59 24.05.2025,https://ria.ru/20250524/tayland-2018880379.html,Bangkok Post: три офицера полиции погибли при крушении вертолета в Таиланде,"В мире,Бангкок,Таиланд,Мьянма"
Таджикистан запустил первую национальную точку обмена интернет-трафиком ,17:41 24.05.2025,https://ria.ru/20250524/tadzhikistan-2018878628.html,Таджикистан запустил национальную точку обмена интернет-трафиком TJ-IX,"Технологии,Таджикистан,В мире"
"Белоруссия ожидает продолжения поставок ЗРК ""Тор-М2"" ",17:40 24.05.2025,https://ria.ru/20250524/belorussija-2018878421.html,"Минобороны Белоруссии: в этом году ожидается продолжение поставок ЗРК ""Тор-М2""","Белоруссия,Минск,Андрей Федин,Су-30СМ,Ми-35М,В мире"
"Житель Мариуполя рассказал, что стало достопримечательностью пляжа ",17:39 24.05.2025,https://ria.ru/20250524/zhitel-2018878151.html,Житель Мариуполя: дноуглубитель ЗС-1 стал местной достопримечательностью,"Специальная военная операция на Украине,Мариуполь,Россия,Донецкая Народная Республика,Владимир Путин,Вооруженные силы Украины,В мире"
В Словакии обратились к Украине с неожиданным требованием ,17:37 24.05.2025,https://ria.ru/20250524/slovakiya-2018877984.html,Словацкая национальная партия потребует от Киева компенсацию за оказанную помощь,"Специальная военная операция на Украине,В мире,Украина,Словакия,США,Роберт Фицо,Андрей Данко,Евросоюз,Еврокомиссия"
Посол России прокомментировал смену премьеров Великобритании ,17:32 24.05.2025,https://ria.ru/20250524/posol-2018877242.html,Келин: правительства Британии безответственно ведут себя на международной арене,"В мире,Украина,Великобритания,Россия,Андрей Келин,Борис Джонсон,Лиз Трасс,НАТО"
Молдавский депутат обвинил ЦИК в введении цензуры перед выборами ,17:21 24.05.2025,https://ria.ru/20250524/moldaviya-2018875653.html,Депутат Цырдя: ЦИК Молдавии вводит цензуру и запрещает критиковать правительство,"В мире,Молдавия,Игорь Гросу,Майя Санду,Евгения Гуцул,Московский комсомолец,Задержание главы Гагаузии Гуцул"
Джалуда переизбрали на пост главы Международной федерации тяжелой атлетики ,17:06 24.05.2025,https://rsport.ria.ru/20250524/atletika-2018874242.html,Джалуда переизбрали на пост президента Международной федерации тяжелой атлетики,"Ирак,В мире,IWF"
МИД России призвал ООН принять меры для прекращения гонений на УПЦ ,17:00 24.05.2025,https://ria.ru/20250524/mid-2018873506.html,Замглавы МИД Вершинин призвал ООН принять меры для прекращения гонений на УПЦ,"Религия,Россия,Украина,Санкт-Петербург,Сергей Вершинин,Владимир Зеленский,Украинская православная церковь,ООН,Московский Патриархат,В мире"
СМИ: в центре Берлина проходит демонстрация против поставок вооружений ,16:59 24.05.2025,https://ria.ru/20250524/berlin-2018873129.html,DPA: у Бранденбургских ворот в Берлине проходит демонстрация в поддержку мира,"В мире,Германия,Берлин (город),Россия,Олаф Шольц,Фридрих Мерц"
В Японии сделали мрачный прогноз Зеленскому ,16:56 24.05.2025,https://ria.ru/20250524/zelenskiy-2018872376.html,None,"В мире,Украина,Япония,Киев,Дональд Трамп,НАТО,Yahoo! Inc.,Переговоры России и Украины в Стамбуле — 2025"
Кандидат в президенты Польши пригласил конкурента на тест на наркотики ,16:48 24.05.2025,https://ria.ru/20250524/polsha-2018871085.html,Навроцкий пригласил Тшасковского вместе пройти тест на наркотики,"В мире,Польша,Варшава,Кароль Навроцкий,Рафал Тшасковски"
Вучич прокомментировал петицию о досрочных выборах в Сербии ,16:44 24.05.2025,https://ria.ru/20250524/vuchich-2018870139.html,Вучич назвал петицию о досрочных выборах в Сербии бессмысленной глупостью,"В мире,Сербия,Александр Вучич,Ана Брнабич,Александр Вулин,Евросоюз,БРИКС"
Орбан рассказал о последствиях отказа от российских энергоносителей ,16:38 24.05.2025,https://ria.ru/20250524/vengriya-2018869049.html,Орбан: при отказе от российского газа Венгрия потеряет 2 млрд евро в год,"Россия,Венгрия,Брюссель,Виктор Орбан,Еврокомиссия,Евросоюз,В мире"
В Германии предложили использовать камеры с ИИ после трагедии в Гамбурге ,16:30 24.05.2025,https://ria.ru/20250524/germanija-2018868043.html,HA: в Германии призвали усилить контроль на вокзалах после нападения в Гамбурге,"В мире,Гамбург (город),Германия"
"""Путин не приехал на шоу"": в Турции высмеяли Зеленского ",16:30 24.05.2025,https://ria.ru/20250524/zelenskiy-2018867801.html,DikGAZETE: Зеленский в Турции хотел ввести мировую общественность в заблуждение,"Специальная военная операция на Украине,В мире,Украина,Россия,Турция,Владимир Зеленский,Переговоры России и Украины в Стамбуле — 2025,Владимир Мединский,Владимир Путин"
Меликов иронично прокомментировал заочный приговор СБУ ,16:27 24.05.2025,https://ria.ru/20250524/meliki-2018867177.html,Глава Дагестана Меликов о приговоре СБУ: скромно принимаю высокую оценку,"Украина,Россия,Сергей Меликов,Служба безопасности Украины,В мире"
В Германии назвали условие отправки военных на Украину ,16:25 24.05.2025,https://ria.ru/20250524/germanija-2018866531.html,Писториус: отправка военных на Украину возможна только при выдаче мандата ООН,"В мире,Украина,Россия,Германия,Борис Писториус,Эммануэль Макрон,Дмитрий Песков,ООН,Служба внешней разведки Российской Федерации (СВР России),Бундесвер Германии"
В работе соцсети X в США произошли сбои ,16:20 24.05.2025,https://ria.ru/20250524/ssha-2018865795.html,Downdetector: более 25 тысяч пользователей соцсети X в США сообщили о сбоях,"США,Канада,Технологии,В мире"
В США набросились на Украину и Европу из-за России ,16:06 24.05.2025,https://ria.ru/20250524/ukraina-2018864602.html,"Риттер: Запад начал понимать, что Украина и Европа — это проблема, а не решение","Специальная военная операция на Украине,В мире,Украина,Россия,Москва,Скотт Риттер,Сергей Лавров,США,Вооруженные силы США,Киев"
В Минобороны Белоруссии высказались об истребителях Су-30СМ2 ,16:02 24.05.2025,https://ria.ru/20250524/belorussiya-2018864015.html,МО Белоруссии: истребители Су-30СМ2 являются полностью импортозамещенными,"Безопасность,Андрей Федин,Су-30СМ,Ми-35М,В мире,Министерство обороны Белоруссии"
Порошенко* подал в суд на секретаря СНБО Украины ,15:54 24.05.2025,https://ria.ru/20250524/poroshenko-2018862843.html,Порошенко подал в суд на секретаря СНБО Украины из-за изменения указа о санкциях,"В мире,Украина,Донецкая Народная Республика,Луганская Народная Республика,Петр Порошенко,Александр Литвиненко (1962-2006),Виктор Медведчук,Совет национальной безопасности и обороны Украины,Федеральная служба по финансовому мониторингу (Росфинмониторинг),Оппозиционная платформа - За жизнь"
В Южном Ливане прошли выборы вопреки разрушениям от ударов Израиля ,15:51 24.05.2025,https://ria.ru/20250524/livan-2018862132.html,В Южном Ливане и Набатии прошли выборы вопреки разрушениям от израильских ударов,"В мире,Ливан,Израиль,Джозеф Аун,Хезболла"
Румынский оппозиционер Симион призвал граждан выходить на протесты ,15:41 24.05.2025,https://ria.ru/20250524/rumyniya-2018860860.html,"Лидер ""Альянса за объединение румын"" Симион призвал граждан выйти на протесты","В мире,Румыния,Россия,Бухарест,Никушор Дан,Президентские выборы в Румынии — 2025"
Захарова прокомментировала обмен военнопленными с Украиной ,15:30 24.05.2025,https://ria.ru/20250524/zakharova-2018859450.html,Захарова: обмен пленными подтверждает готовность Москвы к переговорам с Киевом,"Специальная военная операция на Украине,Россия,Москва,Переговоры России и Украины в Стамбуле — 2025,В мире,Мария Захарова,Украина,Вооруженные силы Украины"
Косачев: работа над меморандумом по Украине находится в завершающей стадии ,15:18 24.05.2025,https://ria.ru/20250524/ukraina-2018857016.html,Косачев: Москва передаст Киеву меморандум по урегулированию в ближайшие дни,"Киев,Россия,Украина,Константин Косачев,Владимир Мединский,Владимир Путин,Совет Федерации РФ,В мире"
СМИ заговорили о кошмаре для Европы из-за решения Трампа по Украине ,15:18 24.05.2025,https://ria.ru/20250524/guardian-2018856880.html,"Guardian: Европа боится, что Трамп может скоро бросить Украину","В мире,Украина,США,Дональд Трамп,Владимир Путин,Европа"
"""Заслуживают презрение"": на Западе объяснили неприязнь США к Европе ",14:51 24.05.2025,https://ria.ru/20250524/evropa-2018852017.html,Дизен: Европа становится менее значимой и заслуживает презрение со стороны США,"В мире,США,Европа,Дональд Трамп,Гленн Дизен,Алексей Пушков,Совет Федерации РФ"
Эрдоган провел переговоры с сирийским лидером аш-Шараа ,14:48 24.05.2025,https://ria.ru/20250524/peregovory-2018851653.html,Эрдоган провел переговоры с президентом Сирии на переходный период аш-Шараа,"В мире,Сирия,Стамбул,Реджеп Тайип Эрдоган,Ахмед аш-Шараа,Турция,Ибрагим Калын"
Пентагон ограничил доступ СМИ к зданию ведомства ,14:34 24.05.2025,https://ria.ru/20250524/pentagon-2018848959.html,Пентагон ограничил доступ СМИ к зданию ведомства из-за опасений утечки данных,"В мире,Технологии,Йемен,США,Пит Хегсет,Майк Уолтц,Министерство обороны США,Ансар Алла"
"США планируют снять ограничения на выброс парниковых газов, пишут СМИ ",14:31 24.05.2025,https://ria.ru/20250524/ssha-2018848413.html,NYT: США хотят снять ограничения на выброс парниковых газов для электростанций,"В мире,США,Джо Байден,ФБР"
Появилось видео возвращения группы российских военных из украинского плена ,14:29 24.05.2025,https://ria.ru/20250524/rossiya-2018847842.html,МО показало видео возвращения новой группы российских военных из плена ВСУ,"Специальная военная операция на Украине,Россия,В мире,Киев,Российская империя,Вооруженные силы Украины"
"СМИ раскрыли подробности о российской гражданке, удерживаемой в Ираке ",14:25 24.05.2025,https://ria.ru/20250524/izrail-2018846909.html,Al Rabiaa: похищенную россиянку Цуркову могут освободить через 7—10 дней,"В мире,Ирак,Израиль,Россия,Биньямин Нетаньяху,Хезболла"
Подозреваемую в нападении в Гамбурге могут отправить в психбольницу ,14:21 24.05.2025,https://ria.ru/20250524/gamburg-2018846434.html,Суд решит вопрос о помещении подозреваемой в нападении в Гамбурге в психбольницу,"В мире,Гамбург (город),Германия"
Белоруссия подписала контракты на 390 миллионов долларов на MILEX-2025 ,14:15 24.05.2025,https://ria.ru/20250524/belorussiya-2018845537.html,Госкомвоенпром Белоруссии: ВПК подписал контрактов на 390 миллионов долларов,"Белоруссия,Минск,Россия,В мире"
Суд отклонил запрос Дурова на выезд из Франции ,14:13 24.05.2025,https://ria.ru/20250524/sud-2018845323.html,Суд во Франции не разрешил Дурову поехать в Норвегию ,"В мире,Франция,Румыния,США,Павел Дуров,Юлия Навальная,Мария Захарова,Telegram,Президентские выборы в Румынии — 2025"
"ВСУ признали, что системам Patriot сложно перехватывать российские ракеты ",13:58 24.05.2025,https://ria.ru/20250524/vsu-2018843832.html,Командир ВСУ Игнат: системам ПВО Patriot сложно перехватывать российские ракеты,"Вооруженные силы Украины,В мире,Украина"
Минобороны показало кадры уничтожения склада боеприпасов ВСУ в зоне СВО ,13:15 24.05.2025,https://ria.ru/20250524/minoborony-2018837640.html,Минобороны показало видео уничтожения склада боеприпасов на Донецком направлении,"Специальная военная операция на Украине,Министерство обороны РФ (Минобороны РФ),В мире"
Источник рассказал подробности визита главы МИД Турции в Россию ,13:14 24.05.2025,https://ria.ru/20250524/turtsiya-2018837391.html,Фидан заявит о готовности Анкары продолжить роль посредника между РФ и Украиной,"В мире,Россия,Турция,Украина,Хакан Фидан,Владимир Путин,Владимир Мединский,Вооруженные силы Украины"
Глава МИД Турции приедет в Россию с рабочим визитом ,12:55 24.05.2025,https://ria.ru/20250524/fidan-2018835408.html,Глава МИД Турции Фидан 26-27 мая приедет в Россию с рабочим визитом,"Турция,Россия,В мире,Хакан Фидан"
"""Заставят Москву"". Зеленский выдвинул дерзкий план против России ",12:51 24.05.2025,https://ria.ru/20250524/zelenskiy-2018835052.html,Зеленский призвал ввести новые санкции против России ради прекращения огня,"В мире,Россия,Украина,Москва,Сергей Лавров,Владимир Зеленский,Переговоры России и Украины в Стамбуле — 2025"
"Группировка ""Юг"" уничтожила до 280 боевиков ВСУ ",12:37 24.05.2025,https://ria.ru/20250524/vsu-2018834142.html,"Минобороны: ВСУ потеряли более 280 военных в зоне действий ""Южной"" группировки","Специальная военная операция на Украине,В мире,Северск,Константиновка,Вооруженные силы Украины,Министерство обороны РФ (Минобороны РФ)"
"Группировка ""Север"" за сутки уничтожила до 155 боевиков ВСУ ",12:35 24.05.2025,https://ria.ru/20250524/vsu-2018833986.html,"Минобороны: ВСУ потеряли более 155 военных в зоне действий группировки ""Север""","Специальная военная операция на Украине,В мире,Сумская область,Харьковская область,Вооруженные силы Украины,Министерство обороны РФ (Минобороны РФ)"
"Группировка ""Днепр"" уничтожила до 70 боевиков ВСУ ",12:30 24.05.2025,https://ria.ru/20250524/dnepr-2018833363.html,"Группировка ""Днепр"" уничтожила до 70 боевиков ВСУ и две станции РЭЮ","Специальная военная операция на Украине,Украина,В мире,Россия,Запорожская область,Днепропетровская область,Вооруженные силы Украины"
"Группировка ""Центр"" за сутки уничтожила до 410 боевиков ВСУ ",12:21 24.05.2025,https://ria.ru/20250524/svo-2018832108.html,"Минобороны: группировка ""Центр"" за сутки уничтожила до 410 боевиков ВСУ","Специальная военная операция на Украине,Россия,Вооруженные силы Украины,Алексеевка,США,В мире,Министерство обороны РФ (Минобороны РФ)"
"Британцы устали от темы украинского конфликта, заявил Келин ",12:12 24.05.2025,https://ria.ru/20250524/kelin-2018831330.html,Посол Келин: британцы устали содержать украинских беженцев,"В мире,Великобритания,Украина,Россия,Андрей Келин"
Ход Британии против России вызвал недоумение на Западе ,12:03 24.05.2025,https://ria.ru/20250524/britaniya-2018830246.html,Христофору осудил расследование Британией связи поджога дома Стармера с РФ,"В мире,Россия,Великобритания,Кир Стармер,Лондон"
Лавров высказался о формировании многополярного мира ,12:03 24.05.2025,https://ria.ru/20250524/lavrov-2018830087.html,Лавров: формирование многополярного мира остается важной и стержневой тенденцией,"В мире,Россия,Юг,Восток,Сергей Лавров"
Депутат Журавлев посоветовал Дурову покинуть Францию ,12:00 24.05.2025,https://ria.ru/20250524/gosduma-2018829592.html,Депутат Журавлев посоветовал Дурову покинуть Францию при первой возможности,"В мире,Франция,США,Дубай,Павел Дуров,Алексей Журавлев"
"Захарова рассказала, зачем Макрон арестовал Дурова ",11:44 24.05.2025,https://ria.ru/20250524/zaharova-2018828120.html,Захарова: Макрон арестовал Дурова для управления выборами в Румынии,"В мире,Румыния,Франция,Россия,Павел Дуров,Эммануэль Макрон,Мария Захарова,Telegram,Президентские выборы в Румынии — 2025,Задержание Павла Дурова во Франции"
"Медведев упомянул ""радиостанцию Судного дня"", говоря о Европе и Украине ",11:36 24.05.2025,https://ria.ru/20250524/medvedev-2018827119.html,Медведев: после попыток ВСУ запугать гостей на Дне Победы наступила тишина в ЕС,"Россия,Европа,Украина,Дмитрий Медведев,Вооруженные силы Украины,В мире"
СБУ заочно осудила главу Дагестана ,11:19 24.05.2025,https://ria.ru/20250524/sbu-2018825576.html,СБУ заочно вынесла обвинительный приговор главе Дагестана Сергею Меликову,"Россия,Служба безопасности Украины,Facebook,В мире,Сергей Меликов,Республика Дагестан"
Bloomberg: ЕС изучает возможность отключения более 20 банков от SWIFT ,10:22 24.05.2025,https://ria.ru/20250524/bloomberg-2018819250.html,Bloomberg: ЕС может отключить более 20 банков от SWIFT в рамках санкций,"Россия,Евросоюз,SWIFT,В мире"
Медведев: в Европе поднимут визг о перемирии и санкциях ,10:11 24.05.2025,https://ria.ru/20250524/svo-2018817934.html,Медведев: на Западе поднимут визг о необходимости перемирия на Украине,"Специальная военная операция на Украине,В мире,Россия,Париж,Берлин (город),Дмитрий Медведев,Вооруженные силы Украины"
На Западе высказались о масштабном обмене пленными между Россией и Украиной ,10:07 24.05.2025,https://ria.ru/20250524/obmen-2018817126.html,Дизен: масштабный обмен пленными России и Украины случился не благодаря Европе,"В мире,Россия,Украина,Москва,Гленн Дизен,Вооруженные силы Украины,Переговоры России и Украины в Стамбуле — 2025"
Украинская армия за сутки 35 раз обстреляла Херсонскую область ,09:53 24.05.2025,https://ria.ru/20250524/svo-2018815630.html,ВСУ за сутки 35 раз обстреляли населенные пункты на левом берегу Днепра,"Специальная военная операция на Украине,В мире,Днепр (город),Херсонская область,Новая Каховка,Вооруженные силы Украины"
Последняя партия: как русская княгиня спасла чемпиона мира ,08:05 24.05.2025,https://ria.ru/20250524/shakhmaty-2018728283.html,None,"В мире,Куба,Америка,Гавана,Общество"
СМИ: одна из стран Азии пошла на сближение с Россией ,07:47 24.05.2025,https://ria.ru/20250524/malayziya-2018806659.html,SCMP: Запад опасается сближения Малайзии с Россией и Китаем,"В мире,Малайзия,Китай,Россия,Анвар Ибрагим (премьер-министр Малайзии),Си Цзиньпин,Владимир Путин,БРИКС,G7"
"""Пошел отсюда"": в США восхитились одним действием Путина ",06:32 24.05.2025,https://ria.ru/20250524/putin-2018804881.html,"МакГоверн: Путин объяснил Трампу, как будет продвигаться процесс урегулирования","В мире,Украина,Москва,США,Владимир Путин,Рэй Макговерн,Дональд Трамп"
"СМИ: Мозамбик расследует нападение на океанографическое судно ""Атлантида"" ",06:08 24.05.2025,https://ria.ru/20250524/mozambik-2018804460.html,"Мозамбик расследует нападение на российское океанографическое судно ""Атлантида""","В мире,Мозамбик,Россия,ЮАР"
Келин оценил схему регистрации иностранного влияния в Британии ,06:03 24.05.2025,https://ria.ru/20250524/posol-2018804185.html,Келин: FIRS противоречит духу и букве международных актов о правах человека,"В мире,Великобритания,Россия,Лондон,Андрей Келин"
"Раскрыто, какую работу предлагают украинцам в Европе ",05:40 24.05.2025,https://ria.ru/20250524/rabota-2018803856.html,Украинцам в Европе предлагают убираться в кемпингах и собирать киндер-сюрпризы,"В мире,Технологии,Европа,Чехия,Польша"
Экс-депутат Рады раскрыл Такеру Карлсону тайну Зеленского ,05:31 24.05.2025,https://ria.ru/20250524/zelenskiy-2018803168.html,Экс-депутат Новинский: в основе политики Зеленского лежит атмосфера страха,"В мире,Украина,США,Владимир Зеленский,Вадим Новинский,Такер Карлсон,Верховная Рада Украины"
Эксперт оценил позицию Трампа по переговорам по Украине ,04:48 24.05.2025,https://ria.ru/20250524/tramp-2018801306.html,"Ученый Абиру: Трамп фактически принял, что РФ продолжит диалог, не прекращая СВО","Специальная военная операция на Украине,Россия,Стамбул,Украина,В мире,Дональд Трамп,Владимир Путин,Владимир Мединский,Евросоюз"
Воевавшего за ВСУ австралийского наемника несколько раз не приняли в армию ,04:32 24.05.2025,https://ria.ru/20250524/vsu-2018801027.html,Воевавшего за ВСУ австралийского наемника Листа несколько раз не приняли в армию,"В мире,Украина,Россия,Донецкая Народная Республика,Мария Захарова,Сергей Лавров,Вооруженные силы Украины"
"""Придется пойти на уступки"": в США сделали дерзкое заявление о России ",04:07 24.05.2025,https://ria.ru/20250524/kapitulyatsiya-2018800376.html,Экс-аналитик ЦРУ Джонсон: Россия заставит Украину безоговорочно капитулировать,"Специальная военная операция на Украине,В мире,Россия,Украина,Киев,Ларри Джонсон"
СМИ: более 100 сотрудников СНБ США отправили в административный отпуск ,03:49 24.05.2025,https://ria.ru/20250524/ssha-2018800074.html,CNN: более 100 сотрудников СНБ Белого дома отправлены в административный отпуск,"В мире,США,Дональд Трамп,Марко Рубио,Министерство обороны США"
"""Какого черта?"" Произошедшее с Зеленским вызвало истерику в Раде ",03:16 24.05.2025,https://ria.ru/20250524/dubinskiy-2018799184.html,Дубинский: Зеленский становится посмешищем для всего мира,"В мире,Россия,Владимир Зеленский,Александр Дубинский,Верховная Рада Украины"
Трамп распорядился обеспечить строительство десяти ядерных реакторов в США ,02:55 24.05.2025,https://ria.ru/20250524/tramp-2018798370.html,Трамп распорядился обеспечить строительство десяти ядерных реакторов к 2030 году,"В мире,США,Дональд Трамп"
СМИ: США и Иран обсудят ядерную программу после 5-го раунда переговоров ,01:55 24.05.2025,https://ria.ru/20250524/iran-2018796419.html,WSJ: США и Иран обсудят ядерную программу Тегерана после 5-го раунда переговоров,"В мире,Иран,США,Рим,Аббас Аракчи,Стив Уиткофф,Али Хаменеи"
В Раде оценили пуски БПЛА ВСУ по России  ,01:36 24.05.2025,https://ria.ru/20250524/rada-2018795619.html,Дмитрук: пуски БПЛА ВСУ по России являются суицидальным шоу во имя Зеленского,"В мире,Украина,Россия,Москва,Владимир Зеленский,Артем Дмитрук,Сергей Лавров,Верховная Рада Украины,Переговоры России и Украины в Стамбуле — 2025"
"""Тройной захват"": в Британии остались в шоке от тактики России в зоне СВО ",01:20 24.05.2025,https://ria.ru/20250524/taktika-2018795213.html,Telegraph: ВС России перешли в зоне СВО к тактике тройного удушающего захвата,"В мире,Россия,Вооруженные силы Украины,Украина"
В Германии забили тревогу из-за немецких войск на границе России ,01:07 24.05.2025,https://ria.ru/20250524/germaniya-2018794130.html,Вагенкнехт: Германия должна отозвать войска с российской границы,"В мире,Литва,Германия,Россия,Сара Вагенкнехт,Арвидас Анушаускас,Борис Писториус"
Пентагон заключил контракты на ремонт боевых кораблей прибрежной зоны ,01:05 24.05.2025,https://ria.ru/20250524/pentagon-2018793974.html,"Пентагон заключил контракты на ремонт кораблей прибрежной зоны на $2,6 миллиарда","В мире,Сан-Диего,Калифорния,Министерство обороны США,BAE Systems,General Dynamics"
СМИ: Британия расследует возможную связь поджога дома Стармера с Россией ,00:59 24.05.2025,https://ria.ru/20250524/britaniya-2018793653.html,FT: Британия расследует потенциальную связь поджога дома Стармера с Россией,"В мире,Великобритания,Россия,Украина,Кир Стармер,Жилье"
"Трамп ждет от Сирии шагов в ответ на облегчение санкций, заявил Рубио ",00:48 24.05.2025,https://ria.ru/20250524/rubio-2018793308.html,Рубио: Трамп ждет от Сирии быстрых шагов в ответ на облегчение санкций,"В мире,Сирия,США,Марко Рубио,Дональд Трамп"
Рубио прокомментировал решение США приостановить санкции против Сирии ,00:47 24.05.2025,https://ria.ru/20250524/rubio-2018793130.html,Рубио: решение США по Сирии стало первым шагом к новым отношениям между странами,"В мире,Сирия,США,Марко Рубио,Дональд Трамп"
США приостановили действие санкций против Сирии ,00:37 24.05.2025,https://ria.ru/20250524/sanktsii-2018792401.html,Рубио: США приостановили действие санкций против Сирии на 180 дней,"В мире,США,Сирия,Дамаск (город),Марко Рубио"
СМИ: Трамп проводит реформу Совета по национальной безопасности Белого дома ,00:21 24.05.2025,https://ria.ru/20250524/tramp-2018791821.html,"Axios: Трамп и Рубио проводят реформу СНБ, видя в нем ""глубинное государство""","В мире,США,Дональд Трамп,Марко Рубио,Майк Уолтц,Министерство обороны США,ООН"
"Пассажиры частного самолета, упавшего в четверг в Калифорнии, погибли ",00:16 24.05.2025,https://ria.ru/20250524/samolet-2018791610.html,"Все пассажиры частного самолета, упавшего в четверг в Сан-Диего, погибли","Сан-Диего,В мире,Калифорния,США,Происшествия"
В Совфеде прокомментировали заявление Залужного о границах Украины ,23:55 23.05.2025,https://ria.ru/20250523/zaluzhnyy-2018790808.html,Ковитиди: заявление Залужного о границах Украины стало политическим прорывом,"В мире,Россия,Украина,Республика Крым,Валерий Залужный,Ольга Ковитиди,Сергей Лавров,Вооруженные силы Украины,Совет Федерации РФ,ООН"
"""Это капитуляция"". В Киеве обрушились на замглавы офиса Зеленского ",23:45 23.05.2025,https://ria.ru/20250523/dmitruk-2018789975.html,"Дмитрук: слова Верещук показывают, что украинская власть не хочет мира","В мире,Украина,Россия,Киев,Ирина Верещук,Владимир Зеленский,Артем Дмитрук,Верховная Рада Украины"
Число пострадавших при нападении в Гамбурге выросло до 18 человек ,23:42 23.05.2025,https://ria.ru/20250523/germaniya-2018789598.html,NDR: число пострадавших при нападении с ножом на вокзале Гамбурга выросло до 18,"В мире,Гамбург (город),Германия"
США сняли санкции с ряда сирийских банков ,23:31 23.05.2025,https://ria.ru/20250523/ssha-2018789123.html,США сняли санкции с сирийских авиалиний и ряда банков,"США,Сирия,Иран,Россия,Министерство финансов США,В мире"
"США выпустили лицензию, разрешающую операции в отношении Сирии ",23:28 23.05.2025,https://ria.ru/20250523/ssha-2018789028.html,"Минфин: США выпустили лицензию, разрешающую операции в отношении Сирии","США,Сирия,Вашингтон (штат),Министерство финансов США,В мире"
В Париже вынесли приговор по делу об ограблении Ким Кардашьян ,23:20 23.05.2025,https://ria.ru/20250523/parizh-2018788692.html,Суд в Париже вынес приговор десяти обвиняемым в ограблении Ким Кардашьян,"Шоубиз,В мире,Париж,Кимберли Кардашян"
На уругвайском пляже нашли останки ленивца возрастом восемь миллионов лет ,23:20 23.05.2025,https://ria.ru/20250523/urugvaj-2018788516.html,В Уругвае нашли останки гигантского ленивца возрастом около восьми миллионов лет,"Южная Америка,Уругвай,В мире"
Контейнеровоз сел на мель у дома норвежца из-за уснувшего члена экипажа ,23:15 23.05.2025,https://ria.ru/20250523/norvegiya-2018788284.html,"Члена экипажа судна, севшего на мель в Норвегии, обвинили в небрежном управлении","В мире,Норвегия,Украина"
Полиция Гамбурга не располагает данными о политических мотивах нападавшей ,23:13 23.05.2025,https://ria.ru/20250523/gamburg-2018788107.html,"Spiegel: у женщины, напавшей с ножом в Гамбурге, не было политических мотивов","В мире,Гамбург (город),Германия,Фридрих Мерц"
В США возобновили разработку месторождения по добыче урана и ванадия ,22:58 23.05.2025,https://ria.ru/20250523/ssha-2018787322.html,МВД США одобрило возобновление добычи урана и ванадия в штате Юта,"США,Юта,Сан-Хуан (Аргентина),Дональд Трамп,В мире"
Володин обратился к Зеленскому с призывом ,22:51 23.05.2025,https://ria.ru/20250523/gd-2018786588.html,"Володин: Зеленский и ЕС должны осознать, что ВС России наступают по всему фронту","В мире,Киев,Европа,США,Вячеслав Володин,Госдума РФ"
В США спрогнозировали сроки завершения конфликта на Украине ,22:47 23.05.2025,https://ria.ru/20250523/ukraina-2018786400.html,Банк JPMorgan: украинский конфликт завершится к июлю 2025 года,"Специальная военная операция на Украине,В мире,Украина,Россия,Москва,Сергей Лавров,Владимир Путин,Дональд Трамп,США"
"Фредди Меркьюри скрывал, что у него есть дочь, пишут СМИ ",22:43 23.05.2025,https://ria.ru/20250523/shoubiz-2018785996.html,"Daily Mail: Фредди Меркьюри скрывал, что у него есть дочь, ей сейчас 48 лет","Шоубиз,Европа,Лондон,Фредди Меркьюри (Фаpух Булсара),Queen,В мире"
Украинские атаки на Москву вызвали ярость в Китае ,22:43 23.05.2025,https://ria.ru/20250523/moskva-2018785225.html,None,"Технологии,В мире,Москва,Россия,Украина,Сергей Собянин"
В Госдуме назвали ошибкой планы Британии сковать флот России в Черном море ,22:37 23.05.2025,https://ria.ru/20250523/gosduma-2018785393.html,Депутат Ивлев назвал планы Британии сковать флот России в Черном море ошибкой,"Великобритания,Россия,Украина,Леонид Ивлев,Андрей Келин,Сергей Лавров,Вооруженные силы Украины,НАТО,Госдума РФ,Су-24,В мире"
Трамп подписал указы о развитии атомной энергетики в США ,22:31 23.05.2025,https://ria.ru/20250523/tramp-2018784866.html,"Трамп подписал указы, направленные на ускоренное развитие атомной энергетики","В мире,США,Дональд Трамп"
В Киеве и восьми украинских областях объявили воздушную тревогу ,22:13 23.05.2025,https://ria.ru/20250523/trevoga-2018783488.html,"В Киеве, Сумской, Полтавской и еще 6 областях объявили воздушную тревогу","Специальная военная операция на Украине,В мире,Киев,Украина,Россия,Дмитрий Песков,Вооруженные силы Украины"
Число пострадавших при нападении с ножом в Гамбурге выросло до 17 человек ,22:10 23.05.2025,https://ria.ru/20250523/germaniya-2018783320.html,Spiegel: 17 человек пострадали во время нападения с ножом на вокзале Гамбурга,"В мире,Гамбург (город),Германия"
Фомин поблагодарил Белоруссию за помощь в организации обмена пленными ,22:07 23.05.2025,https://ria.ru/20250523/rossija-2018783058.html,Фомин поблагодарил Минск за помощь в возвращении российских военных из плена,"В мире,Здоровье - Общество,Россия,Белоруссия,Курская область,Александр Фомин,Вооруженные силы Украины"
Мирный житель пострадал при подрыве на взрывоопасном предмете в ДНР ,22:06 23.05.2025,https://ria.ru/20250523/dnr-2018782898.html,Пушилин: мужчина пострадал при подрыве на взрывоопасном предмете в Новоукраинке,"В мире,Донецкая Народная Республика,Украина,Денис Пушилин"
Симоньян ответила на опасения американских сенаторов ,21:55 23.05.2025,https://ria.ru/20250523/simonjan-2018782271.html,Симоньян ответила американским сенаторам: Голос Америки мечтает быть аналогом RT,"В мире,Россия,США,Маргарита Симоньян,Джин Шахин,Санкции в отношении России"
В Гамбурге задержали подозреваемую в нападении с ножом 39-летнюю женщину ,21:39 23.05.2025,https://ria.ru/20250523/zaderzhanie-2018781478.html,По делу о нападении с ножом на вокзале в Гамбурге задержали 39-летнюю женщину,"Гамбург (город),Германия,В мире"
Гонконгский университет пригласил к себе иностранных студентов из Гарварда ,21:35 23.05.2025,https://ria.ru/20250523/universitet-2018781222.html,Гонконгский университет пригласил на обучение иностранных студентов из Гарварда,"В мире,Дональд Трамп,Гонконг,США,Гарвардский университет"
Трамп хочет запретить и другим университетам прием иностранных студентов ,21:32 23.05.2025,https://ria.ru/20250523/universitety-2018781075.html,Трамп не исключил запрета на прием иностранных студентов в других университетах,"США,Дональд Трамп,В мире,Ближний Восток,Израиль,ХАМАС"
"В Минске задержали мужчину, обвиняемого в похищении дочери ",21:31 23.05.2025,https://ria.ru/20250523/belorussiya-2018780855.html,"В Минске задержали мужчину, находившегося в розыске за похищение дочери","Россия,Минск,Белоруссия,Владимир Колокольцев,Ирина Волк,В мире"
В Киеве обратили внимание на одну деталь в отношении Трампа к Зеленскому ,21:30 23.05.2025,https://ria.ru/20250523/zelenskiy-2018780495.html,Дубинский: Зеленский является раздражающим фактором для Трампа,"В мире,США,ЮАР,Украина,Владимир Зеленский,Дональд Трамп,Александр Дубинский,Верховная Рада Украины"
"Трамп рассказал, чего хочет добиться 50-процентными пошлинами ",21:27 23.05.2025,https://ria.ru/20250523/poshliny-2018780377.html,Трамп: пошлины в 50% заставят европейские компании перенести производство в США,"США,Дональд Трамп,Введение Трампом пошлин на импорт,В мире,Европа,Экономика"
Reuters написал о продаже иностранного алкоголя в США на фоне новых пошлин ,21:10 23.05.2025,https://ria.ru/20250523/ssha-2018778715.html,Reuters: в случае новых пошлин французский коньяк не смогут продавать в США,"США,Китай,Дональд Трамп,Евросоюз,Введение Трампом пошлин на импорт,В мире"
"Украинские пленные заявили, что больше не будут воевать против России ",21:08 23.05.2025,https://ria.ru/20250523/plennye-2018778231.html,"Пленные ВСУ перед обменом заявили, что лучше попасть в тюрьму, чем воевать с РФ","Специальная военная операция на Украине,В мире,Россия,Украина,Курская область,Владимир Мединский,Вооруженные силы Украины"
Эрдоган высказался об обмене пленными между Россией и Украиной ,21:05 23.05.2025,https://ria.ru/20250523/ukraina-2018777983.html,Эрдоган назвал обмен пленными между Россией и Украиной важным шагом,"В мире,Россия,Украина,Турция,Реджеп Тайип Эрдоган,Педро Санчес,Владимир Мединский,Вооруженные силы Украины,Евросоюз,Переговоры России и Украины в Стамбуле — 2025"
Трамп примет участие в саммите НАТО в Гааге ,20:51 23.05.2025,https://ria.ru/20250523/tramp-2018776532.html,Постпред США при НАТО: Трамп примет участие в саммите в Гааге,"В мире,США,Гаага,Европа,Дональд Трамп,НАТО,Атлантический совет"
"""Не наше дело"": в США сделали жесткое признание по Украине ",20:48 23.05.2025,https://ria.ru/20250523/ssha-2018776212.html,Макгрегор призвал США немедленно выйти из украинского конфликта,"Специальная военная операция на Украине,В мире,США,Украина,Европа,Дональд Трамп,Джо Байден,Сергей Лавров,Россия"
"""Нужна война"". На Западе резко предостерегли США из-за России и Украины ",20:47 23.05.2025,https://ria.ru/20250523/ssha-2018775341.html,Шрайвер: США не следует вмешиваться в украинский конфликт,"Специальная военная операция на Украине,В мире,США,Россия,Украина,Дональд Трамп,Джо Байден,Сергей Лавров"
Полиция Гамбурга заявила о задержании нападавшего на вокзале ,20:19 23.05.2025,https://ria.ru/20250523/germaniya-2018772821.html,Полиция Германии заявила о задержании нападавшего с ножом на вокзале в Гамбурге,"Гамбург (город),В мире,Bild,Германия"
В США раскрыли главное желание Трампа по Украине ,20:08 23.05.2025,https://ria.ru/20250523/tramp-2018771630.html,Bloomberg: Трамп хочет скорее покончить с проблемой Украины,"Специальная военная операция на Украине,В мире,Украина,США,Дональд Трамп,Сергей Лавров,Россия"
Количество пострадавших от нападения в Гамбурге увеличилось до 12 человек ,20:08 23.05.2025,https://ria.ru/20250523/germaniya-2018771530.html,NDR: количество пострадавших от нападения в Гамбурге увеличилось до 12 человек,"Гамбург (город),В мире,Bild,Германия"
В Крыму назвали скудоумием заявление Верещук о России ,20:02 23.05.2025,https://ria.ru/20250523/ukraina-2018770568.html,Крымский депутат Цеков назвал скудоумием заявление Верещук о России,"Россия,Украина,Ирина Верещук,Сергей Цеков,Владимир Зеленский,Верховная Рада Украины,В мире"
Восемь человек пострадали после нападения с ножом на вокзале в Гамбурге  ,19:56 23.05.2025,https://ria.ru/20250523/bild-2018770111.html,Bild: восемь человек пострадали после нападения с ножом на вокзале в Гамбурге ,"Гамбург (город),В мире,Bild,Германия"
Генсек ООН пригласил папу римского посетить организацию ,19:53 23.05.2025,https://ria.ru/20250523/oon-2018769818.html,Генсек ООН Гутерреш пригласил папу римского посетить организацию,"В мире,Антониу Гутерреш,Фархан Хак,ООН,Новый Папа Римский"
В ООН поприветствовали обмен пленными между Россией и Украиной ,19:50 23.05.2025,https://ria.ru/20250523/oon-2018769615.html,"В ООН выразили надежду, что обмен пленными между Россией и Украиной продолжится","В мире,Здоровье - Общество,Россия,Курская область,Белоруссия,Фархан Хак,Вооруженные силы Украины,Переговоры России и Украины в Стамбуле — 2025"
Лавров рассказал о работе над документами по урегулированию на Украине ,19:46 23.05.2025,https://ria.ru/20250523/rossija-2018769416.html,"МИД: РФ будет работать над документами по урегулированию, несмотря на провокации","В мире,Россия,Москва,Киев,Сергей Лавров,Владимир Путин,Евросоюз"
Экс-глава МО Армении высказался о закупке западного вооружения ,19:45 23.05.2025,https://ria.ru/20250523/armenija-2018769243.html,Экс-глава МО Армении Карапетян: 90% купленного у Запада оружия нельзя применять,"Армения,Франция,Ереван,Себастьян Лекорню,В мире"
"Москалькова заявила о более 30 курянах, удерживаемых Украиной в Сумах ",19:43 23.05.2025,https://ria.ru/20250523/sumy-2018769071.html,Москалькова: Украина продолжает удерживать в Сумах 34 жителя Курской области,"В мире,Здоровье - Общество,Россия,Курская область,Белоруссия,Татьяна Москалькова,Вооруженные силы Украины,Украина"
Минобороны показало видео возвращения гражданских лиц из украинского плена ,19:39 23.05.2025,https://ria.ru/20250523/ukraina-2018768473.html,Минобороны показало видео возвращения гражданских лиц из плена ВСУ,"Министерство обороны РФ (Минобороны РФ),Вооруженные силы Украины,В мире"
"Лидеры ЕС надеются вернуть Трампа в антироссийский лагерь, заявил Лавров ",19:35 23.05.2025,https://ria.ru/20250523/lavrov-2018767946.html,Лавров: в ЕС хотят разделить с США ответственность за террор киевского режима,"В мире,Украина,Россия,США,Сергей Лавров,Дональд Трамп,Эммануэль Макрон,НАТО,Евросоюз"
"Россия ждет реакции ООН на украинские атаки, заявил Лавров ",19:30 23.05.2025,https://ria.ru/20250523/ukraina-2018767386.html,Лавров: Россия ожидает реакцию ООН на атаки Киева по гражданским объектам,"Специальная военная операция на Украине,В мире,Москва,Киев,Украина,Сергей Лавров,ООН,Переговоры России и Украины в Стамбуле — 2025"
Лавров высказался об увеличении атак Киева по России ,19:30 23.05.2025,https://ria.ru/20250523/lavrov-2018767242.html,Лавров: связь между атаками Киева и визитами политиков ЕС невозможно не видеть,"В мире,Россия,Киев,Украина,Сергей Лавров"
Лавров: Киеву передадут проект об урегулировании после обмена пленными ,19:25 23.05.2025,https://ria.ru/20250523/lavrov-2018766674.html,Лавров: РФ передаст Украине проект урегулирования кризиса после обмена пленными,"В мире,Россия,Стамбул,Киев,Сергей Лавров"
На Западе сделали шокирующее предупреждение о России и Украине ,19:17 23.05.2025,https://ria.ru/20250523/ukraina-2018762993.html,"Фази: страны, у которых Запад требует отвернуться от РФ, ждет незавидная судьба","В мире,Россия,Сербия,Москва,Кайя Каллас,Александр Вучич,Владимир Путин,Евросоюз,НАТО"
В США приостановили запрет на прием иностранных студентов в Гарвард ,19:14 23.05.2025,https://ria.ru/20250523/ssha-2018764782.html,Суд в США приостановил действие запрета на прием иностранных студентов в Гарвард,"В мире,США,Массачусетс,Ближний Восток,Дональд Трамп,Гарвардский университет,ХАМАС"
Золото дорожает из-за неопределенности на мировых рынках ,19:12 23.05.2025,https://ria.ru/20250523/zoloto-2018764330.html,Цена на золото растет на фоне неопределенности на мировых рынках,"Цены на нефть,США,Дональд Трамп,Евросоюз,Введение Трампом пошлин на импорт,В мире"
"Период бесспорного господства США закончился, заявил Вэнс ",19:08 23.05.2025,https://ria.ru/20250523/ssha-2018763567.html,Вице-президент Вэнс: Россия и Китай оспаривают господство США во всех сферах,"В мире,США,Китай,Россия,Марко Рубио"
Иран предложил США механизмы для устранения препятствий на переговорах ,18:56 23.05.2025,https://ria.ru/20250523/iran-2018761810.html,Министр Аракчи предложил новые механизмы в переговорах между США и Ираном,"В мире,Иран,Оман,США,Аббас Аракчи,Обострение отношений США и Ирана"
Эксперт оценил экономические потери США и ЕС из-за пошлин ,18:52 23.05.2025,https://ria.ru/20250523/poshliny-2018760557.html,Ковригин: США и ЕС могут потерять более 200 млрд долларов за год из-за пошлин,"Экономика,США,Китай,Дональд Трамп,Евросоюз,РЭУ имени Г. В. Плеханова,Введение Трампом пошлин на импорт,В мире"
"""Это унизительно!"" Во Франции высмеяли угрозы G7 в адрес России ",18:52 23.05.2025,https://ria.ru/20250523/frantsiya-2018760281.html,None,"В мире,Россия,Франция,Владимир Путин,G7,Санкции в отношении России"
"России нужно развивать искусственный интеллект, считает Греф ",18:52 23.05.2025,https://ria.ru/20250523/rossiya-2018760059.html,Греф: России не нужно повторять опыт передовых стран в развитии технологий,"Технологии,Россия,Герман Греф,Сбербанк России,Сколковский институт науки и технологий,В мире"
Иран надеется на прогресс в переговорах с Россией ,18:51 23.05.2025,https://ria.ru/20250523/iran-2018759896.html,Глава МИД Ирана надеется за 1-2 раунда достичь прогресса в переговорах с США,"В мире,Иран,Россия,США,Аббас Аракчи,Дональд Трамп,Обострение отношений США и Ирана,Стив Уиткофф"
"Портнов накануне смерти встречался с Зеленским, утверждает Шарий ",18:46 23.05.2025,https://ria.ru/20250523/portnov-2018758317.html,"Шарий: Портнов накануне смерти посетил Киев, где встретился с Зеленским","В мире,Украина,Киев,Мадрид,Анатолий Шарий,Андрей Портнов (политик),Владимир Зеленский,Убийство Андрея Портнова в Испании,Испания"
Путин поручил обеспечить поддержку запуска малых космических аппаратов ,18:44 23.05.2025,https://ria.ru/20250523/putin-2018757809.html,"Путин поручил ""Роскосмосу"" обеспечить запуск малых космических аппаратов","Роскосмос,Россия,Владимир Путин,В мире"
"Украина хочет сорвать переговоры с Россией атаками БПЛА, заявил МИД ",18:44 23.05.2025,https://ria.ru/20250523/mid-2018757683.html,МИД: РФ даст адекватный ответ на массированные атаки беспилотников ВСУ,"В мире,Россия,Украина,Министерство иностранных дел Российской Федерации (МИД РФ)"
Путин призвал развивать отношения с зарубежными партнерами по ВТС ,18:35 23.05.2025,https://ria.ru/20250523/putin-2018754931.html,"Путин: Россия должна предлагать за рубежом не только вооружение, но и услуги","Безопасность,Россия,Владимир Путин,В мире"
"Портфель заказов на российскую военную продукцию серьезный, заявил Путин ",18:28 23.05.2025,https://ria.ru/20250523/portfel-2018752344.html,Путин: сумма заказов на военную продукцию из РФ достигает десятков млрд долларов,"Россия,Владимир Путин,В мире"
Путин заявил о цели укрепить позиции на экспортном рынке вооружения ,18:20 23.05.2025,https://ria.ru/20250523/putin-2018750056.html,Путин заявил о цели России укрепиться на экспортном рынке вооружения,"Россия,Владимир Путин,В мире"
"У ЕС есть проблема коллективных действий, заявил глава минфина США ",18:03 23.05.2025,https://ria.ru/20250523/bessent-2018746113.html,"Бессент: многие страны ЕС даже не знают, о чем договариваются от их лица","США,Брюссель,Китай,Скотт Бессент,Дональд Трамп,Евросоюз,Введение Трампом пошлин на импорт,Министерство финансов США,В мире"
В РПЦ отреагировали на критику Ватикана как площадки для переговоров ,17:42 23.05.2025,https://ria.ru/20250523/rpts-2018740057.html,Советник патриарха Балашов: согласен с негативной оценкой Лаврова роли Ватикана,"Религия,Украина,Россия,Ватикан,Николай Балашов,Сергей Лавров,Владимир Зеленский,Московский Патриархат,Служба безопасности Украины,В мире,Русская православная церковь"
В Польше заявили о перехвате российского Су-24 ,17:39 23.05.2025,https://ria.ru/20250523/polsha-2018738565.html,ВВС Польши подняли на перехват российского Су-24 над Балтийским морем,"Польша,Россия,Балтийское море,Владислав Косиняк-Камыш,НАТО,Су-24,В мире"
Дмитриев: ЕС тратит слишком много времени на экономическое самоуничтожение ,17:39 23.05.2025,https://ria.ru/20250523/rossija-2018738348.html,Дмитриев: ЕС скорее должен заняться решением накопившихся экономических проблем,"США,Россия,Китай,Дональд Трамп,Кирилл Дмитриев,Евросоюз,Российский фонд прямых инвестиций,Telegram,В мире"
"""Не остановить"". На Западе сделали предупреждение Украине о России ",17:31 23.05.2025,https://ria.ru/20250523/preduprezhdenie-2018736243.html,Крейчи: Украина может лишиться еще нескольких областей,"В мире,Россия,Украина,Владимир Мединский,Москва,Владимир Путин,Дональд Трамп"
Члены ГД проведут встречу с депутатом ЕП от Люксембурга  ,17:22 23.05.2025,https://ria.ru/20250523/gd-2018733882.html,Члены ГД проведут встречу с депутатом ЕП от Люксембурга Картхайзером,"Госдума РФ,В мире,Россия,Европарламент"
Евродепутат от Люксембурга планирует посетить Москву в ближайшее время ,17:14 23.05.2025,https://ria.ru/20250523/evrodeputat-2018732637.html,Депутат ЕП Картхайзер в ближайшее время планирует посетить РФ по приглашению ГД,"В мире,Люксембург (округ),Госдума РФ,Москва,Украина,Европарламент"
"""Близка к катастрофе"": во Франции ужаснулись положению Украины ",17:09 23.05.2025,https://ria.ru/20250523/ukraina-2018730758.html,Феррейра: положение украинской армии становится катастрофическим,"Специальная военная операция на Украине,В мире,Франция,Украина,Донбасс,Вооруженные силы Украины,Россия,Вооруженные силы РФ"
Британия ограничила деятельность производителя противопожарных систем   ,17:08 23.05.2025,https://ria.ru/20250523/britanija-2018730577.html,Британия ограничила производителя противопожарных систем за связи с КНР,"Технологии,Великобритания,Пекин,Кент (Вашингтон),Пекинский университет,В мире"
Депутаты ГД договорились с индийскими парламентариями об обмене опытом ,16:52 23.05.2025,https://ria.ru/20250523/duma-2018726562.html,Депутат Пискарев: Россия и Индия будут обмениваться опытом борьбы с терроризмом,"Москва,Индия,Василий Пискарев,Владимир Васильев,Госдума РФ,В мире"
На Украине заявили о запуске совместного инвестфонда с США ,16:47 23.05.2025,https://ria.ru/20250523/ukraina-2018726021.html,Свириденко: Украина и США запустили инвестфонд в рамках сделки об ископаемых,"Украина,США,Киев,Денис Шмыгаль,В мире,Экономика"
Возвращенные из украинского плена россияне находятся в Белоруссии ,16:45 23.05.2025,https://ria.ru/20250523/ukraina-2018725655.html,Минобороны: вернувшиеся из украинского плена россияне находятся в Белоруссии,"Специальная военная операция на Украине,Белоруссия,Министерство обороны РФ (Минобороны РФ),В мире,Украина"
ВСУ открыли массированный огонь по запорожской Каменке-Днепровской ,16:42 23.05.2025,https://ria.ru/20250523/vsu-2018724588.html,Рогов: ВСУ обстреляли запорожскую Каменку-Днепровскую кассетными боеприпасами,"Специальная военная операция на Украине,В мире,Россия,Запорожская область,Днепр (город),Владимир Рогов,Вооруженные силы Украины"
Россия и Украина провели первый этап масштабного обмена пленными  ,16:34 23.05.2025,https://ria.ru/20250523/obmen-2018721873.html,Россия и Украина передали друг другу по 390 человек в рамках соглашения в Турции,"В мире,Россия,Украина,Курская область,Вооруженные силы Украины"
Обмен пленными между Россией и Украиной планируют продолжить ,16:31 23.05.2025,https://ria.ru/20250523/ukraina-2018721508.html,Обмен пленными между Россией и Украиной планируют продолжить в ближайшие дни,"Россия,В мире,Украина,Белоруссия"
Россия и Украина провели первый этап масштабного обмена пленными ,16:30 23.05.2025,https://ria.ru/20250523/plen-2018720315.html,Россия вернула из украинского плена 270 военных,"В мире,Россия,Украина,Вооруженные силы Украины"
"Дурова, против которого во Франции идет следствие, заметили в Каннах ",16:29 23.05.2025,https://ria.ru/20250523/telegram-2018720150.html,Figaro: Дуров посетил гала-вечер на полях Каннского кинофестиваля,"Франция,США,Дубай,Павел Дуров,Кевин Спейси,Джеймс Франко,В мире"
МИД ФРГ прокомментировал планы Трампа ввести новые пошлины для ЕС ,16:27 23.05.2025,https://ria.ru/20250523/tramp-2018719758.html,"МИД Германии: и США, и ЕС пострадают от новых пошлин Трампа","Германия,Евросоюз,США,Дональд Трамп,В мире"
Эксперт оценил идею Трампа ввести пошлины на европейские товары ,16:23 23.05.2025,https://ria.ru/20250523/tramp-2018718503.html,Керр назвал угрозы Трампа ввести пошлины в 50% с 1 июня элементом торга,"США,Китай,Дональд Трамп,Евросоюз,Введение Трампом пошлин на импорт,В мире"
"СБУ заявила о национализации земли, принадлежавшей россиянам ",16:20 23.05.2025,https://ria.ru/20250523/sbu-2018716513.html,"СБУ под Киевом национализировала земельные участки, принадлежавшие россиянам","В мире,Украина,Россия,Киевская область,Служба безопасности Украины"
Замглавы офиса Зеленского призвала готовить детей к войне со школы ,16:15 23.05.2025,https://ria.ru/20250523/ukraina-2018715546.html,Замглавы офиса Зеленского призвала внушать школьникам мысль о России как о враге,"В мире,Россия,Украина,Донбасс,Владимир Зеленский,Ирина Верещук,Владимир Путин,Вооруженные силы Украины"
ЕС будет обсуждать новые санкции против России ,16:13 23.05.2025,https://ria.ru/20250523/es-2018715381.html,МИД ФРГ: ЕС будет обсуждать новые санкции против России,"Россия,Цены на нефть,Индия,Москва,Владимир Путин,МИД Германии,Евросоюз,Санкции в отношении России,В мире"
В Судане отвергли заявления США о применении химоружия ,16:09 23.05.2025,https://ria.ru/20250523/sudan-2018714724.html,Министр культуры Судана назвал заявления США о применении химоружия ложью,"В мире,Судан,США,Дарфур,Международный комитет Красного Креста (МККК)"
Гарвард подал в суд на власти США ,16:00 23.05.2025,https://ria.ru/20250523/ssha-2018712716.html,Гарвард подал в суд на правительство США из-за запрета на иностранных студентов,"США,В мире,Массачусетс,Гарвардский университет"
На всей территории Украины объявили воздушную тревогу ,15:47 23.05.2025,https://ria.ru/20250523/trevoga-2018709976.html,Воздушную тревогу объявили в пятницу на всей территории Украины,"Специальная военная операция на Украине,Украина,В мире,Россия,Киев,Дмитрий Песков,Вооруженные силы Украины"
Школы в пяти федеральных землях Германии получили письма с угрозами ,15:37 23.05.2025,https://ria.ru/20250523/germaniya-2018706959.html,Zeit: школы в пяти федеральных землях Германии получили письма с угрозами,"В мире,Германия,Бавария,Мекленбург-Передняя Померания"
"""Надо говорить честно"". Залужный сделал неожиданное заявление о России ",15:34 23.05.2025,https://ria.ru/20250523/zaluzhnyy-2018705484.html,Залужный признал превосходство России над Украиной по инновациям на поле боя,"В мире,Украина,Россия,Лондон,Валерий Залужный,Вооруженные силы Украины"
Белоруссия предложила России обменяться данными о борьбе с вредоносном ПО ,15:31 23.05.2025,https://ria.ru/20250523/belorussija-2018704239.html,МВД Белоруссии предложило обменяться информацией о вредоносном ПО с Россией,"Технологии,Белоруссия,Могилев,Андрей Ковалев,В мире"
Захарова высказалась о нападении на школьный автобус в Пакистане ,15:26 23.05.2025,https://ria.ru/20250523/mid-2018698160.html,Захарова: Россия решительно осуждает нападение на школьный автобус в Пакистане,"В мире,Здоровье - Общество,Россия,Пакистан,Белуджистан,Мария Захарова"
"""Людей нет"": на Западе раскрыли проблему Европы из-за ""российской угрозы"" ",15:20 23.05.2025,https://ria.ru/20250523/evropa-2018693638.html,SZ: у Европы нет живой силы для ведения современной войны,"В мире,Россия,Европа,Москва,НАТО,Евросоюз"
Пакистан предложит США льготы для инвестиций в горнодобывающую отрасль ,15:18 23.05.2025,https://ria.ru/20250523/ssha-2018693111.html,Исламабад предложит Вашингтону льготы для инвестиций в горнодобывающую отрасль,"Цены на нефть,Пакистан,США,Вашингтон (штат),Дональд Трамп,В мире"
Нефть подешевела на один процент после слов Трампа об импортных пошлинах ,15:08 23.05.2025,https://ria.ru/20250523/tseny-2018690016.html,Нефть дешевела на 1% после предложения Трампа об импортных пошлинах в 50%,"Цены на нефть,США,Дональд Трамп,Евросоюз,Brent,WTI (нефть),Введение Трампом пошлин на импорт,В мире"
СМИ: полиция рассматривает версию заказного убийства в деле Портнова ,15:08 23.05.2025,https://ria.ru/20250523/portnov-2018689641.html,Pais: испанская полиция рассматривает версию заказного убийства в деле Портнова,"В мире,Мадрид,Андрей Портнов (политик),Виктор Янукович,Убийство Андрея Портнова в Испании"
СМИ: начался пятый раунд переговоров между Ираном и США ,15:06 23.05.2025,https://ria.ru/20250523/iran-2018688586.html,Tasnim: в Риме начался пятый раунд переговоров Ирана и США по ядерной программе,"В мире,Иран,США,Вашингтон (штат),Стив Уиткофф,Аббас Аракчи,Али Хаменеи,Обострение отношений США и Ирана"
Трамп пригрозил Евросоюзу 50-процентными пошлинами ,14:53 23.05.2025,https://ria.ru/20250523/poshliny-2018683106.html,Трамп хочет ввести для ЕС пошлины в 50 процентов с 1 июня,"Евросоюз,Дональд Трамп,В мире"
США расширят использование чат-бота Grok в правительстве ,14:48 23.05.2025,https://ria.ru/20250523/ssha-2018680751.html,Reuters: DOGE расширит использование чат-бота Grok в правительстве США,"В мире,Технологии,США,Илон Маск,Дональд Трамп"
"""Особый ужас"". СМИ пишут о панике на Западе из-за российского оружия  ",14:44 23.05.2025,https://ria.ru/20250523/oruzhie-2018678812.html,"InfoBRICS: западные страны боятся российской ракеты ""Искандер-М""","В мире,Украина,Сумская область,НАТО,БРИКС,Искандер-М,США,Европа"
"Пентагон планирует передать управление по делам России, Украины и Евразии ",14:42 23.05.2025,https://ria.ru/20250523/pentagon-2018677821.html,"Defense News: Пентагон передаст управление по делам России, Украины и Евразии","В мире,Россия,Украина,Евразия,Министерство обороны США,НАТО"
В посольстве России высказались о переговорах по Украине в Швейцарии ,14:36 23.05.2025,https://ria.ru/20250523/ukraina-2018675707.html,Посольство назвало вопрос о переговорах Москвы и Киева в Швейцарии теоретическим,"Швейцария,В мире,Россия,Украина,Владимир Зеленский,Карин Келлер-Саттер,Дональд Трамп,ООН,НАТО"
Иран пригрозил США новым Вьетнамом и Афганистаном ,14:34 23.05.2025,https://ria.ru/20250523/iran-2018674687.html,Иран пригрозил США новым Вьетнамом и Афганистаном в случае ошибки Вашингтона,"В мире,Иран,США,Израиль,ООН,МАГАТЭ"
Rheinmetall договорился о поставках взрывчатки из Индии ,14:26 23.05.2025,https://ria.ru/20250523/rheinmetall-2018663047.html,Rheinmetall договорился о поставках взрывчатки и топлива из Индии,"Махараштра,Дюссельдорф,Европа,Rheinmetall AG,В мире"
"Эксперт рассказал, с какой целью Британия использует украинский конфликт ",14:25 23.05.2025,https://ria.ru/20250523/britaniya-2018662787.html,Клинцевич: Британия использует украинский конфликт для отработки морских БПЛА,"Украина,Россия,Великобритания,Андрей Келин,Владимир Зеленский,Сергей Лавров,НАТО,В мире"
Мерц призвал Си Цзиньпина поддержать усилия по перемирию на Украине ,14:17 23.05.2025,https://ria.ru/20250523/ukraina-2018660606.html,Мерц призвал Си Цзиньпина поддержать усилия по прекращению огня на Украине,"В мире,Германия,Украина,Россия,Фридрих Мерц,Си Цзиньпин,Сергей Лавров,Евросоюз,НАТО"
Вьетнам принял решение о блокировке Telegram ,14:12 23.05.2025,https://ria.ru/20250523/vetnam-2018658477.html,Reuters: министерство науки и технологий Вьетнама решило заблокировать Telegram,"В мире,Технологии,Вьетнам,Telegram"
"Россия и Украина согласовали обмен пленными, заявил Трамп ",13:41 23.05.2025,https://ria.ru/20250523/obmen-2018645845.html,Трамп: Россия и Украина завершили согласование обмена пленными,"Специальная военная операция на Украине,В мире,Россия,Украина,Дональд Трамп,США,Переговоры России и Украины в Стамбуле — 2025"
На Западе сделали неожиданное заявление о Путине из-за стратегии Киева ,13:33 23.05.2025,https://ria.ru/20250523/strategiya-2018644334.html,Unherd: стратегия Киева по санкциям навредит отношениям ЕС и США и ослабит НАТО,"Россия,Киев,США,Урсула фон дер Ляйен,Владимир Путин,Евросоюз,НАТО,Еврокомиссия,Северный поток,Цены на нефть,В мире,Украина"
Родительские субботы в 2025 году: расписание и традиции поминальных дней ,13:27 23.05.2025,https://ria.ru/20250523/subbota-1833322217.html,None,"Религия,Общество,Религия,Православие,вера,Традиции,В мире,Религиозные праздники"
"Группировка ""Восток"" за неделю уничтожила до 1185 боевиков ВСУ ",13:18 23.05.2025,https://ria.ru/20250523/svo-2018640457.html,"Группировка ""Восток"" за неделю уничтожила до 1185 боевиков и два танка ВСУ","Специальная военная операция на Украине,Россия,Вооруженные силы Украины,В мире,Министерство обороны РФ (Минобороны РФ),НАТО"
"Группировка ""Юг"" за неделю уничтожила до 1665 боевиков ВСУ ",13:15 23.05.2025,https://ria.ru/20250523/svo-2018640148.html,"Группировка ""Юг"" за неделю уничтожила до 1665 боевиков и два танка ВСУ","Специальная военная операция на Украине,Россия,Вооруженные силы Украины,В мире,США,Министерство обороны РФ (Минобороны РФ)"
"Лавров рассказал, что Европа может сделать в ситуации по Украине ",13:08 23.05.2025,https://ria.ru/20250523/lavrov-2018638200.html,"Лавров: ЕС должен потребовать от Киева отменить законы, нарушающие устав ООН","В мире,Украина,Европа,Киев,Сергей Лавров,ООН"
Лавров назвал политику России на украинском направлении правильной ,13:08 23.05.2025,https://ria.ru/20250523/lavrov-2018637937.html,"Лавров заявил, что с каждым днем убеждается в том, что дело России правое","Специальная военная операция на Украине,Россия,Сергей Лавров,В мире"
Лавров призвал провести выборы на Украине ,13:01 23.05.2025,https://ria.ru/20250523/lavrov-2018637041.html,Лавров назвал проведение выборов на Украине оптимальным вариантом,"Украина,Россия,Сергей Лавров,Верховная Рада Украины,В мире"
Лавров прокомментировал позицию США по Украине ,12:55 23.05.2025,https://ria.ru/20250523/lavrov-2018636113.html,Лавров: США открыто говорят о необходимости обсуждения украинского вопроса,"Специальная военная операция на Украине,Европа,США,Украина,Сергей Лавров,В мире"
Лавров рассказал о принципе составления меморандума по Украине ,12:51 23.05.2025,https://ria.ru/20250523/lavrov-2018635506.html,"Лавров: РФ в меморандуме исходит из того, как устранить первопричины конфликта","Россия,Сергей Лавров,Петербургский международный юридический форум,Украина,В мире"
Лавров призвал быть реалистами в диалоге с США ,12:50 23.05.2025,https://ria.ru/20250523/lavrov-2018635182.html,Лавров призвал быть реалистами в диалоге с США из-за возможной смены позиции,"Вашингтон (штат),Россия,США,Сергей Лавров,В мире"
Лавров назвал подготовку мирного договора по Украине самой важной задачей ,12:46 23.05.2025,https://ria.ru/20250523/lavrov-2018633543.html,"Лавров заявил о необходимости готовить договор, обеспечивающий долгосрочный мир","Украина,Россия,Сергей Лавров,В мире"
Песков прокомментировал возможное лишение Венгрии права голоса ,12:43 23.05.2025,https://ria.ru/20250523/peskov-2018632998.html,Песков: нынешний мейнстрим ЕС не нравится ряду стран с собственной позицией,"В мире,Венгрия,Будапешт,Россия,Дмитрий Песков,Виктор Орбан,Дидье Рейндерс,Евросоюз,Еврокомиссия"
Лавров прокомментировал ситуацию с русскоязычными людьми на Украине ,12:39 23.05.2025,https://ria.ru/20250523/lavrov-2018632338.html,Лавров: Россия не может оставить русскоязычных людей под властью Киева,"Специальная военная операция на Украине,В мире,Украина,Москва,Россия,Сергей Лавров,Владимир Зеленский"
Песков прокомментировал попытки ЕС ограничить Венгрию ,12:37 23.05.2025,https://ria.ru/20250523/peskov-2018631771.html,Песков: попытки ограничить Венгрию в Совете ЕС указывают на противоречия в союзе,"Венгрия,Евросоюз,В мире,Будапешт,Дмитрий Песков,Виктор Орбан,Россия,Дидье Рейндерс,Еврокомиссия"
"Киевский режим продолжает враждебные действия, заявили в Кремле ",12:34 23.05.2025,https://ria.ru/20250523/peskov-2018631181.html,Песков: киевский режим демонстрирует свою сущность ударами по мирным объектам,"Россия,Украина,В мире,Дмитрий Песков"
"Украина рассчитывала, что поддержка от США будет вечной, заявил Лавров ",12:14 23.05.2025,https://ria.ru/20250523/lavrov-2018624132.html,"Лавров: Киев рассчитывал на вечную поддержку от США, но это не война Трампа","В мире,Украина,США,Россия,Сергей Лавров,Дональд Трамп"
"Лавров объяснил, почему встреча с Украиной была бы неуместна в Ватикане ",12:13 23.05.2025,https://ria.ru/20250523/lavrov-2018623674.html,Лавров: принимать встречу России и Украины было бы некомфортно для Ватикана,"Украина,Ватикан,Россия,Сергей Лавров,В мире"
Лавров высказался о вероятности переговоров России и Украины в Ватикане ,12:13 23.05.2025,https://ria.ru/20250523/lavrov-2018623433.html,Лавров назвал нереалистичным проведение переговоров России и Украины в Ватикане,"Специальная военная операция на Украине,Россия,Украина,Ватикан,В мире,Сергей Лавров,Переговоры России и Украины в Стамбуле — 2025"
"Лавров рассказал, когда вопрос легитимности Зеленского станет решающим ",12:10 23.05.2025,https://ria.ru/20250523/lavrov-2018623062.html,Лавров: вопрос легитимности Зеленского будет решающим для урегулирования,"В мире,Сергей Лавров,Владимир Зеленский"
Лавров рассказал о подготовке меморандума по прекращению огня на Украине ,12:10 23.05.2025,https://ria.ru/20250523/lavrov-2018622959.html,Лавров: работа над меморандумом по Украине находится в продвинутой стадии,"Украина,Россия,В мире,Сергей Лавров,Москва"
Лавров назвал новый раунд переговоров с Украиной позитивным шагом ,12:06 23.05.2025,https://ria.ru/20250523/lavrov-2018622421.html,None,"Украина,Россия,Переговоры России и Украины в Стамбуле — 2025,В мире"
Лавров указал на неадекватность Зеленского ,12:03 23.05.2025,https://ria.ru/20250523/lavrov-2018621264.html,Лавров указал на очевидную неадекватность Зеленского,"Украина,Россия,Сергей Лавров,В мире"
Суд заблокировал указ Трампа о ликвидации Минобразования ,11:45 23.05.2025,https://ria.ru/20250523/sud-2018616435.html,Суд Массачусетса заблокировал указ Трампа о расформировании Минобразования,"В мире,Массачусетс,США,Мэриленд,Дональд Трамп"
СМИ рассказали о неожиданной просьбе США в адрес России ,11:43 23.05.2025,https://ria.ru/20250523/bloomberg-2018616159.html,Bloomberg: США просят Россию о другой делегации на переговорах по Украине,"Россия,Украина,Москва,Дмитрий Песков,Владимир Мединский,Переговоры России и Украины в Стамбуле — 2025,Владимир Путин,В мире"
"""Все на понтах"": в Раде пришли в ярость из-за делегации Украины в Стамбуле ",11:39 23.05.2025,https://ria.ru/20250523/delegatsiya-2018614924.html,Нардеп Скороход сравнила украинских дипломатов в Стамбуле с детьми,"В мире,Украина,Россия,Стамбул,Владимир Мединский,Владимир Путин,Анна Скороход,Верховная Рада Украины,YouTube,Переговоры России и Украины в Стамбуле — 2025"
Грузия запретила россиянам и белорусам вывозить автомобили ,11:29 23.05.2025,https://ria.ru/20250523/gruziya-2018611286.html,Грузия с 15 мая полностью запретила гражданам России и Белоруссии вывоз авто,"Грузия,Россия,Белоруссия,В мире"
"Запад намеренно прививал украинскому населению нацизм, заявил Медведчук ",11:15 23.05.2025,https://ria.ru/20250523/zapad-2018607355.html,"Медведчук: Запад прививал на Украине нацизм, планируя использовать ее против РФ","В мире,Украина,Россия,Виктор Медведчук,Владимир Зеленский,Сергей Лавров,Верховная Рада Украины,Еврокомиссия,ООН"
В Госдуме прокомментировали заявление Залужного о границах Украины ,11:13 23.05.2025,https://ria.ru/20250523/gosduma-2018606534.html,Депутат Ивлев назвал заявление экс-главкома ВСУ Залужного запоздалым,"Специальная военная операция на Украине,В мире,Россия,Республика Крым,Украина,Леонид Ивлев,Валерий Залужный,Владимир Путин,Госдума РФ,Вооруженные силы Украины,ООН"
Орбан рассказал о шпионаже Украины против Венгрии ,11:09 23.05.2025,https://ria.ru/20250523/orban-2018605715.html,Орбан: спецслужбы Украины пытаются убедить венгров поддержать членство в ЕС,"В мире,Украина,Венгрия,Киев,Виктор Орбан,Петер Сийярто,Евросоюз,Служба безопасности Украины,Вооруженные силы Украины"
В Финляндии начались военные учения вблизи российских границ ,11:03 23.05.2025,https://ria.ru/20250523/finljandija-2018605049.html,В Финляндии начались учения с участием 5 тыс. военных вблизи границ РФ,"Россия,Финляндия,Швеция,Павел Кузнецов,Владимир Путин,Дмитрий Киселев,НАТО,В мире"
Хуситы в Йемене ударили по аэропорту Бен-Гурион в Израиле ,11:02 23.05.2025,https://ria.ru/20250523/ben-gurion-2018604780.html,Хуситы в Йемене нанесли ракетный удар по аэропорту Бен-Гурион в Израиле,"В мире,Йемен,Израиль"
Израиль нанес удары более чем по 75 объектам в Газе ,10:52 23.05.2025,https://ria.ru/20250523/izrail-2018603644.html,"ЦАХАЛ заявил, что за сутки нанес удары более чем по 75 объектам в Газе","В мире,Израиль,Катар,Египет,Стив Уиткофф,ХАМАС,Обострение палестино-израильского конфликта в 2024 году"
Рогов: взятие Богатыря в ДНР вызвало панику у украинских олигархов ,10:52 23.05.2025,https://ria.ru/20250523/rogov-2018603463.html,Рогов: приближение ВС РФ к Днепропетровской области вызвало панику у Украины,"Специальная военная операция на Украине,В мире,Днепропетровская область,Россия,Донецкая Народная Республика,Владимир Рогов,Владимир Зеленский,Вооруженные силы Украины"
В Италии арестовали вора в законе из Грузии ,10:39 23.05.2025,https://ria.ru/20250523/italija-2018600241.html,"Итальянская полиция арестовала вора в законе из Грузии, действовавшего в Одессе","В мире,Грузия,Одесса,Рим,Италия"
Рогов дал оценку словам Залужного о возврате к границам 1991 года ,10:16 23.05.2025,https://ria.ru/20250523/rogov-2018596060.html,"Рогов: Залужный посылает сигнал США, что он договороспособнее Зеленского","Специальная военная операция на Украине,В мире,Россия,Украина,Республика Крым,Валерий Залужный,Владимир Зеленский,Владимир Рогов,Вооруженные силы Украины,ООН"
В аэропорту Кишинева вновь задержали архиепископа Маркелла ,10:10 23.05.2025,https://ria.ru/20250523/markell-2018595027.html,Архиепископу Маркеллу запретили выезд из Молдавии в Турцию в целях паломничества,"Религия,Молдавия,Архиепископ Бельцкий и Фалештский Маркелл,В мире,Московский комсомолец,Задержание архиепископа Маркелла в Молдавии"
"СМИ раскрыли, что произошло в командовании ВСУ после удара ""Искандера"" ",09:27 23.05.2025,https://ria.ru/20250523/komandovanie-2018584661.html,IB: удар по полигону в Сумах раскрыл острые разногласия в командовании ВСУ,"В мире,Сумская область,Вооруженные силы Украины,БРИКС,Украина,Россия,Искандер-М"
"Британия потакает хотелкам Зеленского, заявил Келин ",08:49 23.05.2025,https://ria.ru/20250523/britanija-2018581435.html,"Посол Келин: Лондон укрепляет ощущение безнаказанности Зеленского, потакая ему","В мире,Россия,Украина,Стамбул,Владимир Зеленский,Андрей Келин,Владимир Мединский"
В Приднестровье продлили режим террористической опасности ,08:29 23.05.2025,https://ria.ru/20250523/pridnestrove-2018580126.html,В Приднестровье продлили режим террористической опасности до устранения угрозы,"В мире,Тирасполь,Кишинев,Молдавия,Вадим Красносельский,Служба безопасности Украины,ОБСЕ"
Глава ПМР высказался о заморозке переговоров Тирасполя и Кишинева ,08:18 23.05.2025,https://ria.ru/20250523/glava-2018579108.html,Красносельский: заморозка переговоров Тирасполя и Кишинева искусственна,"В мире,Молдавия,Украина,Россия,Вадим Красносельский,ОБСЕ,Объединенная контрольная комиссия (ОКК)"
В Паттайе погиб россиянин ,08:16 23.05.2025,https://ria.ru/20250523/pattayya-2018578977.html,В Паттайе погиб 27-летний россиянин,"Паттайя,Таиланд,В мире"
"Британия пытается сковать российский флот на Черном море, заявил Келин ",08:05 23.05.2025,https://ria.ru/20250523/flot-2018578527.html,"Келин: Британия пытается сковать российский флот на Черном море, помогая Украине","В мире,Украина,Черное море,Киев,Андрей Келин"
Павел Дуров наконец-то стал русским и поднял на восстание румын ,08:00 23.05.2025,https://ria.ru/20250523/durov-2018577233.html,None,"В мире,Франция,Румыния,Париж,Павел Дуров,Джордже Симион,Эммануэль Макрон,Евросоюз,Аналитика"
"Выборы в Польше еще продолжаются, но Украина уже проиграла ",08:00 23.05.2025,https://ria.ru/20250523/polsha-2018460468.html,None,"Аналитика,В мире,Польша,Украина,Рафал Тшасковски,Кароль Навроцкий"
"""Мы допустили ошибку"". Европа готовится к новым шагам против России ",08:00 23.05.2025,https://ria.ru/20250523/zapad-2018311563.html,NYT: разногласия США и ЕС по Украине могут обостриться на саммитах G7 и НАТО,"В мире,Украина,Европа,Россия,Джорджа Мелони,Эммануэль Макрон,Фридрих Мерц,НАТО,Евросоюз,Дональд Трамп,Владимир Путин"
СМИ: рекордное число американцев подали заявки на гражданство Британии ,07:53 23.05.2025,https://ria.ru/20250523/smi-2018578077.html,FT: рекордное число американцев подали заявки на получение гражданства Британии,"В мире,США,Великобритания,Дональд Трамп"
Бывший барабанщик Devil Wears Prada погиб в авиакатастрофе в Калифорнии ,07:33 23.05.2025,https://ria.ru/20250523/barabanschik-2018576762.html,Бывший барабанщик Devil Wears Prada Уильямс погиб в авиакатастрофе в Калифорнии,"Шоубиз,В мире,Калифорния,Сан-Диего,NBC"
"""Обернется катастрофой"": на Западе сообщили Украине страшные новости ",06:08 23.05.2025,https://ria.ru/20250523/ukraina-2018573631.html,Pravda: выход США из переговоров обернется для Киева катастрофой,"В мире,Россия,Украина,США,Дональд Трамп"
"""Два пути"": Трампу дали необычный совет после разговора с Путиным ",05:57 23.05.2025,https://ria.ru/20250523/putin-2018573293.html,Профессор Миршаймер: у Трампа остались только два пути урегулирования на Украине,"В мире,Россия,Украина,Москва,Дональд Трамп,Владимир Путин,Джон Миршаймер,Чикагский университет"
Совет ЕС во вторник обсудит возможное лишение Венгрии права голоса ,05:25 23.05.2025,https://ria.ru/20250523/es-2018572226.html,Совет ЕС 27 мая обсудит возможное лишение Венгрии права голоса,"В мире,Венгрия,Будапешт,Виктор Орбан,Дидье Рейндерс,Еврокомиссия,Евросоюз"
"Бразильское племя подало в суд на американские СМИ, сообщили AP ",05:21 23.05.2025,https://ria.ru/20250523/sud-2018571969.html,AP: бразильское племя марубо подало в суд на американские СМИ,"В мире,Бразилия,Лос-Анджелес,Технологии,Илон Маск,Yahoo! Inc."
"""Покидают поле боя"": в США заявили о крахе фронта на Украине ",05:15 23.05.2025,https://ria.ru/20250523/front-2018571676.html,"Подполковник Дэвис: состояние ВСУ намного хуже, чем может показаться","В мире,Украина,Дэниел Дэвис,Вооруженные силы Украины"
Израиль сообщил о запуске ракеты из Йемена ,04:20 23.05.2025,https://ria.ru/20250523/raketa-2018569653.html,ЦАХАЛ сообщила о запуске ракеты из Йемена в сторону Израиля,"В мире,Израиль,Йемен,Сана"
"Скрипалям не дали участвовать в расследовании гибели Стерджес, заявил Келин ",04:06 23.05.2025,https://ria.ru/20250523/skripali-2018569352.html,Посол Келин: Скрипалям не дали участвовать в расследовании гибели Стерджес,"В мире,Россия,Великобритания,Солсбери,Сергей Скрипаль,Андрей Келин,Юлия Скрипаль,Главное разведывательное управление РФ,Скотленд-Ярд,Форин-офис,Сергей Лавров"
"""Несколько подарков"": в ФРГ забили тревогу из-за отношения Трампа к Путину ",03:59 23.05.2025,https://ria.ru/20250523/ukraina-2018569041.html,Политолог Фишер: нормализация отношений с Россией для Трампа важнее Украины,"В мире,Россия,Украина,США,Дональд Трамп"
"""Сосед умер"": гнусный ход Зеленского вызвал переполох в Киеве ",02:25 23.05.2025,https://ria.ru/20250523/zelenskiy-2018565278.html,"Дубинский: Зеленский хочет уничтожить Украину, чтобы избежать ответственности","В мире,Украина,Киев,США,Александр Дубинский,Владимир Зеленский"
"""Пришло время"": в Германии потребовали санкций против фон дер Ляйен ",02:04 23.05.2025,https://ria.ru/20250523/germaniya-2018564686.html,BZ: Урсула фон дер Ляйен заслужила санкции за махинации с вакциной,"В мире,Германия,Льеж,Урсула фон дер Ляйен,Альберт Бурла,Евросоюз,Еврокомиссия"
"В США прекратят чеканить одноцентовые монеты, сообщает CNN ",01:53 23.05.2025,https://ria.ru/20250523/ssha-2018564219.html,CNN: власти США прекратят чеканку одноцентовой монеты,"В мире,США,Дональд Трамп"
СМИ: в Британии призвали лишить семьи среднего класса пособий ,01:38 23.05.2025,https://ria.ru/20250523/britanija-2018563650.html,Telegraph: в Британии призвали лишить семьи среднего класса детских пособий,"В мире,Великобритания"
"""Массированный удар"": в Европе сделали вывод по поводу беспилотников ВСУ ",01:34 23.05.2025,https://ria.ru/20250523/provokatsiya-2018563400.html,"Кошкович: Киев налетами БПЛА провоцирует Россию, чтобы сорвать мирные переговоры","В мире,Россия,Москва,Европа,Золтан Кошкович,Вооруженные силы Украины"
В КНДР начали расследование аварии с эсминцем ,01:32 23.05.2025,https://ria.ru/20250523/kndr-2018563263.html,ЦТАК: специальная группа начала расследование аварии с эсминцем в КНДР,"КНДР (Северная Корея),В мире,Ким Чен Ын"
"""Каждый четвертый"": фонд Зеленской раскрыл шокирующие данные о детях ",01:27 23.05.2025,https://ria.ru/20250523/zelenskaya-2018562999.html,Фонд Зеленской: каждый четвертый ребенок хочет уехать с Украины,"В мире,Украина,Великобритания,Елена Зеленская,ООН"
Каллас публично опозорилась в Сербии ,00:53 23.05.2025,https://ria.ru/20250523/kallas-2018561671.html,Каллас в Сербии не смогла правильно назвать три ветви власти,"В мире,Кайя Каллас,Евросоюз,Еврокомиссия,Сербия"
G7 выступила с угрозами в адрес России ,00:49 23.05.2025,https://ria.ru/20250523/rossiya-2018561358.html,G7 пригрозила России ужесточением санкций при отсутствии мира на Украине,"В мире,Россия,Украина,США,Марко Рубио,G7,Politico"
Глава МИД Ирана призвал США найти план Б в случае провала переговоров ,00:24 23.05.2025,https://ria.ru/20250523/glava-2018560645.html,"Глава МИД Ирана Аракчи: если переговоры провалятся, США должны найти план Б","В мире,Иран,США,Тегеран (город),Аббас Аракчи,Стив Уиткофф"
Журналист неожиданно высказался об отношении Запада к России ,23:58 22.05.2025,https://ria.ru/20250522/es-2018558552.html,"Боуз: лидеры ЕС больше ненавидят Россию, чем любят Европу","В мире,Россия,Украина,Европа,Эммануэль Макрон,Чей Боуз,Кайя Каллас,Евросоюз,Вооруженные силы Украины,Служба внешней разведки Российской Федерации (СВР России)"
В США предъявили обвинения подозреваемому в убийстве сотрудников посольства ,23:51 22.05.2025,https://ria.ru/20250522/ssha-2018557605.html,В США предъявили обвинения подозреваемому в убийстве служащих посольства Израиля,"В мире,Израиль,США,Вашингтон (штат),NBC,ООН"
"Более четверти студентов Гарварда будет искать новый вуз, заявила глава МВБ ",23:48 22.05.2025,https://ria.ru/20250522/ssha-2018557197.html,Глава МВБ США Ноэм: более четверти студентов Гарварда придется искать новый вуз,"В мире,США,Ближний Восток,Израиль,Дональд Трамп,ХАМАС,Гарвардский университет"
Трамп заявил о росте ожирения среди американских детей ,23:41 22.05.2025,https://ria.ru/20250522/tramp-2018556167.html,"Трамп заявил, что каждый пятый ребенок в США страдает лишним весом","В мире,США,Дональд Трамп,Ожирение,Дети"
Меркель предупредила об угрозе разрушения Европы ,23:33 22.05.2025,https://ria.ru/20250522/merkel-2018555121.html,"Меркель заявила, что миграционные проблемы грозят Европе разрушением","В мире,Германия,Европа,Ангела Меркель,Урсула фон дер Ляйен,Евросоюз,Еврокомиссия"
Российские войска закрепились в двух селах на стыке ДНР и Запорожья ,23:26 22.05.2025,https://ria.ru/20250522/spetsoperatsiya-2018554939.html,Рогов: российские войска закрепились в двух селах у границы Запорожской области,"Специальная военная операция на Украине,В мире,Запорожская область,Донецкая Народная Республика,Россия,Владимир Рогов,Вооруженные силы Украины"
"США могут вывести больше четырех тысяч военных из Южной Кореи, пишет WSJ ",23:23 22.05.2025,https://ria.ru/20250522/ssha-2018554652.html,"WSJ: США рассмотрят возможность вывода 4,5 тысячи военных из Южной Кореи","В мире,США,Южная Корея,Гуам,Дональд Трамп,Министерство обороны США"
Российское посольство предупредило о рисках расширения НАТО в Норвегии  ,23:20 22.05.2025,https://ria.ru/20250522/nato-2018554478.html,Посольство России: расширение НАТО в Норвегии повысит риски эскалации в Арктике,"В мире,Норвегия,Россия,Осло,Эспен Барт Эйде,НАТО"
Глава МВБ США рассказала об ограничениях в вузах для иностранных студентов  ,23:18 22.05.2025,https://ria.ru/20250522/ssha-2018554246.html,Глава МВБ США Ноэм высказалась об ограничениях в вузах для иностранных студентов,"В мире,США,Ближний Восток,Израиль,Дональд Трамп,ХАМАС,Гарвардский университет"
"В США рассказали о ""голодных играх"" Трампа в Белом доме ",23:16 22.05.2025,https://ria.ru/20250522/tramp-2018553920.html,CNN: разносы от Трампа в Белом доме стали новой проблемой для мировых лидеров,"В мире,США,ЮАР,Дональд Трамп,Владимир Зеленский,Сирил Рамафоса,Вооруженные силы Украины,Украина"
Защита осужденного россиянина намерена обжаловать приговор по делу Усса  ,23:11 22.05.2025,https://ria.ru/20250522/zaschita-2018553739.html,Защита россиянина Чиракадзе намерена обжаловать приговор за организацию побега,"Италия,Милан,Словения,Артем Усс,В мире"
"Экономист оценила ограничения ""Банка Грузии"" на покупку люкса для Россиян ",23:04 22.05.2025,https://ria.ru/20250522/gruziya-2018553240.html,"Экономист Наточеева назвала опасным отношение ""Банка Грузии"" к россиянам","Россия,РЭУ имени Г. В. Плеханова,В мире,Грузия"
В Германии произошло второе за день нападение с ножом на ребенка ,23:00 22.05.2025,https://ria.ru/20250522/germanija-2018553062.html,Bild: в Германии 13-летний мальчик серьезно пострадал после нападения с ножом,"В мире,Германия,Берлин (город),Северный Рейн-Вестфалия"
Саудовская Аравия восстановила квоты на хадж для российских паломников ,22:55 22.05.2025,https://ria.ru/20250522/musulmane-2018552909.html,Муфтий Аббясов: Саудовская Аравия восстановила квоты для российских паломников,"Россия,Саудовская Аравия,Московская область (Подмосковье),Рушан Аббясов,Салман ибн Абдул-Азиз Аль Сауд,В мире"
"В ФРГ предложили запретить партию ""Альтернатива для Германии"" ",22:45 22.05.2025,https://ria.ru/20250522/frg-2018552026.html,Министр юстиции Германии Хубиг призвала рассмотреть возможность запрета АдГ,"В мире,Германия,Саксония,Тюрингия,Тино Крупалла,Алиса Вайдель,Фридрих Мерц,ХДС/ХСС,Институт прав человека"
"В Запорожской области при атаке ВСУ погибла женщина, четыре ребенка ранены ",22:42 22.05.2025,https://ria.ru/20250522/ataka-2018551913.html,"Балицкий: при атаке ВСУ в Запорожской области погибла женщина, 4 ребенка ранены","Специальная военная операция на Украине,В мире,Запорожская область,Вооруженные силы Украины"
"В Берлине тяжело ранен ребенок, на него напали с ножом ",22:42 22.05.2025,https://ria.ru/20250522/berlin-2018551753.html,Bild: в Берлине ребенок получил серьезные ранения в результате нападения с ножом,"В мире,Берлин (город),Bild,Германия"
Мелони обсудила с Трампом проведение новых раундов переговоров по Украине ,22:11 22.05.2025,https://ria.ru/20250522/italiya-2018550279.html,Мелони отметила доступность Ватикана и Папы к содействию по украинскому вопросу,"В мире,Украина,Ватикан,Россия,Джорджа Мелони,Дональд Трамп,Метте Фредериксен"
Глава МИД Ирана высказался о перспективах ядерной сделки с США ,22:07 22.05.2025,https://ria.ru/20250522/iran-2018549944.html,"Министр Аракчи: Иран не устроит, если США настоят на отказе от обогащения урана","В мире,Иран,США,Вашингтон (штат),Аббас Аракчи,Обострение отношений США и Ирана"
Во Франции предложили отменить наличные для борьбы с наркоторговлей ,21:57 22.05.2025,https://ria.ru/20250522/frantsiya-2018549456.html,Министр юстиции Франции Дарманен выступил за отмену наличных денег,"Технологии,Франция,Жеральд Дарманен,Банк Франции,В мире"
"Иран готов на больший надзор в своей ядерной программе, заявил глава МИД ",21:52 22.05.2025,https://ria.ru/20250522/iran-2018549151.html,Министр Аракчи: Иран готов на больший надзор в своей ядерной программе,"Иран,В мире,США,Вашингтон (штат),Аббас Аракчи"
США верят в успех переговоров с Ираном по ядерной программе  ,21:48 22.05.2025,https://ria.ru/20250522/ssha-2018548727.html,Госдеп: США верят в успех переговоров с Ираном по ядерной программе,"В мире,США,Иран,Вашингтон (штат),Обострение отношений США и Ирана"
В работе соцсети X произошел масштабный сбой ,21:43 22.05.2025,https://ria.ru/20250522/sboj-2018548412.html,Downdetector: пользователи X сообщают о масштабном сбое в работе соцсети,"В мире,Технологии,США,Великобритания,Канада,Илон Маск,Twitter"
Алжир предложил СБ ООН отменить ограничения на поставки гумпомощи в Газу ,21:42 22.05.2025,https://ria.ru/20250522/oon-2018548231.html,Алжир предложил СБ ООН 28 мая отменить ограничения на поставки гумпомощи в Газу ,"В мире,Израиль,Алжир (провинция),Вашингтон (штат),ООН"
Двое пострадавших при обстреле Пантелеймоновки получили тяжелые ранения ,21:41 22.05.2025,https://ria.ru/20250522/obstrel-2018548056.html,Пушилин: двое пострадавших при обстреле ВСУ Пантелеймоновки в ДНР тяжело ранены,"В мире,Здоровье - Общество,Пантелеймоновка (Горловский район),Донецкая Народная Республика,Украина,Денис Пушилин,Вооруженные силы Украины"
США не будут продлевать лицензию на операции нефтегазовой компании Chevron ,21:39 22.05.2025,https://ria.ru/20250522/gosdep-2018547965.html,Госдеп: США не будут продлевать лицензию на операции компании Chevron,"США,Венесуэла,PDVSA,Chevron,В мире"
"Израиль пытался ликвидировать главу военного крыла ХАМАС, пишет WSJ ",21:34 22.05.2025,https://ria.ru/20250522/izrail-2018547602.html,WSJ: Израиль пытался ликвидировать главу военного крыла ХАМАС Синвара,"В мире,Израиль,Яхья Синвар,ХАМАС,Обострение палестино-израильского конфликта в 2024 году"
Два человека погибли после падения самолета в Калифорнии ,21:27 22.05.2025,https://ria.ru/20250522/samolet-2018547268.html,Два человека погибли после падения легкомоторного самолета в Калифорнии,"В мире,Калифорния,Сан-Диего"
Экс-дипломат дала Трампу неожиданный совет по России ,21:24 22.05.2025,https://ria.ru/20250522/ssha-2018547105.html,Бринк: США необходимо усилить давление на Россию для урегулирования на Украине,"Специальная военная операция на Украине,В мире,Россия,Украина,США,Бриджит Бринк,Дональд Трамп,Владимир Путин"
Гарварду запретили принимать иностранных студентов ,21:22 22.05.2025,https://ria.ru/20250522/garvard-2018546981.html,Власти США лишили Гарвард права принимать иностранных студентов,"США,Гарвардский университет,В мире"
Залужный высказался о возможности Украины вернуться к границам 1991 года ,21:11 22.05.2025,https://ria.ru/20250522/ukraina-2018546123.html,Залужный скептически отнесся к возможности Украины вернуть границы 1991 года,"В мире,Россия,Украина,Республика Крым,Валерий Залужный,Сергей Лавров,Владимир Путин,Вооруженные силы Украины,ООН"
Небензя назвал террором преступления Киева против российских СМИ ,21:05 22.05.2025,https://ria.ru/20250522/ukraina-2018545786.html,Небензя: Киев развязал настоящий террор против российских журналистов,"В мире,Россия,Василий Небензя,ООН"
ВСУ применили HIMARS при обстреле Пантелеймоновки в ДНР ,21:04 22.05.2025,https://ria.ru/20250522/vsu-2018545624.html,ВСУ применили американскую РСЗО HIMARS при обстреле Пантелеймоновки в ДНР,"Специальная военная операция на Украине,В мире,Донецкая Народная Республика,Украина,Пантелеймоновка (Горловский район)"
"Турция ожидает, что Баку и Ереван подпишут мирный договор ",21:02 22.05.2025,https://ria.ru/20250522/turtsija-2018545311.html,"Совет безопасности Турции ожидает, что Баку и Ереван подпишут мирный договор","В мире,Азербайджан,Баку,Армения,Реджеп Тайип Эрдоган,Ильхам Алиев,Никол Пашинян,ОБСЕ"
Посол России в Молдавии назвал ориентиры для выхода страны из кризиса ,20:50 22.05.2025,https://ria.ru/20250522/moldaviya-2018544187.html,Посол Озеров: суверенитет Молдавии должен стать ориентиром для выхода из кризиса,"Молдавия,Россия,Кишинев,Олег Озеров,Василий Тарлев,Майя Санду,Объединенная контрольная комиссия (ОКК),В мире"
"""Истекать кровью"". На Западе сделали шокирующее заявление об Украине ",20:45 22.05.2025,https://ria.ru/20250522/ukraina-2018543286.html,Экс-глава МИД Чехии Заоралек: Запад использовал Украину для ослабления России,"В мире,Россия,Украина,Москва,Дмитрий Песков"
Трамп провел телефонный разговор с Нетаньяху ,20:36 22.05.2025,https://ria.ru/20250522/tramp-2018542763.html,Трамп провел телефонный разговор с Нетаньяху и обсудил иранскую сделку ,"Иран,В мире,США,Биньямин Нетаньяху,Дональд Трамп,Аббас Аракчи,Обострение отношений США и Ирана"
Трамп посетит Канаду для участия в саммите G7 ,20:30 22.05.2025,https://ria.ru/20250522/tramp-2018542036.html,Пресс-секретарь Белого дома Левитт: Трамп посетит Канаду с 15 по 17 июня,"В мире,Канада,США,Дональд Трамп,G7"
"""Это решение России"": в США сделали неожиданное заявление об Украине ",20:18 22.05.2025,https://ria.ru/20250522/rossiya-2018540801.html,"Макгрегор: события на Украине определяются решениями России, а не волей США","Специальная военная операция на Украине,В мире,Украина,Россия,Москва,Сергей Лавров,Владимир Зеленский,Владимир Путин,Дональд Трамп,США"
"Трамп выразил поддержку целям Израиля в Газе, сообщила канцелярия Нетаньяху ",20:16 22.05.2025,https://ria.ru/20250522/tramp-2018540241.html,Канцелярия Нетаньяху: Трамп выразил поддержу цели Израиля в ликвидации ХАМАС,"В мире,США,Израиль,Вашингтон (штат),Дональд Трамп,Биньямин Нетаньяху,ХАМАС,Обострение палестино-израильского конфликта в 2024 году"
При обстреле Пантелеймоновки в ДНР ранены восемь мирных жителей ,19:44 22.05.2025,https://ria.ru/20250522/ukraina-2018535452.html,"В Пантелеймоновке, ДНР,  восемь мирных жителей пострадали при обстреле ВСУ ","В мире,Донецкая Народная Республика,Украина,Пантелеймоновка (Горловский район),Вооруженные силы Украины"
Боевик ВСУ по ошибке зашел к российским штурмовикам за сигаретами ,19:37 22.05.2025,https://ria.ru/20250522/boevik-2018534503.html,Штурмовик Гаджикурбанов: боевик ВСУ зашел к российским штурмовикам за сигаретами,"Специальная военная операция на Украине,В мире,Россия,Донецкая Народная Республика,Вооруженные силы Украины,Вооруженные силы РФ"
Украина предложила ЕС направлять часть своего ВВП на финансирование ВСУ ,19:35 22.05.2025,https://ria.ru/20250522/ukraina-2018534319.html,Глава Минфина Марченко: Украина предложила ЕС направлять часть своего ВВП на ВСУ,"В мире,Европа,Украина,Россия,Сергей Марченко,Нина Южанина,Вооруженные силы Украины,Евросоюз"
Сенатор назвал отношения с Китаем приоритетом России ,19:26 22.05.2025,https://ria.ru/20250522/knr-2018532936.html,Сенатор Михаил Белоусов: отношения с КНР являются приоритетом для России,"Китай,Россия,США,В мире"
Политолог оценил шансы Трампа на урегулирование украинского кризиса ,19:21 22.05.2025,https://ria.ru/20250522/tramp-2018532559.html,Политолог Тимофеев: США окажутся в ловушке двойного сдерживания из-за Украины,"Россия,США,Китай,Дональд Трамп,Владимир Путин,Евросоюз,Российский совет по международным делам,В мире"
"Ученые рассказали, как сладости помогают в похудении ",19:21 22.05.2025,https://ria.ru/20250522/uchenye-2018532201.html,Physiology&Behavior: умеренное потребление сладкого способствует похудению,"В мире,Сладости"
"Турция продолжит посредничество между Россией и Украиной, заявил Совбез ",19:12 22.05.2025,https://ria.ru/20250522/sovbez-2018531249.html,Совбез: Турция продолжит посредничество между Россией и Украиной,"В мире,Россия,Украина,Турция,Переговоры России и Украины в Стамбуле — 2025,Владимир Путин,Владимир Мединский,Реджеп Тайип Эрдоган"
"В Калифорнии упал легкомоторный самолет, есть погибшие ",18:49 22.05.2025,https://ria.ru/20250522/samolet-2018527585.html,При падении самолета Cessna 550 у аэропорта Сан-Диего погибли несколько человек,"В мире,Сан-Диего,Калифорния,США"
Макрон и Си Цзиньпин поддержали прекращение огня на Украине ,18:21 22.05.2025,https://ria.ru/20250522/makron-2018520452.html,"Макрон заявил, что Франция и Китай выступили за прекращение огня на Украине","В мире,Россия,Украина,Китай,Эммануэль Макрон,Владимир Путин,Владимир Мединский"
Чернышенко рассказал о количестве иностранных туристов в России в 2025 году ,18:19 22.05.2025,https://ria.ru/20250522/rossiya-2018520078.html,Чернышенко: около 900 тысяч туристов посетили Россию в I квартале 2025 года,"Россия,Дмитрий Чернышенко,Владимир Путин,В мире"
МВФ не увидел изменений в роли доллара как мировой резервной валюты ,18:14 22.05.2025,https://ria.ru/20250522/mvf-2018518666.html,МВФ не прогнозирует изменений роли доллара в качестве мировой резервной валюты,"США,МВФ,В мире,Курс доллара"
МВФ не смог сообщить новый срок консультаций с Россией ,18:09 22.05.2025,https://ria.ru/20250522/rossiya-2018516548.html,МВФ не смог назвать новый срок консультаций с Россией по ситуации в экономике,"Россия,МВФ,В мире"
"В США раскрыли, чем НАТО может пригрозить России ",17:48 22.05.2025,https://ria.ru/20250522/nato-2018509717.html,Экс-адмирал США Ставридис призвал возродить учения НАТО времен холодной войны,"Москва,Европа,Россия,Джеймс Ставридис (бывший главнокомандующий силами НАТО в Европе),НАТО,Военно-морские силы США,В мире,США"
В Пакистане заявили о поддержке перемирия с Индией ,17:42 22.05.2025,https://ria.ru/20250522/pakistan-2018508343.html,Генерал Чаудри: перемирие между Нью-Дели и Исламабадом поддерживается,"В мире,Пакистан,Индия,Кашмир,Операция Синдур в Пакистане"
В Раде раскритиковали состав делегации Украины на переговорах с Россией ,17:37 22.05.2025,https://ria.ru/20250522/ukraina-2018506096.html,Депутат Рады Дмитрук назвал переговорную группу Украины врагами страны,"В мире,Украина,Россия,Стамбул,Артем Дмитрук,Владимир Зеленский,Владимир Мединский,Верховная Рада Украины,Служба безопасности Украины,Переговоры России и Украины в Стамбуле — 2025"
В Польше признали провал плана против России ,17:30 22.05.2025,https://ria.ru/20250522/rossiya-2018503800.html,Polityka: Европа не сможет удержать Украину от включения в сферу влияния России,"Специальная военная операция на Украине,В мире,Украина,Россия,Киев,Эммануэль Макрон,Сергей Лавров,Вооруженные силы Украины,Служба внешней разведки Российской Федерации (СВР России),Польша"
"""Полностью защищены"". В США пришли в ярость из-за хода Запада против России ",17:21 22.05.2025,https://ria.ru/20250522/rossiya-2018501844.html,Риттер: новые санкции не причинят вред России и не приблизят мир на Украине,"Россия,США,Москва,Скотт Риттер,В мире,Украина"
Белый дом удалил со своего сайта все стенограммы выступлений Трампа ,17:13 22.05.2025,https://ria.ru/20250522/tramp-2018498870.html,"Белый дом удалил все стенограммы выступлений Трампа, кроме инаугурационной речи","В мире,Дональд Трамп,NBC"
"Идея Макрона по проверкам цепочек поставок не нашла поддержки, пишут СМИ ",17:08 22.05.2025,https://ria.ru/20250522/frantsiya-2018497643.html,Politico: инициатива Макрона по CSDDD не нашла поддержки среди его союзников,"В мире,Франция,Версаль,Германия,Эммануэль Макрон,Фридрих Мерц,Евросоюз,Politico,Европарламент"
"""Сама наглость"". В США возмутились дерзкими словами Каллас о России ",17:03 22.05.2025,https://ria.ru/20250522/kallas-2018493206.html,Обозреватель TAC Бэндоу назвал слова Каллас о давлении на Россию наглостью,"В мире,Россия,Украина,США,Кайя Каллас,Дональд Трамп,Дуг Бэндоу,Служба внешней разведки Российской Федерации (СВР России),Евросоюз"
"Российский боец рассказал, как солдат ВСУ бросил раненого товарища ",16:55 22.05.2025,https://ria.ru/20250522/vsu-2018494847.html,Российский боец: солдат ВСУ бросил раненого товарища под Ореховым,"Специальная военная операция на Украине,В мире,Вооруженные силы Украины,Украина"
"По приблизившейся к штаб-квартире ЦРУ женщине открыли огонь, сообщает CNN ",16:43 22.05.2025,https://ria.ru/20250522/ssha-2018493112.html,CNN: по приблизившейся к штаб-квартире ЦРУ женщине открыли огонь,"В мире,США,Израиль,Вашингтон (штат),Центральное разведывательное управление (ЦРУ)"
Time: администрации Трампа не хватает знания деталей конфликта на Украине ,16:40 22.05.2025,https://ria.ru/20250522/tramp-2018492321.html,Time: администрации Трампа трудно понять историю и детали украинского конфликта,"В мире,Украина,Россия,США,Дональд Трамп,Владимир Зеленский,Владимир Мединский"
"В штаб-квартире ЦРУ открыли огонь по неизвестному, сообщают СМИ ",16:13 22.05.2025,https://ria.ru/20250522/tsru-2018487689.html,ЦРУ: главные ворота в штаб-квартиры закрыты,"В мире,Центральное разведывательное управление (ЦРУ),NBC"
В АдГ раскритиковали санкции ЕС против России ,16:08 22.05.2025,https://ria.ru/20250522/germanija-2018486189.html,"АдГ: санкции ЕС против России неэффективны ни на поле боя, ни в переговорах","Россия,Брюссель,Китай,Урсула фон дер Ляйен,Евросоюз,ООН,Еврокомиссия,Северный поток,Санкции в отношении России,В мире"
В США назвали условия восстановления отношений с Россией ,16:02 22.05.2025,https://ria.ru/20250522/otnosheniya-2018484487.html,Макгрегор: прекращение помощи Украине восстановит отношения США и России,"Россия,США,Украина,Дональд Трамп,Владимир Путин,Министерство обороны США,В мире"
Кандидат в президенты Польши пообещал не направлять солдат на Украину ,15:31 22.05.2025,https://ria.ru/20250522/polsha-2018478853.html,Кандидат в президенты Польши Навроцкий пообещал не направлять солдат на Украину,"В мире,Украина,Россия,США,Кароль Навроцкий,Дональд Трамп,Кит Келлог,НАТО,Служба внешней разведки Российской Федерации (СВР России)"
Умер оскароносный британский кинооператор Билли Уильямс ,15:23 22.05.2025,https://ria.ru/20250522/oskar-2018476144.html,Британский кинооператор Билли Уильямс умер в возрасте 96 лет,"В мире,Кинопремия ""Оскар"""
На Украине объявили воздушную тревогу в девяти областях ,15:19 22.05.2025,https://ria.ru/20250522/ukraina-2018475436.html,"В Сумской, Харьковской, Одесской и еще шести областях объявили воздушную тревогу","Специальная военная операция на Украине,В мире,ЖКХ,Россия,Черниговская область,Украина,Дмитрий Песков,Вооруженные силы Украины"
Хуситы заявили о второй за день атаке на аэропорт Бен-Гурион ,15:14 22.05.2025,https://ria.ru/20250522/husity-2018474544.html,Хуситы заявили о второй за день атаке на аэропорт Бен-Гурион в Израиле,"В мире,Израиль,Йемен,Ансар Алла,Обострение палестино-израильского конфликта в 2024 году"
"СМИ: Киев говорит то, что хочет слышать Трамп ",15:09 22.05.2025,https://ria.ru/20250522/kiev-2018473623.html,"Politico: Киев говорит то, что хочет Трамп, чтобы США не вышли из переговоров","В мире,Киев,США,Украина,Дональд Трамп,Politico"
На границе Белоруссии с Латвией нашли тело мигранта ,15:05 22.05.2025,https://ria.ru/20250522/belorussija-2018472353.html,На границе Белоруссии с Латвией обнаружили тело мигранта арабской внешности,"В мире,Белоруссия,Латвия,Литва,Евросоюз"
"""Это дурдом"". Во Франции набросились на фон дер Ляйен из-за России ",15:03 22.05.2025,https://ria.ru/20250522/es-2018471880.html,Филиппо: слова фон дер Ляйен о санкциях означают скорый крах промышленности ЕС,"Россия,США,Франция,Урсула фон дер Ляйен,Флориан Филиппо,Сергей Лавров,Еврокомиссия,Северный поток,Санкции в отношении России,Евросоюз,В мире,Владимир Путин"
Минздрав Палестины рассказал о сотрудничестве с Россией по лекарствам ,14:58 22.05.2025,https://ria.ru/20250522/rossiya-2018469743.html,Министр Абу-Рамадан: Россия оказывает Палестине поддержку лекарствами,"Россия,Палестина,Москва,В мире"
"Лавров заслужил безусловное уважение во всем мире, заявил Путин ",14:55 22.05.2025,https://ria.ru/20250522/lavrov-2018467721.html,"Путин: талант, знания и интеллект Лаврова принесли ему уважение во всем мире","Россия,Сергей Лавров,Владимир Путин,В мире,Общество,Политика"
Навроцкий пообещал не допустить либерализации торговли ЕС с Украиной ,14:55 22.05.2025,https://ria.ru/20250522/polsha-2018468523.html,Кандидат в президенты Польши пообещал не допустить торговых льгот ЕС для Украины,"В мире,Польша,Украина,Кароль Навроцкий,Рафал Тшасковски"
Си Цзиньпин поддержал ЕС в укреплении его стратегической независимости ,14:52 22.05.2025,https://ria.ru/20250522/es-2018467564.html,Си Цзиньпин: Китай поддерживает ЕС в укреплении его стратегической независимости,"В мире,Китай,Франция,Европа,Си Цзиньпин,Эммануэль Макрон,Евросоюз"
Минздрав Палестины рассказал о работе с Россией в области здравоохранения ,14:46 22.05.2025,https://ria.ru/20250522/palestina-2018466702.html,Минздрав Палестины: мы контактировали с Россией по вопросам здравоохранения,"Палестина,Россия,Москва,В мире"
"Минобороны оценило потери ВСУ в зоне действия группировки ""Восток"" ",14:31 22.05.2025,https://ria.ru/20250522/spetsoperatsiya-2018463810.html,"МО: ВСУ за сутки потеряли свыше 215 военных, танк, 8 бронемашин в зоне ""Востока""","Специальная военная операция на Украине,В мире,Запорожская область,Донецкая Народная Республика,Вооруженные силы Украины,Министерство обороны РФ (Минобороны РФ)"
Боррель обвинил правительство Нетаньяху в намерении геноцида ,14:20 22.05.2025,https://ria.ru/20250522/izrail-2018461945.html,"Боррель: половина бомб, используемых Израилем в Газе, произведена в Европе","В мире,Израиль,Европа,Украина,Жозеп Боррель,Биньямин Нетаньяху,Урсула фон дер Ляйен,Еврокомиссия,Евросоюз"
СМИ: один из убитых в США израильских дипломатов был гражданином ФРГ  ,14:16 22.05.2025,https://ria.ru/20250522/grazhdanstvo-2018460871.html,"Spiegel: Лищински, убитый в Вашингтоне, имел гражданство ФРГ","В мире,Израиль,Вашингтон (штат),США,NBC,ООН"
Эрдоган оценил необходимость промежуточных выборов в парламент Турции ,14:13 22.05.2025,https://ria.ru/20250522/turtsiya-2018460255.html,Эрдоган: необходимости в промежуточных выборах в парламент Турции сейчас нет,"В мире,Турция,Стамбул,Венгрия,Реджеп Тайип Эрдоган,Экрем Имамоглу,Озгюр Озель"
Симоньян ответила поговоркой на вопрос об обвинениях RT в пропаганде  ,14:09 22.05.2025,https://ria.ru/20250522/rossiya-2018459226.html,Симоньян ответила русской поговоркой на вопрос об обвинениях RT в пропаганде,"Франция,Маргарита Симоньян,В мире,МИА ""Россия сегодня"""
Представители США посетили брифинг о конференции по безопасности в Москве ,13:56 22.05.2025,https://ria.ru/20250522/venediktov-2018457610.html,Венедиктов: представители США посетили брифинг о встрече по безопасности в РФ,"США,Россия,Александр Венедиктов,Москва,Сергей Шойгу,Майк Уолтц,ООН,В мире"
В США заговорили об опасной игре Зеленского с ВСУ ,13:29 22.05.2025,https://ria.ru/20250522/zelenskiy-2018451986.html,"Дэвис: Зеленский играет в русскую рулетку, думая, что ВСУ могут воевать вечно","В мире,Москва,Россия,США,Дэниел Дэвис,Вооруженные силы Украины,Владимир Зеленский,Переговоры России и Украины в Стамбуле — 2025,Владимир Путин"
В Кремле рассказали о подготовке обмена пленными с Украиной ,13:21 22.05.2025,https://ria.ru/20250522/plennye-2018450485.html,None,"Специальная военная операция на Украине,В мире,Украина,Россия,Дмитрий Песков,Переговоры России и Украины в Стамбуле — 2025"
Песков отреагировал на сообщения о раскрытии российской разведки в Бразилии ,13:15 22.05.2025,https://ria.ru/20250522/kreml-2018449543.html,Песков: в Кремле видели сообщения о раскрытии в Бразилии российской разведсети,"Россия,Бразилия,Дмитрий Песков,Луис Инасиу Лула да Силва,В мире"
Песков прокомментировал сообщения в СМИ о разговоре Путина и Трампа ,13:10 22.05.2025,https://ria.ru/20250522/peskov-2018447743.html,Песков: сообщения СМИ о диалоге Путина и Трампа расходятся с информацией Москвы,"США,Москва,Владимир Путин,Дональд Трамп,В мире"
Песков рассказал о подготовке обмена пленными с Украиной ,13:03 22.05.2025,https://ria.ru/20250522/plennye-2018445028.html,Песков назвал обмен пленными с Украиной в формате 1000 на 1000 трудоемким,"Украина,Россия,Дмитрий Песков,В мире"
Венедиктов высказался о планах ЕС создать трибунал против России ,12:49 22.05.2025,https://ria.ru/20250522/tribunal-2018441801.html,Венедиктов назвал создание трибунала против РФ способом отнять деньги европейцев,"В мире,Россия,Украина,Европа,Александр Венедиктов,Евросоюз"
"Усилия Запада по изоляции России провалились, считает эксперт ",12:36 22.05.2025,https://ria.ru/20250522/usiliya-2018439851.html,Гасумянов: усилия Запада по международной изоляции России провалились,"Россия,Москва,БРИКС,ШОС,ОДКБ,В мире"
"Западные дипломаты подливают масло в огонь, заявил российский посол в Вене ",12:35 22.05.2025,https://ria.ru/20250522/posol-2018439541.html,Любинский: дипломаты Запада в Вене подливают масло в огонь украинского конфликта,"В мире,Россия,Австрия,Германия,Дмитрий Любинский,Telegram,Всемирный банк,Вена"
"Оппозиция в Молдавии предъявила ""народные штрафы"" депутатам парламента ",12:30 22.05.2025,https://ria.ru/20250522/oppozitsija-2018438499.html,Оппозиция в Молдавии предъявила народные штрафы депутатам в ответ на поборы,"В мире,Молдавия,Ирина Влах,Евгения Гуцул,Дмитрий Константинов,Московский комсомолец"
"Стали известны имена израильских дипломатов, погибших в США  ",12:24 22.05.2025,https://ria.ru/20250522/glava-2018437564.html,"Саар назвал имена израильских дипломатов, погибших во время теракта в Вашингтоне","В мире,Израиль,Вашингтон (штат),США,NBC"
Европарламент поддержал введение пошлин на удобрения из России ,12:22 22.05.2025,https://ria.ru/20250522/poshliny-2018437052.html,ЕП проголосовал за введение пошлин на удобрения и сельхозпродукцию из РФ,"Европарламент,Экономика,Россия,Евросоюз,Белоруссия,Москва,Евростат,В мире"
Израиль сообщил о перехвате второй ракеты хуситов ,12:19 22.05.2025,https://ria.ru/20250522/izrail-2018436527.html,"ЦАХАЛ сообщил о перехвате второй за сутки ракеты, выпущенной хуситами","В мире,Израиль,Йемен,Иерусалим,Ансар Алла,Обострение палестино-израильского конфликта в 2024 году"
Эксперты из Франции примут участие в конференции по безопасности в Москве ,12:11 22.05.2025,https://ria.ru/20250522/konferentsiya-2018435653.html,Специалисты Франции примут участие в конференции по безопасности в РФ 27-29 мая,"Франция,Москва,Александр Венедиктов,Россия,Сергей Шойгу,В мире"
В Молдавии оппозиция бойкотирует заседание парламента ,12:00 22.05.2025,https://ria.ru/20250522/moldavija-2018433855.html,"Партия ""Победа"" бойкотирует заседание парламента Молдавии в знак протеста","В мире,Молдавия,Евгения Гуцул,Московский комсомолец,Задержание главы Гагаузии Гуцул"
"Портнов хотел вернуться на Украину, рассказал экс-депутат Рады ",11:59 22.05.2025,https://ria.ru/20250522/eks-deputat-2018433658.html,Экс-депутат Рады Олейник: убитый Портнов хотел вернуться на Украину,"В мире,Украина,Великобритания,Андрей Портнов (политик),Владимир Олейник,Виктор Янукович,Убийство Андрея Портнова в Испании"
Хуситы атаковали беспилотниками цели в Тель-Авиве и Хайфе ,11:49 22.05.2025,https://ria.ru/20250522/khusity-2018432303.html,Хуситы в Йемене атаковали беспилотниками важные цели в Тель-Авиве и Хайфе,"В мире,Тель-Авив,Йемен"
"Хуситы обстреляли аэропорт ""Бен-Гурион"" в Израиле ",11:47 22.05.2025,https://ria.ru/20250522/izrail-2018432029.html,"Хуситы заявили о новом ракетном обстреле аэропорта ""Бен-Гурион"" в Израиле","В мире,Израиль,Йемен,Обострение палестино-израильского конфликта в 2024 году"
СМИ: Трамп отклонил предложение Европы по Украине из-за одного слова ,11:44 22.05.2025,https://ria.ru/20250522/tramp-2018431626.html,"WSJ: Трамп заявил европейским лидерам, что против безусловного прекращения огня","В мире,Россия,Ватикан,Дональд Трамп,Владимир Путин,Украина,Владимир Зеленский"
Подозреваемый в убийстве в США косвенно признал причастность к стрельбе ,11:38 22.05.2025,https://ria.ru/20250522/strelba-2018430913.html,Смит: Родригес косвенно признал причастность к убийству в Вашингтоне,"В мире,Израиль,Вашингтон (штат),США,Мюриэл Баузер,Дональд Трамп,NBC,ООН"
СМИ придумали новое слово из-за выходки Зеленского ,11:34 22.05.2025,https://ria.ru/20250522/telegraph-2018430303.html,Telegraph: главу ЮАР Рамафосу отчитали в Белом доме,"В мире,США,Южная Африка,ЮАР,Владимир Зеленский,Дональд Трамп,Вооруженные силы Украины,Сирил Рамафоса"
CNN: подозреваемый в убийстве в Вашингтоне притворялся свидетелем ,11:26 22.05.2025,https://ria.ru/20250522/vashington-2018428962.html,"CNN: Родригес, подозреваемый в убийстве в США, 10 минут притворялся свидетелем","В мире,Вашингтон (штат),Израиль,США,NBC,ООН"
Bloomberg: страны G7 решили продолжать поддержку Киева ,11:16 22.05.2025,https://ria.ru/20250522/podderzhka-2018427354.html,"Bloomberg: страны G7 продолжат помощь Киеву, но еще не согласовали заявление","В мире,Украина,Канада,Германия,G7,Киев"
КС Румынии отклонил ходатайство Симиона об отмене выборов президента ,10:55 22.05.2025,https://ria.ru/20250522/vybory-2018421927.html,КС Румынии отклонил ходатайство Симиона об отмене выборов как необоснованное,"Президентские выборы в Румынии — 2025,В мире,Румыния"
В офисе Зеленского выдвинули условия по урегулированию конфликта ,10:55 22.05.2025,https://ria.ru/20250522/ermak-2018421772.html,Ермак: продолжение переговоров с Россией возможно только после обмена пленными,"В мире,Россия,Украина,Москва,Владимир Мединский,Владимир Зеленский,Владимир Путин,Переговоры России и Украины в Стамбуле — 2025,Андрей Ермак"
Венедиктов высказался о планах ЕС создать трибунал против России ,10:53 22.05.2025,https://ria.ru/20250522/venediktov-2018420347.html,Венедиктов назвал создание трибунала против РФ путем отнять деньги у европейцев,"В мире,Россия,Европа,Украина,Дмитрий Песков,Евросоюз,Совет Европы,Александр Венедиктов"
"Памфилова рассказала, сколько стран прошли курсы ЦИК по организации выборов ",10:32 22.05.2025,https://ria.ru/20250522/uchastie-2018414517.html,Памфилова: 28 стран приняли участие в курсах по организации выборов за 2 года ,"Россия,Азия,Африка,Элла Памфилова,Федеральное агентство по делам Содружества Независимых Государств, соотечественников, проживающих за рубежом, и по международному гуманитарному сотрудничеству (Россотрудничество),СНГ,В мире"
"""Серьезное преимущество"". В США забили тревогу из-за кадров из зоны СВО ",10:32 22.05.2025,https://ria.ru/20250522/kadry-2018414386.html,"MWM: большие запасы ракет ""Искандер"" обеспечивают преимущество России","Технологии,Украина,Сумская область,Россия,В мире,США,Искандер-М,Вооруженные силы Украины"
"Зеленский не подходит на роль подписанта меморандума, заявил Мирошник ",10:16 22.05.2025,https://ria.ru/20250522/zelenskij-2018411563.html,Мирошник: Зеленский не подходит на роль подписанта меморандума по Украине,"В мире,Россия,Украина,США,Владимир Зеленский,Родион Мирошник,Дмитрий Медведев,Переговоры России и Украины в Стамбуле — 2025"
Представитель Китая примет участие в конференции по безопасности в Москве ,10:14 22.05.2025,https://ria.ru/20250522/kitay-2018411320.html,МИД: Чэнь Вэньцин представит КНР на конференции по вопросам безопасности в РФ,"Китай,Россия,В мире,Москва,Мао Нин"
В Южной Корее рассказали о состоянии эсминца КНДР после неудачного спуска ,09:54 22.05.2025,https://ria.ru/20250522/esminets-2018409542.html,Сеул заявил об отсутствии повреждений у эсминца КНДР при спуске на воду,"В мире,Южная Корея,КНДР (Северная Корея)"
Российские военные уничтожили склады с боекомплектом и резервами ВСУ в ДНР ,09:53 22.05.2025,https://ria.ru/20250522/dnr-2018409375.html,Лебедев: склады и резервы ВСУ поражены в Красноармейске и Краматорске,"Специальная военная операция на Украине,В мире,Красноармейск,Донецкая Народная Республика,Краматорск,Сергей Лебедев,Вооруженные силы Украины"
"ВСУ не могут удержать всю линию соприкосновения, заявил Алаудинов ",09:32 22.05.2025,https://ria.ru/20250522/vsu-2018406436.html,"Командир спецназа ""Ахмат"" Алаудинов: эшелоны обороны ВСУ осыпаются везде","Специальная военная операция на Украине,Сумская область,Россия,Украина,Апти Алаудинов,Олег Григорьев,Вооруженные силы Украины,В мире"
Новый румынский президент высказался о перспективах помощи Украине ,09:26 22.05.2025,https://ria.ru/20250522/rumynija-2018405437.html,"Дан: Румыния продолжит помогать Украине, несмотря на дефицит бюджета","В мире,Украина,Румыния,Россия,Никушор Дан,Павел Дуров,Сергей Лавров,НАТО,Евросоюз,Telegram"
"Президент ЮАР раскрыл Трампу, какой урок преподали Зеленскому в его стране ",09:13 22.05.2025,https://ria.ru/20250522/urok-2018402883.html,"Рамафоса сообщил Трампу, что Зеленскому в ЮАР преподали урок мира","В мире,ЮАР,Южная Африка,Владимир Зеленский,Дональд Трамп,Украина,Сирил Рамафоса"
В израильских дипмиссиях усилят меры безопасности ,09:00 22.05.2025,https://ria.ru/20250522/izrail-2018401326.html,Израиль усилит безопасность своих дипмиссий после гибели дипломатов в США,"В мире,США,Израиль,Биньямин Нетаньяху,Вашингтон (штат),ООН,Дональд Трамп"
"НАТО стремится поменять архитектуру безопасности в АТР, заявил Венедиктов ",08:13 22.05.2025,https://ria.ru/20250522/venediktov-2018397943.html,Венедиктов: НАТО хочет разрушить асеаноцентричную архитектуру безопасности в АТР,"АТР,Россия,НАТО,В мире"
"""Убивают младенцев ради забавы"". Союзник США перешел черту ",08:00 22.05.2025,https://ria.ru/20250522/izrail-2018259406.html,"Политолог Багдасаров: Израиль понимает, что не сможет победить ХАМАС","В мире,Биньямин Нетаньяху,ХАМАС,Хезболла,Обострение палестино-израильского конфликта в 2024 году,Стив Уиткофф"
"Советский военный приехал в Россию после 40 лет, проведенных в Афганистане ",07:56 22.05.2025,https://ria.ru/20250522/afganistan-2018397243.html,RT: советский военный Красноперов вернулся в РФ после 40 лет в Афганистане ,"В мире,Афганистан,Россия"
WSJ: новый раунд переговоров России и Украины может пройти в Ватикане ,07:36 22.05.2025,https://ria.ru/20250522/vatikan-2018395741.html,WSJ: переговоры России и Украины могут начаться в Ватикане в середине июня,"В мире,Ватикан,Россия,Украина,Марко Рубио,Пьетро Паролин,Франциск (Хорхе Марио Бергольо),Переговоры России и Украины в Стамбуле — 2025"
Трамп сделал заявление после гибели сотрудников посольства Израиля в США  ,07:31 22.05.2025,https://ria.ru/20250522/tramp-2018395629.html,"Трамп: убийства, основанные на антисемитизме, должны прекратиться","В мире,Дональд Трамп,Вашингтон,Израиль,США"
Подозреваемый в стрельбе у музея в США выкрикивал пропалестинский лозунг ,07:28 22.05.2025,https://ria.ru/20250522/strelba-2018395416.html,"NBC: подозреваемый в стрельбе у музея в Вашингтоне кричал ""Свободу Палестине!""","В мире,Вашингтон (штат),Израиль,США,NBC,ООН"
Расходы на оборону в Евросоюзе достигли критического уровня ,07:21 22.05.2025,https://ria.ru/20250522/evrosoyuz-2018395106.html,Венедиктов: планируемые ЕС военные расходы станут непомерным бременем для ЕС,"Англия,Германия,Прибалтика,Александр Венедиктов,Евросоюз,Еврокомиссия,В мире"
"В Южной Корее рассказали, зачем КНДР сообщила о неудачном спуске эсминца ",07:11 22.05.2025,https://ria.ru/20250522/kndr-2018394092.html,Минобъединения Южной Кореи: КНДР намеренно сообщила о неудачном спуске эсминца,"В мире,КНДР (Северная Корея),Южная Корея,Ким Чен Ын"
"Россия остановила контратаку ВСУ на Купянском направлении, заявил Марочко ",07:07 22.05.2025,https://ria.ru/20250522/spetsoperatsiya-2018393664.html,Марочко: российские силы отбили контратаку ВСУ с танками в районе Загрызово,"Специальная военная операция на Украине,В мире,Украина,Андрей Марочко,Вооруженные силы Украины,Вооруженные силы РФ"
Эсминец КНДР после неудачного спуска на воду лежит на боку ,06:58 22.05.2025,https://ria.ru/20250522/kndr-2018393200.html,ОКНШ Южной Кореи: эсминец КНДР после неудачного спуска перевернулся на бок,"В мире,КНДР (Северная Корея),Южная Корея,Японское море,Ким Чен Ын,Объединенный комитет начальников штабов (США)"
При стрельбе в Вашингтоне погибли два сотрудника посольства Израиля ,06:53 22.05.2025,https://ria.ru/20250522/ssha-2018392582.html,Глава ВБ США Ноэм: два сотрудника посольства Израиля убиты у еврейского музея,"В мире,Вашингтон (штат),Израиль,США,ООН"
КНДР запустила несколько крылатых ракет в сторону Японского моря ,06:48 22.05.2025,https://ria.ru/20250522/kndr-2018391529.html,KBS: КНДР произвела пуск нескольких крылатых ракет в сторону Японского моря,"В мире,Японское море,КНДР (Северная Корея),Южная Корея"
В США назвали реальную причину нежелания Киева заключать мирный договор ,06:44 22.05.2025,https://ria.ru/20250522/rezhim-2018390370.html,Полковник Макгрегор: киевский режим не переживет заключение мира,"Специальная военная операция на Украине,В мире,Киев,Украина,Россия"
"У берегов острова Крит произошло землетрясение магнитудой 6,1 балла ",06:37 22.05.2025,https://ria.ru/20250522/zemletrjasenie-2018389304.html,"EMSC: у побережья греческого острова Крит произошло землетрясение магнитудой 6,1","В мире,Крит (остров),Европейско-Средиземноморский сейсмологический центр (EMSC),Землетрясение"
В США рассказали о тратах на неиспользуемые телефонные линии ,06:32 22.05.2025,https://ria.ru/20250522/ssha-2018389023.html,Кадровая служба тратила сто миллионов долларов в год на неиспользуемые линии,"В мире,Америка,Скотт Бессент,Майк Джонсон"
Депутат ЕП предложил расследовать деятельность противников диалога ,06:28 22.05.2025,https://ria.ru/20250522/evroparlament-2018388544.html,Депутат ЕП Блага предложил расследовать деятельность противников диалога,"В мире,Москва,Россия,Словакия,Вячеслав Володин,Европарламент,Госдума РФ"
Венесуэла передала США подозреваемого в подготовке терактов ,06:27 22.05.2025,https://ria.ru/20250522/venesuela-2018388355.html,Задержанный в Венесуэле после поездки на Украину наемник передан США ,"В мире,США,Венесуэла,Украина,Диосдадо Кабельо,Ричард Гренелл,Николас Мадуро"
СМИ: при стрельбе в Вашингтоне мог погибнуть сотрудник посольства Израиля  ,06:24 22.05.2025,https://ria.ru/20250522/abc-2018388179.html,ABC: два человека погибли при стрельбе у еврейского музея в Вашингтоне,"В мире,Вашингтон (штат),Израиль,США"
"Европейцы не верят, что Трамп остановит экспорт оружия Киеву, пишут СМИ ",06:10 22.05.2025,https://ria.ru/20250522/ssha-2018387182.html,"WSJ: европейские лидеры не верят, что Трамп остановит экспорт оружия Киеву","В мире,Украина,США,Россия,Дональд Трамп,Ирина Геращенко,Джо Байден,Верховная Рада Украины,Вооруженные силы Украины,НАТО,Санкции в отношении России,Киев"
На Украине массово отчисляют студентов старших курсов ,06:06 22.05.2025,https://ria.ru/20250522/ukraina-2018386771.html,Марочко: на Украине массово отчисляют студентов на случай мобилизации,"В мире,Украина,Андрей Марочко,Вооруженные силы Украины"
"Проект изоляции России можно считать закрытым, заявила Матвиенко ",06:06 22.05.2025,https://ria.ru/20250522/matvienko-2018386679.html,Матвиенко: Западу следует забыть о проекте изоляции России,"Россия,В мире,Валентина Матвиенко,Санкт-Петербург,Совет Федерации РФ,Министерство природных ресурсов и экологии РФ (Минприроды России),СНГ"
Рогов заявил о ненависти к Зеленскому в ВСУ ,06:04 22.05.2025,https://ria.ru/20250522/vsu-2018386350.html,Рогов: в рядах ВСУ растет колоссальная ненависть к Зеленскому,"Специальная военная операция на Украине,Россия,Украина,Владимир Зеленский,Владимир Рогов,Вооруженные силы Украины,В мире"
На Украине мобилизовали инвалида с аутизмом ,05:51 22.05.2025,https://ria.ru/20250522/ukraina-2018385276.html,Пленный Ткаченко: украинские военкомы отправили на передовую инвалида с аутизмом,"В мире,Украина,Вооруженные силы Украины"
"В Европе раскрыли, что ждет Украину после отмены поставок оружия из США ",05:42 22.05.2025,https://ria.ru/20250522/postavki-2018384330.html,Юрист Девеле: Украина и Европа будут удерживать США в конфликте,"Специальная военная операция на Украине,В мире,Украина,Европа,Россия,НАТО"
На Западе забили тревогу из-за заявления Медведева по Украине ,05:12 22.05.2025,https://ria.ru/20250522/medvedev-2018383208.html,Аналитик Меркурис призвал воспринять всерьез предупреждение Медведева по Украине,"В мире,Украина,Киев,Россия,Александр Меркурис,Дмитрий Медведев"
Министр обороны США обсудил с Маском применение технологий ИИ ,04:56 22.05.2025,https://ria.ru/20250522/mask-2018382535.html,Министр обороны США Хегсет обсудил в Пентагоне с Маском применение ИИ,"В мире,США,Илон Маск,Пит Хегсет,Министерство обороны США"
В США испугались уже шестой смерти конгрессмена за 13 месяцев ,04:12 22.05.2025,https://ria.ru/20250522/ssha-2018380477.html,Fox News после смерти Коннолли назвал палату представителей США хосписом,"В мире,США,Джо Байден,Дональд Трамп,Конгресс США,Палата представителей США"
В шести украинских областях объявили воздушную тревогу ,04:01 22.05.2025,https://ria.ru/20250522/ukraina-2018379574.html,"В Сумской, Черкасской и еще четырех областях Украины объявили воздушную тревогу","Специальная военная операция на Украине,В мире,Россия,Кировоградская область,Украина,Вооруженные силы Украины"
В Израиле сообщили о перехвате йеменской ракеты ,03:58 22.05.2025,https://ria.ru/20250522/izrail-2018379401.html,ЦАХАЛ сообщила о перехвате выпущенной из Йемена ракеты,"В мире,Йемен,Израиль,Обострение палестино-израильского конфликта в 2024 году"
"В США начнут продавать ""золотые карты"" ",03:42 22.05.2025,https://ria.ru/20250522/ssha-2018378605.html,В США запустят сайт по продаже золотых карт для получения ВНЖ,"В мире,Технологии,США,Вашингтон (штат),Дональд Трамп"
СМИ: Украина представит Европе Белую книгу с требованиями новых санкций ,03:24 22.05.2025,https://ria.ru/20250522/sanktsii-2018377537.html,Reuters: Украина представит ЕС 40 страниц рекомендаций по санкциям против России,"В мире,США,Россия,Украина,Евросоюз,Санкции в отношении России"
Израиль сообщил о пуске ракеты из Йемена ,03:16 22.05.2025,https://ria.ru/20250522/izrail-2018376816.html,ЦАХАЛ сообщила о пуске ракеты из Йемена в сторону Израиля,"В мире,Израиль,Йемен,Обострение палестино-израильского конфликта в 2024 году"
В КНДР произошла серьезная авария при спуске эсминца ,03:13 22.05.2025,https://ria.ru/20250522/kndr-2018376714.html,В КНДР произошла серьезная авария при спуске эсминца в присутствии Ким Чен Ына,"КНДР (Северная Корея),В мире,Ким Чен Ын"
Мексика запросит у Израиля разъяснений по инциденту в Дженине ,03:01 22.05.2025,https://ria.ru/20250522/meksika-2018376084.html,Мексика запросит объяснений от Израиля по поводу обстрела дипломатов в Дженине,"В мире,Мексика,Израиль,Палестина"
"""Разнести инфраструктуру"": в США неожиданно высказались по Украине ",02:38 22.05.2025,https://ria.ru/20250522/ukraina-2018375470.html,Обозреватель Фриц: Россия может разнести всю инфраструктуру Украины,"Специальная военная операция на Украине,Россия,Украина,США,НАТО,В мире"
Стоимость биткоина превысила 110 тысяч долларов ,02:31 22.05.2025,https://ria.ru/20250522/bitkoin-2018375373.html,Стоимость биткоина впервые в истории превысила 110 тысяч долларов,"Ситуация с курсами валют и ценами на нефть,В мире"
Вучич заявил о необходимости защитить сербов в Косово и Метохии ,02:29 22.05.2025,https://ria.ru/20250522/vuchich-2018375182.html,Вучич заявил Каллас о приверженности Белграда ЕС,"В мире,Сербия,Белград (город),Косово,Александр Вучич,Кайя Каллас,Марко Джурич,Евросоюз"
"В военном параде в Вашингтоне примут участие танки, БМП и мулы ",02:24 22.05.2025,https://ria.ru/20250522/vashington-2018374822.html,"В военном параде в Вашингтоне примут участие танки Abrams, лошади и мулы","В мире,Вашингтон (штат),США,Дональд Трамп"
"Проблемы глобальной безопасности вышли на передний план, заявил Кобяков ",02:16 22.05.2025,https://ria.ru/20250522/kobjakov-2018374210.html,Кобяков: действующая модель отношений не смогла предотвратить конфликты,"Россия,Санкт-Петербург,Антон Кобяков,В мире"
Канада поддерживает распространение на свою территорию системы ПРО ,02:08 22.05.2025,https://ria.ru/20250522/kanada-2018373716.html,"Канада поддерживает распространение на свою территорию системы ""Золотой купол""","В мире,Канада,Оттава,США,Дональд Трамп,Марк Карни"
"Британия изменит оборонную стратегию, пишут СМИ ",02:05 22.05.2025,https://ria.ru/20250522/britanija-2018373357.html,Times: Британия изменит оборонную стратегию и сделает акцент на БПЛА,"Технологии,Великобритания,Россия,Москва,Владимир Путин,Такер Карлсон,НАТО,В мире"
На Западе раскрыли причину ненависти Европы к России ,02:01 22.05.2025,https://ria.ru/20250522/nenavist-2018373007.html,Журналист Боуз: ненависть к России стала энергией движения ЕС вперед,"В мире,Россия,Европа,Чей Боуз,НАТО,Евросоюз,Москва"
Сенатор Грэм* выступил с угрозой в адрес Китая и других партнеров России ,01:55 22.05.2025,https://ria.ru/20250522/ssha-2018372671.html,Сенатор Грэм заявил о нежелании Путина вести переговоры по Украине,"Россия,США,Украина,Владимир Путин,Дональд Трамп,В мире"
В Совбезе заявили о пагубности конфронтации ЕС с Россией ,01:47 22.05.2025,https://ria.ru/20250522/venediktov-2018372234.html,"Венедиктов: Россия рассчитывает, что в ЕС поймут пагубность конфронтации","Россия,Евросоюз,В мире,Александр Венедиктов,Москва"
"Градус антироссийской риторики в ЕС зашкаливает, заявили в Совбезе ",01:45 22.05.2025,https://ria.ru/20250522/venediktov-2018372124.html,Венедиктов: градус антироссийской риторики в европейских столицах зашкаливает,"Брюссель,Россия,Евросоюз,В мире"
Буркина-Фасо получит гуманитарную помощь от России ,01:30 22.05.2025,https://ria.ru/20250522/rossija-2018371102.html,"Россия передаст Буркина-Фасо 709,5 тонны продовольствия в мае","Россия,Буркина-Фасо,Нигер,ООН,В мире"
"Кобяков рассказал, какой выбор делают те, кто живет на Западе ",01:26 22.05.2025,https://ria.ru/20250522/kobjakov-2018370913.html,Кобяков: живущие на Западе люди совершают цивилизационно-правовой выбор,"Россия,Санкт-Петербург,Антон Кобяков,В мире"
В трех областях Украины объявили воздушную тревогу ,01:17 22.05.2025,https://ria.ru/20250522/ukraina-2018370118.html,"В Полтавской, Сумской и Харьковской областях Украины объявили воздушную тревогу","Специальная военная операция на Украине,В мире,Россия,Харьковская область,Украина,Вооруженные силы Украины"
"Итальянские чиновники обещали России безопасный проезд в Ватикан, пишут СМИ ",01:07 22.05.2025,https://ria.ru/20250522/italiya-2018369334.html,Италия готова обеспечить проезд в Ватикан российской делегации делегации,"Специальная военная операция на Украине,В мире,Россия,Ватикан,Украина,Ольга Любимова,Евросоюз"
"В сенате США расследуют, кто управлял страной вместо Байдена ",01:04 22.05.2025,https://ria.ru/20250522/ssha-2018369151.html,"Сенатор Джонсон расследует, кто на самом деле управлял США вместо Байдена","В мире,США,Джо Байден,Рон Джонсон,Дональд Трамп"
"Россия готова к диалогу по евразийской безопасности, заявили в Совбезе ",00:57 22.05.2025,https://ria.ru/20250522/bezopasnost-2018368577.html,Венедиктов: Россия готова к диалогу с НАТО и ЕС по евразийской безопасности,"Россия,НАТО,Евросоюз,Александр Венедиктов,В мире"
"Экс-депутат Рады заявил, что мотивом убийства Портнова могла быть месть ",00:49 22.05.2025,https://ria.ru/20250522/ubiystvo-2018368189.html,Экс-депутат Рады Царев: мотивом убийства Портнова могла быть месть,"В мире,Андрей Портнов (политик),Олег Царев,Виктор Янукович,Убийство Андрея Портнова в Испании"
"""Другой реальности не будет"": в США вынесли Украине приговор ",00:39 22.05.2025,https://ria.ru/20250522/prigovor-2018367322.html,Скотт Риттер: реалии ситуации на Украине явно не в пользу Киева,"Специальная военная операция на Украине,В мире,Киев,Россия,Украина,Скотт Риттер"
США нанесли крупнейший в истории авиаудар с авианосца ,00:38 22.05.2025,https://ria.ru/20250522/ssha-2018366985.html,Пентагон: США нанесли крупнейший в истории авиаудар по территории Сомали,"В мире,США,Сомали,Россия,Дональд Трамп,Исламское государство*,Аль-Каида,Министерство обороны США,Красное море"
Депутат Рады назвала убийство Портнова сигналом сторонникам Януковича ,00:01 22.05.2025,https://ria.ru/20250522/ukraina-2018363516.html,Депутат Рады Сюмар назвала убийство Портнова сигналом сторонникам Януковича,"В мире,Украина,Мадрид,Андрей Портнов (политик),Виктория Сюмар,Виктор Янукович,Европейская солидарность,Убийство Андрея Портнова в Испании"
В преддверии ГИА подскочил спрос на ручки из Китая ,23:58 21.05.2025,https://ria.ru/20250521/ruchki-2018363353.html,Спрос на ручки из Китая подскочил вдвое в преддверии ГИА,"Экономика,Россия,Китай,Федеральная служба государственной статистики (Росстат),В мире,Импорт,Государственная итоговая аттестация (ГИА),Образование,Образование - Общество"
Президент Гайаны назвал выборы в Эссекибо угрозой суверенитету страны ,23:55 21.05.2025,https://ria.ru/20250521/gayana-2018363175.html,Президент Гайаны Али назвал угрозой запланированные Венесуэлой выборы в Эссекибо,"В мире,Гайана,Каракас,Венесуэла,ООН"
Дети из Белгородской и Курской областей отдохнут в Абхазии ,23:54 21.05.2025,https://ria.ru/20250521/abkhaziya-2018363052.html,Двести детей из Белгородской и Курской областей отдохнут в Абхазии этим летом,"Абхазия,Курская область,В мире,Белгородская область,Россия"
"США готовы к любому мирному соглашению по Украине, заявил Рубио ",23:38 21.05.2025,https://ria.ru/20250521/ssha-2018361586.html,Рубио: США открыты для любого мирного соглашения между Россией и Украиной,"В мире,Россия,Украина,США,Дональд Трамп,Марко Рубио,Сергей Лавров"
"""Жизнь поколений"": в Китае назвали тяжелые последствия политики Зеленского ",23:29 21.05.2025,https://ria.ru/20250521/zelenskiy-2018360932.html,NetEase: из-за Зеленского Украина будет выплачивать долги поколениями,"В мире,Украина,США,Китай,Владимир Зеленский"
"Рубио признал, что США не способны влиять на политику Китая ",23:24 21.05.2025,https://ria.ru/20250521/ssha-2018360400.html,Рубио: США не способны оказывать значительного влияния на политику Китая,"В мире,Китай,США,Вашингтон (штат),Марко Рубио"
Рамафоса оценил встречу с Трампом в Белом доме ,23:19 21.05.2025,https://ria.ru/20250521/ramafosa-2018359778.html,Президент ЮАР Рамафоса назвал встречу с Трампом в Белом доме хорошей,"В мире,ЮАР,США,Дональд Трамп,Сирил Рамафоса,Большая двадцатка"
"""Придется признать"". В США сообщили Украине неутешительные новости ",23:17 21.05.2025,https://ria.ru/20250521/ukraina-2018359635.html,Политолог Доктороу: европейским лидерам придется признать крах Украины,"Специальная военная операция на Украине,В мире,Украина,США,Европа"
Житель Львова распылил газ в лицо сотрудникам военкомата и полиции ,23:01 21.05.2025,https://ria.ru/20250521/ukraina-2018357660.html,"Житель Львова распылил газ в лицо сотрудникам ТЦК и полиции, спасаясь от погони","В мире,Львов,Украина,Вооруженные силы Украины"
"ChatGPT предсказал, с какой вероятностью Байден проживет больше пяти лет ",22:48 21.05.2025,https://ria.ru/20250521/bayden-2018356368.html,ChatGPT предсказал Байдену не более 40% вероятности прожить больше пяти лет,"В мире,США,Джо Байден,ИИ,Искусственный интеллект (ИИ),Технологии,Рак"
Рубио: США будут судить о прогрессе в урегулировании конфликта на Украине ,22:41 21.05.2025,https://ria.ru/20250521/rubio-2018355279.html,Рубио: США будут судить о прогрессе урегулирования по тексту меморандума от РФ,"В мире,Россия,Украина,США,Марко Рубио,Дональд Трамп,Владимир Путин"
"Пентагон подтвердил, что США приняли Boeing, подаренный Катаром ",22:37 21.05.2025,https://ria.ru/20250521/pentagon-2018355476.html,Пентагон: США адаптируют подаренный Катаром Boeing для президентских полетов,"Катар,Министерство обороны США,Дональд Трамп,В мире,США,Boeing 747"
Госдеп одобрил продажу Польше более тысячи авиабомб ,22:20 21.05.2025,https://ria.ru/20250521/gosdep-2018354490.html,Пентагон одобрил продажу Польше более 1400 авиабомб GBU-39 на 180 млн долларов,"В мире,Польша,США,Министерство обороны США,Государственный департамент США"
Bloomberg: ЕС передал США пересмотренное предложение по торговле ,22:14 21.05.2025,https://ria.ru/20250521/es-2018354076.html,Bloomberg: ЕС передал США пересмотренное предложение по торговле на фоне пошлин,"США,Европа,Германия,Дональд Трамп,Евросоюз,Введение Трампом пошлин на импорт,В мире"
Россиянина освободили из мошеннического колл-центра в Мьянме ,22:12 21.05.2025,https://ria.ru/20250521/rossiyanin-2018353842.html,Освобожденный из мошеннического колл-центра в Мьянме россиянин вылетел в Москву,"В мире,Мьянма,Россия,Происшествия,Москва,Мошенничество,Общество"
Трамп отчитал репортера за вопрос про подарок от Катара ,21:50 21.05.2025,https://ria.ru/20250521/tramp-2018352654.html,Трамп отчитал репортера в Белом доме за вопрос о самолете от Катара,"В мире,США,Дональд Трамп,Сирил Рамафоса,ЮАР,Катар"
"Экономика России растет, несмотря на санкции ЕС, заявил Ульянов ",21:37 21.05.2025,https://ria.ru/20250521/ekonomika-2018352473.html,"Постпред Ульянов: экономика России растет, несмотря на 17 пакетов санкций ЕС","Россия,Москва,Вена,Михаил Ульянов (дипломат),Владимир Путин,Евросоюз,ООН,В мире"
Генсек НАТО заявил о необходимости диалога Путина и Трампа ,21:29 21.05.2025,https://ria.ru/20250521/nato-2018351767.html,Генсек НАТО Рютте: контакты России и США необходимы для движения в сторону мира,"В мире,Россия,Украина,США,Дональд Трамп,Владимир Путин,Марк Рютте,НАТО"
"Большинство мировых политиков не воспринимают Каллас всерьез, заявил Пушков ",21:20 21.05.2025,https://ria.ru/20250521/kallas-2018350334.html,Пушков: большинство политиков и дипломатов ЕС не воспринимают Каллас всерьез,"В мире,Россия,Брюссель,Кайя Каллас,Алексей Пушков,Евросоюз"
"""Какого черта?"" Трамп резко отреагировал на поступок Зеленского  ",21:09 21.05.2025,https://ria.ru/20250521/tramp-2018348826.html,"Трамп рассказал, что не понял, какого черта Зеленский делал в ЮАР","В мире,ЮАР,Южная Африка,Украина,Владимир Зеленский,Дональд Трамп,Сирил Рамафоса"
Мэр Сорренто арестовали с поличным за взятку ,21:09 21.05.2025,https://ria.ru/20250521/italiya-2018348696.html,Мэра итальянского города Сорренто Копполу арестовали с поличным за взятку,"В мире,Италия"
"Лавров обсудил с армянским коллегой реализацию возможностей платформы ""3+3"" ",21:05 21.05.2025,https://ria.ru/20250521/lavrov-2018348421.html,Лавров и Мирзоян решили усилить работу по реализации возможностей платформы 3+3,"В мире,Россия,Армения,Сергей Лавров,Министерство иностранных дел Российской Федерации (МИД РФ),МИД Армении"
Стоимость биткоина обновила рекорд ,21:01 21.05.2025,https://ria.ru/20250521/bitkoin-2018348167.html,"Стоимость биткоина обновила исторический максимум, превысив 109 600 долларов","Экономика,США,Дональд Трамп,Ситуация с курсами валют и ценами на нефть,В мире,Биткоин,Криптовалюта"
Россия и Армения выразили обоюдный настрой на укрепление диалога ,20:55 21.05.2025,https://ria.ru/20250521/armeniya-2018347323.html,МИД: Москва и Ереван выразили настрой на укрепление политического диалога,"Россия,Армения,Ереван,Сергей Лавров,Никол Пашинян,Ваагн Хачатурян,В мире"
Лавров обсудил с армянским коллегой нормализацию отношений Еревана и Баку ,20:53 21.05.2025,https://ria.ru/20250521/lavrov-2018347110.html,Лавров подтвердил Мирзояну готовность содействовать миру между Ереваном и Баку,"В мире,Армения,Россия,Сергей Лавров,Арарат Мирзоян,Министерство иностранных дел Российской Федерации (МИД РФ),МИД Армении"
Трамп назвал президента ЮАР противоречивой фигурой ,20:46 21.05.2025,https://ria.ru/20250521/tramp-2018346600.html,Трамп на встрече с главой ЮАР Рамафосой назвал его противоречивой фигурой,"В мире,ЮАР,США,Вашингтон (штат),Дональд Трамп,Сирил Рамафоса,Владимир Зеленский,Большая двадцатка"
Нетаньяху выразил готовность прекратить огонь ради освобождения заложников ,20:45 21.05.2025,https://ria.ru/20250521/izrail-2018346489.html,Нетаньяху: Израиль готов временно прекратить огонь ради освобождения заложников,"В мире,Израиль,Биньямин Нетаньяху,Обострение палестино-израильского конфликта в 2024 году,Сектор Газа,Палестина"
Конгрессмен-демократ не давал Рубио говорить об усилиях США по Украине ,20:38 21.05.2025,https://ria.ru/20250521/rubio-2018345923.html,Госсекретарь США Рубио отказался выступать с оскорблениями в адрес Путина,"В мире,Россия,Украина,Стамбул,Марко Рубио,Владимир Мединский,Владимир Путин,Агентство по международному развитию США"
"Трамп назвал исключение России из ""Большой восьмерки"" ошибкой ",20:37 21.05.2025,https://ria.ru/20250521/tramp-2018345801.html,"Трамп заявил, что было бы лучше, если бы Россия осталась в G8","В мире,Россия,США,Дональд Трамп,G8,G7"
"""Вот-вот начнут делить"". На Западе сделали мрачное заявление об Украине ",20:36 21.05.2025,https://ria.ru/20250521/ukraina-2018345651.html,L'AntiDiplomatico: Украина при Зеленском оказалась на грани гражданской войны,"В мире,Украина,Донбасс,Владимир Зеленский,Петр Порошенко"
Мерц не видит признаков скорого завершения конфликта на Украине ,20:30 21.05.2025,https://ria.ru/20250521/merts-2018345094.html,Канцлер Германии Мерц: нет признаков скорого завершения конфликта на Украине,"В мире,Ватикан,Германия,Украина,Фридрих Мерц,Пьетро Паролин,Франциск (Хорхе Марио Бергольо)"
Трамп показал Рамафосе якобы доказательства геноцида белых в ЮАР ,20:27 21.05.2025,https://ria.ru/20250521/tramp-2018344768.html,"Трамп показал главе ЮАР Рамафосе материалы, якобы доказывающие геноцид белых","В мире,ЮАР,США,Дональд Трамп,Сирил Рамафоса"
Трамп сохраняет возможность введения санкций против России ,19:46 21.05.2025,https://ria.ru/20250521/tramp-2018340727.html,Рубио: Вашингтон сохраняет возможность введения жестких антироссийских санкций,"Россия,Москва,Киев,В мире,Вашингтон (штат),Украина,Дональд Трамп,Санкции в отношении России"
"Трамп признал, что конфликт на Украине не касается США напрямую ",19:43 21.05.2025,https://ria.ru/20250521/tramp-2018338993.html,"Трамп заявил, что США готовы к действиям для разрешения украинского конфликта","США,В мире,Украина,Россия,Дональд Трамп,Владимир Путин"
"США не предоставляли Украине военных гарантий, заявил Рубио ",19:41 21.05.2025,https://ria.ru/20250521/ssha-2018337917.html,Рубио: США не предоставляли Украине военных гарантий в рамках сделки по металлам,"США,Украина,В мире,Россия,Дональд Трамп,Марко Рубио"
Журналист предрек Западу проблемы после убийства экс-советника Януковича  ,19:36 21.05.2025,https://ria.ru/20250521/es-2018337344.html,Боуз: убийство экс-советника Януковича приведет к серьезным последствиям для ЕС,"В мире,Испания,Мадрид,Владимир Зеленский,Чей Боуз,Евросоюз,Убийство Андрея Портнова в Испании"
Пятый раунд переговоров между США и Ираном пройдет 23 мая ,19:34 21.05.2025,https://ria.ru/20250521/iran-2018336950.html,МИД Омана: пятый раунд переговоров между США и Ираном пройдет 23 мая в Риме,"В мире,США,Иран,Рим,Оман,Обострение отношений США и Ирана"
С задержанного в Финляндии россиянина сняли подозрения в шпионаже ,19:08 21.05.2025,https://ria.ru/20250521/finlyandiya-2018334225.html,Финская полиция сняла с задержанного россиянина подозрения в разведдеятельности,"В мире,Финляндия,Россия,Евросоюз,Происшествия"
Швейцария примет участие в конференции по безопасности в Москве ,19:05 21.05.2025,https://ria.ru/20250521/shveytsariya-2018333516.html,МИД Швейцарии: Берн примет участие в конференции по безопасности в Москве в мае,"Москва,Швейцария,Россия,В мире,Безопасность"
Президент Армении отметил важность визита Лаврова в Ереван ,18:40 21.05.2025,https://ria.ru/20250521/lavrov-2018331757.html,Хачатурян: визит Лаврова в Ереван означает продолжение двустороннего диалога,"Армения,Россия,Ереван,Ваагн Хачатурян,Сергей Лавров,В мире"
"Экс-врач Белого дома предположил, сколько осталось жить Байдену ",18:30 21.05.2025,https://ria.ru/20250521/bajden-2018328334.html,"Джексон: Байдену, возможно, осталось жить от 12 до 18 месяцев","В мире,США,Джо Байден,Ронни Джексон"
Хинштейн назвал Сумы не чужим для себя городом ,18:29 21.05.2025,https://ria.ru/20250521/khinshteyn-2018327848.html,"Хинштейн назвал город Сумы не чужим для себя, так как там родился его дед","Курская область,Сумская область,Сумы,Александр Хинштейн,Владимир Путин,В мире,Украина"
"СМИ раскрыли, что сказал Трамп европейским лидерам после беседы с Путиным ",18:29 21.05.2025,https://ria.ru/20250521/tramp-2018327583.html,"Bloomberg: Трамп заявил европейским лидерам, что верит в победу России в СВО","Россия,Дональд Трамп,Владимир Путин,Европа,В мире,Юрий Ушаков,США,Украина"
"Лавров передал президенту Армении ""привет"" от Путина ",18:24 21.05.2025,https://ria.ru/20250521/lavrov-2018325078.html,Глава МИД Лавров передал президенту Армении Хачатуряну привет от Путина,"Россия,Армения,Москва,Сергей Лавров,Владимир Путин,Ваагн Хачатурян,В мире"
Матвиенко оценила намерения Трампа по мирным инициативам на Украине ,18:23 21.05.2025,https://ria.ru/20250521/matvienko-2018323423.html,"Матвиенко заявила, что верит в искренность намерений Трампа по миру на Украине","Украина,Россия,США,Валентина Матвиенко,Дональд Трамп,Совет Федерации РФ,В мире"
"США могут отменить статус ""Талибана"" как террористической организации ",18:19 21.05.2025,https://ria.ru/20250521/rubio-2018320572.html,"Рубио: США пересматривают статус ""Талибана"" как террористической организации","В мире,Талибан,США,Марко Рубио,Россия,Игорь Краснов"
Испанская полиция получила записи убийства Портнова с камер наблюдения ,18:17 21.05.2025,https://ria.ru/20250521/portnov-2018319154.html,Испанская полиция анализирует записи с видеокамер у места убийства Портнова,"Мадрид,Андрей Портнов (политик),Виктор Янукович,Убийство Андрея Портнова в Испании,В мире,Украина,Испания,Петр Порошенко,Канада,Верховная Рада Украины"
Рубио: США считают безответственным возможный разрыв контактов с Россией ,18:08 21.05.2025,https://ria.ru/20250521/rubio-2018314796.html,"Рубио назвал сценарий, при котором ядерные державы не общаются, безответственным","США,Россия,В мире,Москва,Вашингтон (штат),Марко Рубио"
СМИ: на Украине завершили следствие против Порошенко* по угольному делу ,18:06 21.05.2025,https://ria.ru/20250521/delo-2018314238.html,Порошенко вменяют госизмену по делу об организации поставок угля из ДНР и ЛНР,"В мире,Украина,Россия,Донецкая Народная Республика,Петр Порошенко,Виктор Медведчук,Илья Новиков,Верховная Рада Украины,Федеральная служба по финансовому мониторингу (Росфинмониторинг),Оппозиционная платформа - За жизнь"
"Убийство Портнова демонстрирует подходы власти Зеленского, заявил Мирошник ",18:06 21.05.2025,https://ria.ru/20250521/portnov-2018313973.html,"Мирошник: убийство Портнова показало, что киевский режим использует метод казни","В мире,Украина,Мадрид,Андрей Портнов (политик),Владимир Зеленский,Родион Мирошник,Федеральная служба по финансовому мониторингу (Росфинмониторинг),Убийство Андрея Портнова в Испании"
"Ученикам школы, у которой убили Портнова, ничего не угрожает, пишут СМИ ",18:01 21.05.2025,https://ria.ru/20250521/portnov-2018313444.html,"Школа, около которой убили Портнова, передала родным, что ученики в безопасности","В мире,Мадрид,Андрей Портнов (политик),Испания,Убийство Андрея Портнова в Испании,Украина"
Глава МВД Кубы придет в Москву на встречу по безопасности ,17:53 21.05.2025,https://ria.ru/20250521/kuba-2018312311.html,Глава МВД Кубы Касас возглавит делегацию на встрече по безопасности в Москве,"Москва,Куба,Россия,Сергей Шойгу,В мире"
"Гуцул заявила, что власти Молдавии оказывают давление на судей ",17:50 21.05.2025,https://ria.ru/20250521/gutsul-2018311931.html,"Гуцул обвинила власти Молдавии в давлении на судей, рассматривающих ее дело","В мире,Молдавия,Евгения Гуцул,Задержание главы Гагаузии Гуцул"
Украина хочет выйти из ряда соглашений с Россией и Белоруссией ,17:47 21.05.2025,https://ria.ru/20250521/ukraina-2018309877.html,Мельничук: кабмин Украины поддержал выход страны из договоров с РФ и СНГ,"Украина,Россия,Белоруссия,СНГ,Верховная Рада Украины,В мире"
"""На 180 градусов"". В ФРГ впали в истерику после разговора Путина с Трампом ",17:47 21.05.2025,https://ria.ru/20250521/razgovor-2018310040.html,Bild: Трамп на 180 градусов изменил позицию по России после беседы с Путиным,"В мире,США,Россия,Дональд Трамп,Владимир Путин,Фридрих Мерц"
"США больше не хотят решать мировые проблемы, заявил Рубио ",17:42 21.05.2025,https://ria.ru/20250521/ssha-2018306861.html,Госсекретарь США Рубио: США больше не могут решать все мировые проблемы,"В мире,США,Марко Рубио"
Картаполов: США обосновывают возрождение звездных воин нападками на Россию ,17:41 21.05.2025,https://ria.ru/20250521/oruzhie-2018305750.html,Картаполов: США обосновывают возрождение звездных воин заявлением об оружии РФ,"Космос - РИА Наука,США,Россия,Китай,Андрей Картаполов,Госдума РФ,В мире"
Оппозиция хочет пригласить Дурова в Молдавию для дачи показаний о выборах ,17:34 21.05.2025,https://ria.ru/20250521/moldaviya-2018302999.html,Социалисты в Молдавии пригласят Дурова для показаний о вмешательстве в выборы,"В мире,Молдавия,Павел Дуров,Майя Санду,Александр Стояногло,Президентские выборы в Молдавии"
"Вучич заявил, что не будет прятаться под стол от вопросов Каллас ",17:34 21.05.2025,https://ria.ru/20250521/vuchich-2018302814.html,"Вучич заявил, что не будет прятаться под стол, если Каллас спросит о визите в РФ","В мире,Москва,Сербия,Россия,Александр Вучич,Кайя Каллас,Владимир Зеленский,Евросоюз,80-летие Победы в Великой Отечественной войне"
"Блок ""Победа"" потребовал освобождения задержанных активистов ",17:33 21.05.2025,https://ria.ru/20250521/moldaviya-2018302618.html,"Блок ""Победа"" назвал задержание активистов в Гагаузии давлением на оппозицию","В мире,Молдавия,Майя Санду,Задержание главы Гагаузии Гуцул"
На учениях в Финляндии впервые отработали запуск ракет Hellfire ,17:31 21.05.2025,https://ria.ru/20250521/finljandija-2018302276.html,В Финляндии на учениях впервые отработали запуск управляемых ракет Hellfire,"Россия,Финляндия,Швеция,Павел Кузнецов,Владимир Путин,Дмитрий Киселев,НАТО,McDonnell Douglas AH-64 Apache,F/A-18,В мире"
"ЕС провокационно накачивает Украину оружием, заявила дипломат ",17:24 21.05.2025,https://ria.ru/20250521/es-2018299838.html,Дипломат Жданова: ЕС предпринимает новые шаги по накачке Украины оружием,"В мире,Россия,Украина,Киев,Юлия Жданова,Дональд Трамп,Владимир Мединский,Евросоюз,ОБСЕ,Вооруженные силы Украины"
Слуцкий назвал слова Рубио о претензиях России к Украине заблуждением ,17:17 21.05.2025,https://ria.ru/20250521/slutskij-2018296580.html,Слуцкий: США заблуждаются относительно территориальных реалий Донбасса и Крыма,"В мире,Россия,США,Донбасс,Марко Рубио,Леонид Слуцкий (политик),Госдума РФ,ООН,Украина"
Мирошник: Россия будет наблюдать за расследованием убийства Портнова ,17:07 21.05.2025,https://ria.ru/20250521/portnov-2018293997.html,"Мирошник: Россия следит за тем, как будет вестись следствие по делу Портнова","В мире,Мадрид,Украина,Андрей Портнов (политик),Виктор Янукович,Родион Мирошник,Убийство Андрея Портнова в Испании"
СМИ: близкие и друзья Портнова считают его убийство политическим ,17:05 21.05.2025,https://ria.ru/20250521/portnov-2018293205.html,Близкие и друзья Портнова считают его убийство публичной расправой,"В мире,Украина,Мадрид,Андрей Портнов (политик),Виктор Янукович,Петр Порошенко,Страна.ua,Федеральная служба по финансовому мониторингу (Росфинмониторинг),Убийство Андрея Портнова в Испании"
"Россия и Армения прошли стадию взаимного недоверия, заявил Лавров ",16:53 21.05.2025,https://ria.ru/20250521/lavrov-2018292070.html,Глава МИД Лавров: Россия и Армения прошли стадию взаимных недоверий и обид,"В мире,Армения,Россия,Москва,Сергей Лавров"
Мирошник: Россия надеется на непредвзятость расследования убийства Портнова ,16:49 21.05.2025,https://ria.ru/20250521/rossija-2018291314.html,Мирошник: Россия надеется на установление заказчиков убийства Портнова в Испании,"В мире,Мадрид,Украина,Андрей Портнов (политик),Виктор Янукович,Родион Мирошник,Убийство Андрея Портнова в Испании"
"""Современный Наполеон"": на Западе раскрыли тайный план против России ",16:34 21.05.2025,https://ria.ru/20250521/napoleon-2018289166.html,Mysl Polska: Макрон строит наполеоновские планы против России ,"В мире,Россия,Франция,Украина,Дмитрий Песков,Евросоюз,НАТО"
"""С большим пафосом"". В Германии сделали тяжелое признание о санкциях ",16:31 21.05.2025,https://ria.ru/20250521/sanktsii-2018288387.html,Berliner Zeitung: 17-й пакет санкций не повлияет на реальное положение дел,"Санкции в отношении России,Евросоюз,Россия,Германия,Брюссель,В мире"
Рогов прокомментировал убийство экс-советника Януковича в Испании ,16:30 21.05.2025,https://ria.ru/20250521/portnov-2018287577.html,"Рогов: убийство Портнова показывает, что режим Зеленского идет на зачистку","В мире,Мадрид,США,Владимир Зеленский,Андрей Портнов (политик),Владимир Рогов,Убийство Андрея Портнова в Испании"
Тело экс-советника Януковича Портнова увезли с места убийства в Мадриде ,16:19 21.05.2025,https://ria.ru/20250521/portnov-2018285280.html,"Медики увезли тело экс-советника Януковича Портнова, убитого у школы в Мадриде","В мире,Украина,Мадрид,Андрей Портнов (политик),Виктор Янукович,Mercedes,Убийство Андрея Портнова в Испании"
"Бойцы ""Севера"" уничтожили терминал связи Starlink в Харьковской области ",16:18 21.05.2025,https://ria.ru/20250521/minoborony-2018285019.html,"Минобороны: дроновод ""Севера"" уничтожил терминал Starlink в Харьковской области","Специальная военная операция на Украине,В мире,Харьковская область,Вооруженные силы Украины,Министерство обороны РФ (Минобороны РФ),Вооруженные силы РФ,Украина"
"В Молдавии задержали активистов блока ""Победа"" ",16:16 21.05.2025,https://ria.ru/20250521/moldaviya-2018284491.html,"Во время поездки Санду в Гагаузию в Молдавии задержали активистов блока ""Победа""","В мире,Молдавия,Майя Санду,Блок ""Победа"",Гагаузия"
Во Франции забили тревогу из-за решения Трампа после разговора с Путиным ,16:06 21.05.2025,https://ria.ru/20250521/razgovor-2018282628.html,None,"В мире,Европа,Украина,Владимир Путин,Дональд Трамп,Евросоюз,НАТО,США,Россия"
Лавров заявил об урегулировании вопросов с поставками оружия в Армению ,16:04 21.05.2025,https://ria.ru/20250521/armeniya-2018282172.html,Лавров: все вопросы с поставками оружия в Армению и их оплатой урегулированы,"Россия,Армения,Европа,Сергей Лавров,Арарат Мирзоян,Ваагн Хачатурян,В мире"
Сийярто обвинил Украину в активной пропаганде против Венгрии ,15:56 21.05.2025,https://ria.ru/20250521/budapesht-2018280233.html,Сийярто: Киев ведет активную антивенгерскую пропаганду на международном уровне,"В мире,Венгрия,Украина,Будапешт,Петер Сийярто,Виктор Орбан,Служба безопасности Украины,Вооруженные силы Украины"
"Женщина, живущая рядом с местом убийства Портнова, рассказала о выстрелах ",15:55 21.05.2025,https://ria.ru/20250521/portnov-2018280087.html,Живущая рядом с местом убийства Портнова женщина заявила о шести-семи выстрелах,"В мире,Украина,Мадрид,Андрей Портнов (политик),Виктор Янукович,Убийство Андрея Портнова в Испании"
"Армения не откажется от празднования Победы над фашизмом, заявил МИД страны ",15:53 21.05.2025,https://ria.ru/20250521/armeniya-2018278812.html,Мирзоян: Армения не собирается отказываться от празднования Победы над фашизмом,"80-летие Победы в Великой Отечественной войне,В мире,Армения,Арарат Мирзоян,Никол Пашинян,80-летие Победы в Великой Отечественной войне,День Победы,МИД Армении"
"Россия не даст обмануть себя с перемирием на Украине, заявил Лавров ",15:49 21.05.2025,https://ria.ru/20250521/lavrov-2018277242.html,"Лавров заявил, что перемирия до переговоров по Украине быть не может","Специальная военная операция на Украине,В мире,Украина,Россия,Сергей Лавров,Министерство иностранных дел Российской Федерации (МИД РФ)"
"Евросоюзу сегодня не место в переговорах по Украине, заявила Матвиенко ",15:44 21.05.2025,https://ria.ru/20250521/matvienko-2018274915.html,"Матвиенко заявила, что ЕС сегодня не место за столом переговоров по Украине","Украина,В мире,Валентина Матвиенко,Совет Федерации РФ,Евросоюз"
"Россия готова содействовать защите суверенитета Армении, заявил Лавров ",15:44 21.05.2025,https://ria.ru/20250521/lavrov-2018274761.html,Лавров: Россия готова содействовать защите суверенитета и целостности Армении,"В мире,Армения,Россия,Москва,Сергей Лавров,Арарат Мирзоян"
"Трамп искренне хочет прекратить конфликт на Украине, считает Матвиенко ",15:41 21.05.2025,https://ria.ru/20250521/matvienko-2018274289.html,Матвиенко: Трамп искренне хочет добиться мирного урегулирования на Украине,"В мире,Украина,Дональд Трамп,Валентина Матвиенко"
"Вэнс рассказал, чем руководствуется Трамп в подходе к конфликту на Украине ",15:39 21.05.2025,https://ria.ru/20250521/tramp-2018272498.html,Вэнс: Трамп исходит из гуманитарных соображений в подходе к конфликту на Украине,"В мире,Украина,США,Дональд Трамп"
Очевидец убийства экс-советника Януковича рассказал о деталях произошедшего ,15:36 21.05.2025,https://ria.ru/20250521/portnov-2018271807.html,Очевидец убийства Портнова около школы под Мадридом сообщил о пяти выстрелах,"В мире,Андрей Портнов (политик),Мадрид,Испания,Убийство Андрея Портнова в Испании"
"""Антироссийская истерия"": на Западе указали на хитрый план Евросоюза ",15:36 21.05.2025,https://ria.ru/20250521/es-2018271695.html,Филиппо: антироссийская повестка служит цели ЕС создать европейскую армию,"Румыния,Франция,Флориан Филиппо,Урсула фон дер Ляйен,Еврокомиссия,Евросоюз,В мире"
Более 80 человек погибли при израильских ударах по Газе за сутки  ,15:25 21.05.2025,https://ria.ru/20250521/izrail-2018270063.html,Минздрав Газы: более 80 человек погибли при ударах ЦАХАЛ по сектору за сутки,"В мире,Израиль,Катар,ХАМАС,Обострение палестино-израильского конфликта в 2024 году"
CNN: США ведут переговоры с ХАМАС через посредника ,15:19 21.05.2025,https://ria.ru/20250521/ssha-2018268637.html,CNN: США через посредника ведут переговоры с ХАМАС в Дохе,"В мире,США,Доха,Израиль,Дональд Трамп,Стив Уиткофф,Биньямин Нетаньяху,ХАМАС"
Раскольники захватили храм УПЦ на западе Украины ,15:15 21.05.2025,https://ria.ru/20250521/ukraina-2018267269.html,Сторонники ПЦУ при поддержке полиции захватили храм УПЦ в Черновицкой области,"Религия,Украина,Черновицкая область,Украинская православная церковь,Православная церковь Украины (ПЦУ),Московский Патриархат,Ситуация вокруг УПЦ,В мире,Православие"
На ТЭЦ в Киевской области вспыхнул пожар ,15:10 21.05.2025,https://ria.ru/20250521/ukraina-2018266096.html,На Белоцерковской ТЭЦ в Киевской области вспыхнул пожар,"В мире,Киевская область,Белая Церковь (город)"
СМИ: в Испании допустили связь убийства Портнова с конфликтом на Украине ,15:07 21.05.2025,https://ria.ru/20250521/ispanija-2018265422.html,Следователи Испании не исключают связи убийства Портнова с конфликтом на Украине,"В мире,Мадрид,Россия,Виктор Янукович,Андрей Портнов (политик),Убийство Андрея Портнова в Испании"
Молдавская полиция не пропускает автомобили сторонников Гуцул на митинг ,15:07 21.05.2025,https://ria.ru/20250521/moldavija-2018265190.html,В Молдавии полиция не пропускает машины сторонников Гуцул на митинг в Кишиневе,"В мире,Молдавия,Евгения Гуцул,Задержание главы Гагаузии Гуцул"
В Британии впервые обнаружили в комарах следы лихорадки Западного Нила ,15:03 21.05.2025,https://ria.ru/20250521/komary-2018264639.html,В британских комарах впервые обнаружили фрагмент вируса лихорадки Западного Нила,"Великобритания,Африка,Америка,В мире"
"""По-зверски"". Убийство экс-советника Януковича вызвало ярость на Украине ",15:02 21.05.2025,https://ria.ru/20250521/portnov-2018264307.html,Дмитрук обвинил режим Зеленского в причастности к убийству Портнова,"В мире,Украина,Владимир Зеленский,Виктор Янукович,Андрей Портнов (политик),Мадрид,Артем Дмитрук,Убийство Андрея Портнова в Испании"
"Лавров и Фидан обсудят ситуацию на Украине, заявил МИД России ",15:00 21.05.2025,https://ria.ru/20250521/lavrov-2018263595.html,Захарова: Лавров и Фидан в ходе переговоров обсудят конфликт на Украине,"Турция,Украина,Россия,Сергей Лавров,Мария Захарова,Хакан Фидан,В мире"
"Украинские войска обстреляли село рядом с Запорожской АЭС, сообщил Рогов ",14:55 21.05.2025,https://ria.ru/20250521/zaes-2018262821.html,Рогов: ВСУ нанесли удар по селу Водяное в непосредственной близости от ЗАЭС,"В мире,Россия,Днепр (город),Энергодар,Владимир Рогов,Запорожская АЭС,Вооруженные силы Украины"
"США игнорируют главу дипломатии Евросоюза, заявили в СВР ",14:55 21.05.2025,https://ria.ru/20250521/ssha-2018262651.html,СВР: США игнорируют главу дипломатии Евросоюза Каллас из-за ее критики Трампа,"В мире,Вашингтон (штат),США,Россия,Кайя Каллас,Дональд Трамп,Владимир Зеленский,Служба внешней разведки Российской Федерации (СВР России)"
Адвокат назвал решение о продлении домашнего ареста Гуцул незаконным ,14:52 21.05.2025,https://ria.ru/20250521/gutsul-2018262167.html,Морару: продление домашнего ареста Гуцул не учитывает аргументы защиты,"Кишинев,Гагаузия,Молдавия,Евгения Гуцул,Задержание главы Гагаузии Гуцул,В мире"
"Каллас почти не участвует в обсуждении мира на Украине, заявили в СВР ",14:52 21.05.2025,https://ria.ru/20250521/kallas-2018261281.html,СВР: роль Каллас в обсуждении украинского урегулирования сведена почти к нулю,"В мире,Украина,Кайя Каллас,Служба внешней разведки Российской Федерации (СВР России),Евросоюз"
"Каллас не выстроила рабочие отношения с главами стран ЕС, заявили в СВР ",14:51 21.05.2025,https://ria.ru/20250521/kallas-2018261528.html,СВР: Каллас не смогла выстроить отношения с руководителями большинства стран ЕС,"В мире,Россия,Брюссель,Кайя Каллас,Еврокомиссия,Евросоюз,Служба внешней разведки Российской Федерации (СВР России)"
"В Дженине военные открыли огонь по дипломатам, сообщил МИД Палестины ",14:46 21.05.2025,https://ria.ru/20250521/palestina-2018261123.html,МИД Палестины: в Дженине израильские военные открыли огонь по дипломатам,"В мире,Палестина,Израиль"
СМИ узнали подробности гибели экс-советника Януковича в Испании ,14:46 21.05.2025,https://ria.ru/20250521/portnov-2018261023.html,Портнова не смогли реанимировать после нападения в Испании из-за тяжести ран,"В мире,Испания,Андрей Портнов (политик),Убийство Андрея Портнова в Испании"
СВР: Каллас отстранили от работы с документами стратегического планирования ,14:40 21.05.2025,https://ria.ru/20250521/kallas-2018259151.html,СВР: Каллас отстранили от подготовки документов в области оборонной политики,"Служба внешней разведки Российской Федерации (СВР России),В мире,Кайя Каллас,Евросоюз,Еврокомиссия,Урсула фон дер Ляйен"
"""Смягчить поражение"". На Западе сделали неожиданное признание об Украине ",14:39 21.05.2025,https://ria.ru/20250521/ukraina-2018258937.html,Кошкович: Европа и Киев не смогут принять поражение Украины,"Владимир Зеленский,Золтан Кошкович,Владимир Путин,Евросоюз,Украина,Москва,Европа,В мире"
СВР сообщила о раздражении в ЕК из-за некомпетентности Каллас ,14:36 21.05.2025,https://ria.ru/20250521/kallas-2018257991.html,СВР: в кулуарах ЕК раздражены некомпетентностью Каллас во внешней политике,"Служба внешней разведки Российской Федерации (СВР России),Еврокомиссия,Евросоюз,Кайя Каллас,В мире,Россия"
Прокуратура в Париже подтвердила отказ Дурову в поездке в США ,14:34 21.05.2025,https://ria.ru/20250521/durov-2018257719.html,Прокуратура Парижа отклонила ходатайство Дурова о снятии судебного надзора,"Париж,Павел Дуров,США,Telegram,В мире"
Главу Гагаузии оставили под домашним арестом ,14:31 21.05.2025,https://ria.ru/20250521/gutsul-2018256657.html,Апелляционная палата Кишинева оставила Гуцул под домашним арестом,"В мире,Евгения Гуцул,Кишинев,Задержание главы Гагаузии Гуцул,Майя Санду,Гагаузия"
"""Называет его другом"": на Западе определили нового союзника Трампа ",14:29 21.05.2025,https://ria.ru/20250521/tramp-2018256217.html,Newsweek: Трамп назвал Эрдогана новым союзником США на глобальном уровне,"В мире,США,Сирия,Саудовская Аравия,Дональд Трамп"
"В ""Росатоме"" рассказали о сотрудничестве с западными странами ",14:21 21.05.2025,https://ria.ru/20250521/rosatom-2018255228.html,"Лихачев: большинство западных стран не разорвали сотрудничество с ""Росатомом""","Алексей Лихачев,Государственная корпорация по атомной энергии ""Росатом"",В мире,Россия"
Россия готова оказать содействие в диалоге Ирана и США ,14:21 21.05.2025,https://ria.ru/20250521/iran-2018254921.html,Венедиктов: РФ готова содействовать в диалоге Ирана и США по ядерной программе,"В мире,Иран,Россия,США,Александр Венедиктов,Обострение отношений США и Ирана"
"Портнов готовился обнародовать компромат на Зеленского, заявил Шарий ",14:18 21.05.2025,https://ria.ru/20250521/portnov-2018253864.html,Блогер Шарий: Портнов готовился обнародовать разоблачающие Зеленского сведения,"В мире,Украина,Испания,Мадрид,Анатолий Шарий,Андрей Портнов (политик),Владимир Зеленский,Служба безопасности Украины,Убийство Андрея Портнова в Испании"
Лавров оценил реакцию ОДКБ на обострение отношений между Ереваном и Баку ,14:11 21.05.2025,https://ria.ru/20250521/lavrov-2018252752.html,Лавров: Россия и ОДКБ отреагировали на обострение между Арменией и Азербайджаном,"В мире,Армения,Азербайджан,Ереван,Сергей Лавров,ОДКБ"
В России признали деятельность австрийской организации нежелательной ,14:10 21.05.2025,https://ria.ru/20250521/organizatsiya-2018252576.html,ГП признала деятельность австрийской организации IWM нежелательной в России,"В мире,Россия,Вена"
Экс-депутат Рады рассказал о борьбе убитого в Испании Портнова с Порошенко ,14:04 21.05.2025,https://ria.ru/20250521/portnov-2018251130.html,Килинкаров: с подачи Портнова на Украине завели более 40 дел против Порошенко,"В мире,Украина,Россия,Испания,Андрей Портнов (политик),Спиридон Килинкаров,Петр Порошенко,Убийство Андрея Портнова в Испании"
На границе Финляндии и России увеличат высоту забора ,13:57 21.05.2025,https://ria.ru/20250521/finljandija-2018248109.html,Высоту забора на границе между Финляндией и Россией увеличат на метр,"В мире,Россия,Финляндия,Москва,Дмитрий Песков,Мария Захарова"
Яковенко обвинил Запад в намеренном игнорировании нападок на УПЦ ,13:53 21.05.2025,https://ria.ru/20250521/zapad-2018246781.html,Яковенко: Запад намеренно замалчивает нападки Киева на УПЦ,"Россия,Молдавия,Балтия,Александр Яковенко,Владимир Зеленский,Украинская православная церковь,Константинопольский патриархат,Московский Патриархат,В мире"
СМИ рассказали подробности убийства экс-советника Януковича ,13:49 21.05.2025,https://ria.ru/20250521/abc-2018246225.html,ABC: застрелившие экс-советника Януковича Портнова передвигались на мотоцикле,"В мире,Мадрид,Андрей Портнов (политик),Убийство Андрея Портнова в Испании"
Экс-кандидат в президенты Румынии потребовал суд допросить Дурова ,13:45 21.05.2025,https://ria.ru/20250521/rumyniya-2018245313.html,Симион потребовал суд допросить Дурова по делу о выборах в Румынии,"В мире,Румыния,Россия,Бухарест,Павел Дуров,Никушор Дан,Telegram,Facebook,Президентские выборы в Румынии — 2025"
Лавров высказался о сотрудничестве стран Закавказья с другими государствами ,13:42 21.05.2025,https://ria.ru/20250521/zakavkaze-2018244916.html,Лавров: сотрудничество в Закавказье с третьими странами должно быть открытым,"Россия,Закавказье,Сергей Лавров,Арарат Мирзоян,В мире"
"Киев скрыл реальные потери при ударе по лагерю ВСУ в Шостке, заявил Рогов ",13:32 21.05.2025,https://ria.ru/20250521/vsu-2018243698.html,Рогов: Киев скрыл реальные потери при ударе по лагерю спецназа ВСУ в Шостке ,"Специальная военная операция на Украине,В мире,Сумская область,Россия,Владимир Рогов,Вооруженные силы Украины"
Лавров высказался о призывах ЕС к перемирию на Украине ,13:32 21.05.2025,https://ria.ru/20250521/lavrov-2018243521.html,Лавров: ЕС призывает к перемирию на Украине для перевооружения Киева,"В мире,Украина,Россия,Европа,Сергей Лавров,Арарат Мирзоян,Евросоюз,НАТО"
"Пленный рассказал, как боевики ""Азова""* глумились над убитым россиянином ",13:29 21.05.2025,https://ria.ru/20250521/plennyj-2018243224.html,"Пленный Ямашкин: боевики ""Азова"" хвастались фото с убитым российским военным","Специальная военная операция на Украине,В мире,Россия,Вооруженные силы Украины,Вооруженные силы РФ,Украина,Батальон ""Азов""*"
"Россия будет продолжать контакты с Арменией по безопасности, заявил Лавров ",13:28 21.05.2025,https://ria.ru/20250521/rossija-2018242906.html,Лавров: Россия настроена продолжать тесные контакты с Арменией по безопасности,"Россия,Армения,Сергей Лавров,ОДКБ,В мире"
"В Армении нет признаков украинизации, заявил Лавров ",13:24 21.05.2025,https://ria.ru/20250521/lavrov-2018241928.html,"Лавров: в Армении нет признаков украинизации, там не притесняют русский язык","В мире,Армения,Украина,Азербайджан,Сергей Лавров,Арарат Мирзоян"
Мирошник прокомментировал убийство экс-советника Януковича ,13:21 21.05.2025,https://ria.ru/20250521/miroshnik-2018240437.html,"Мирошник: Портнов мог обладать информацией, опасной для Зеленского","Андрей Портнов (политик),В мире,Украина,Россия,Виктор Янукович,Мадрид,Владимир Зеленский,Родион Мирошник,Убийство Андрея Портнова в Испании"
Экс-премьер Украины прокомментировал убийство бывшего советника Януковича ,13:17 21.05.2025,https://ria.ru/20250521/azarov-2018239263.html,"Азаров: убийство Портнова, совершенное у школы, отличается особым цинизмом","В мире,Украина,Испания,Мадрид,Андрей Портнов (политик),Виктор Янукович,Николай Азаров (политик),Убийство Андрея Портнова в Испании"
Песков призвал воссоздать договоры по стратегической безопасности с США ,13:11 21.05.2025,https://ria.ru/20250521/peskov-2018238074.html,Песков: РФ и США должны воссоздать правовую базу по стратегической безопасности,"Космос - РИА Наука,Россия,США,Дмитрий Песков,Дональд Трамп,В мире"
В Кремле прокомментировали предложение Ватикана о переговорах с Украиной ,13:07 21.05.2025,https://ria.ru/20250521/vatikan-2018237334.html,Песков: решение по месту дальнейших переговоров России и Украины не принималось,"Специальная военная операция на Украине,В мире,Ватикан,Украина,Россия,Дмитрий Песков,Пьетро Паролин,Переговоры России и Украины в Стамбуле — 2025"
"Россия защищает интересы в сфере судоходства на Балтике, заявил Песков ",13:05 21.05.2025,https://ria.ru/20250521/baltika-2018237154.html,Песков: Россия способна жестко реагировать на инциденты на Балтике,"Россия,Балтийское море,Дмитрий Песков,В мире"
"Пока детальной информации о проекте США  ""Золотой купол"" нет, заявил Песков ",13:05 21.05.2025,https://ria.ru/20250521/peskov-2018237001.html,"Песков: детальной информации о проекте США по системе ПРО ""Золотой купол"" нет","США,Россия,Дмитрий Песков,Дональд Трамп,В мире,Космос - РИА Наука"
Песков: перечень условий прекращения огня на Украине подготовят отдельно ,13:04 21.05.2025,https://ria.ru/20250521/rossija-2018236782.html,Песков: РФ и Украина подготовят перечень условий для прекращения огня отдельно,"Россия,Украина,Стамбул,Дмитрий Песков,Владимир Путин,Дональд Трамп,Переговоры России и Украины в Стамбуле — 2025,В мире"
"Песков высказался о планах США создать систему ПРО ""Золотой купол"" ",13:03 21.05.2025,https://ria.ru/20250521/kreml-2018236485.html,"Песков: все страны, имеющие потенциал для разработки систем ПРО, делают это","США,Россия,Дмитрий Песков,Дональд Трамп,В мире"
ВСУ атаковали Запорожскую АЭС ,12:58 21.05.2025,https://ria.ru/20250521/vsu-2018235242.html,ВСУ атаковали крышу корпуса учебно-тренировочного центра Запорожской АЭС,"В мире,Вооруженные силы Украины,Запорожская АЭС"
Песков рассказал о подготовке обмена заключенными между Россией и США ,12:56 21.05.2025,https://ria.ru/20250521/obmen-2018234869.html,Песков: идут контакты по подготовке обмена заключенными между Россией и США идут,"Россия,США,Украина,Дмитрий Песков,Владимир Путин,Дональд Трамп,В мире"
"Песков прокомментировал планы США по созданию системы ПРО ""Золотой купол"" ",12:54 21.05.2025,https://ria.ru/20250521/ssha-2018234644.html,"Песков назвал суверенным делом планы США по созданию системы ПРО ""Золотой купол""","США,Россия,Вашингтон (штат),Дмитрий Песков,Дональд Трамп,В мире"
"Москва не получала предложений от Ватикана по Украине, заявил Песков ",12:53 21.05.2025,https://ria.ru/20250521/vatikan-2018234413.html,Песков: Москва не получала конкретных предложений от Ватикана по Украине,"В мире,Ватикан,Москва,Украина,Дмитрий Песков,Пьетро Паролин,Марко Рубио,Переговоры России и Украины в Стамбуле — 2025"
Песков рассказал о подготовке к обмену пленными между Россией и Украиной ,12:53 21.05.2025,https://ria.ru/20250521/kreml-2018234254.html,Песков: ведется работа по подготовке к обмену пленными с Украиной 1000 на 1000,"Россия,Украина,Москва,Дмитрий Песков,Владимир Мединский,Переговоры России и Украины в Стамбуле — 2025,В мире"
Песков высказался об усилиях других стран в мирном процессе по Украине ,12:53 21.05.2025,https://ria.ru/20250521/rossija-2018233779.html,Песков: РФ приветствует усилия всех стран по урегулированию конфликта на Украине,"В мире,Ватикан,Россия,Украина,Дмитрий Песков,Пьетро Паролин,Франциск (Хорхе Марио Бергольо)"
В Кремле рассказали о работе над меморандумом России и Украины ,12:52 21.05.2025,https://ria.ru/20250521/peskov-2018233593.html,Песков: работа над меморандумом России и Украины идет динамично,"Специальная военная операция на Украине,Россия,Украина,Дмитрий Песков,Владимир Путин,В мире,Владимир Мединский,Москва"
"Экс-советник Януковича, убитый в Испании, был в списке сайта ""Миротворец"" ",12:46 21.05.2025,https://ria.ru/20250521/portnov-2018231985.html,"Убитый в Испании экс-советник Януковича Портнов был в списке сайта ""Миротворец""","В мире,Испания,Сайт ""Миротворец"",Андрей Портнов (политик),Убийство Андрея Портнова в Испании"
Польша и Украина подписали соглашение в сфере региональной политики ,12:34 21.05.2025,https://ria.ru/20250521/polsha-2018229085.html,Польша и Украина подписали соглашение об обмене опытом в региональной политике,"В мире,Украина,Польша,Варшава,Евросоюз"
В Испании убили бывшего советника Януковича ,12:33 21.05.2025,https://ria.ru/20250521/ubiystvo-2018228648.html,Бывшего советника Януковича Портнова застрелили в пригороде Мадрида,"В мире,Испания,Мадрид,Украина,Андрей Портнов (политик),Убийство Андрея Портнова в Испании"
ЕС продлил миссию по безопасности в Молдавии ,12:27 21.05.2025,https://ria.ru/20250521/missiya-2018226971.html,Совет ЕС расширил полномочия миссии в Молдавии и продлил ее до мая 2027 года,"В мире,Молдавия,Евросоюз"
"Армения не намерена переформатировать отношения с Россией, заявил Мирзоян ",12:20 21.05.2025,https://ria.ru/20250521/armenija-2018256064.html,Мирзоян: Ереван не намерен переформатировать союзнические отношения с Россией,"Россия,Армения,Арарат Мирзоян,Сергей Лавров,В мире"
Премьер Грузии заявил о важности закона об иноагентах ,11:48 21.05.2025,https://ria.ru/20250521/kobahidze-2018220087.html,Кобахидзе: закон об иноагентах направлен на предотвращение вмешательства извне,"В мире,Грузия,США,Ираклий Кобахидзе,Агентство по международному развитию США"
Китай обвинил США в милитаризации космоса ,11:42 21.05.2025,https://ria.ru/20250521/kitaj-2018216984.html,"Мао Нин: система ПРО США ""Золотой купол"" увеличивает риск милитаризации космоса","В мире,США,Мао Нин,Дональд Трамп,МИД КНР,Китай,Космос - РИА Наука"
ЕС планирует усилить санкционное давление на Россию ,11:36 21.05.2025,https://ria.ru/20250521/es-2018215907.html,ЕС начал работу над новым пакетом санкций против России,"В мире,Россия,Москва,Брюссель,Евросоюз,Санкции в отношении России"
Эксперт: удары ЦАХАЛ по иранским объектам могут привести к войне ,11:27 21.05.2025,https://ria.ru/20250521/voyna-2018212575.html,Никулин: удары Израиля по ядерным объектам Ирана могут привести к крупной войне,"В мире,Израиль,Иран,США,Дональд Трамп,Хасан Насрулла,Исмаил Хания,ООН,Хезболла,ХАМАС"
Избранный президент Румынии рассказал о страхах Макрона ,11:20 21.05.2025,https://ria.ru/20250521/makron-2018211200.html,"Дан: Макрон опасался, что Симион может заблокировать помощь Украине и Молдавии","В мире,Румыния,Франция,Украина,Эммануэль Макрон,Никушор Дан,Павел Дуров,Politico,Telegram,Президентские выборы в Румынии — 2025"
"НАТО пытается усилить влияние на Ближнем Востоке, заявили в Совфеде ",11:13 21.05.2025,https://ria.ru/20250521/nato-2018210095.html,Венедиктов: усиление влияния НАТО на Ближнем Востоке приведет к противоречиям,"НАТО,В мире,Ближний Восток,Александр Венедиктов,Россия"
NYT пришла к неожиданному выводу после разговора Путина и Трампа ,10:30 21.05.2025,https://ria.ru/20250521/putin-2018202013.html,NYT: Путин одержал дипломатическую победу в разговоре с Трампом,"Переговоры России и Украины в Стамбуле — 2025,Украина,В мире,Россия,США,Дональд Трамп,Владимир Путин"
МИД Китая раскритиковал европейские санкции ,10:27 21.05.2025,https://ria.ru/20250521/kitaj-2018200705.html,"МИД Китая: Пекин выступает против односторонних санкций, не имеющих оснований","Китай,Россия,Мао Нин,Евросоюз,ООН,В мире"
"Комбат ВСУ обвинил командование в попытках ""стереть"" его подразделение ",10:25 21.05.2025,https://ria.ru/20250521/vsu-2018200446.html,"Комбат ВСУ Ширшин: командование давало задания, которые были обречены на провал","Россия,Курская область,Суджа,Валерий Герасимов,Вооруженные силы Украины,В мире"
МИД: Китай не предоставлял летальное оружие сторонам конфликта на Украине ,10:18 21.05.2025,https://ria.ru/20250521/kitay-2018198841.html,МИД: КНР никогда не предоставляла сторонам конфликта на Украине летальное оружие,"Специальная военная операция на Украине,В мире,Китай,Украина,Россия,Санкции в отношении России,Реакция на санкции"
В Иране казнили напавшего на посольство Азербайджана в Тегеране ,10:14 21.05.2025,https://ria.ru/20250521/iran-2018197563.html,IRIB: в Иране казнили напавшего на посольство Азербайджана в январе 2023 года,"В мире,Азербайджан,Тегеран (город),Иран"
Захарова призвала ООН рассмотреть сведения о военных преступлениях Британии ,10:11 21.05.2025,https://ria.ru/20250521/britaniya-2018196876.html,Захарова призвала ООН изучить данные о зверствах британских войск в Афганистане,"В мире,Афганистан,Россия,Великобритания,Мария Захарова,ООН,SAS,Ирак"
Медведчук высказался об участии Зеленского в переговорах по Украине ,09:50 21.05.2025,https://ria.ru/20250521/zelenskij-2018193398.html,Медведчук: Зеленский не способен вести переговоры по урегулированию на Украине,"Специальная военная операция на Украине,В мире,Россия,Украина,Киев,Владимир Зеленский,Виктор Медведчук,Владимир Мединский,Переговоры России и Украины в Стамбуле — 2025"
Парламент Ирана одобрил законопроект о договоре о партнерстве с Россией ,09:48 21.05.2025,https://ria.ru/20250521/iran-2018193076.html,Парламент ИРИ одобрил законопроект о договоре о стратегическом партнерстве с РФ,"Россия,Парламент Ирана,В мире"
Подполье сообщило об ударах по объектам ВСУ в трех областях Украины ,09:41 21.05.2025,https://ria.ru/20250521/vsu-2018191941.html,Лебедев: в трех областях Украины поражены резервы и объекты логистики ВСУ,"Специальная военная операция на Украине,В мире,Житомирская область,Украина,Канев,Сергей Лебедев,Вооруженные силы Украины"
"В Раде раскрыли, почему Трамп не встанет на сторону Украины ",09:29 21.05.2025,https://ria.ru/20250521/ukraina-2018186695.html,"Дубинский: Трамп не выступит на стороне Киева, так как уже получил от нее выгоду","Украина,Дональд Трамп,Киев,Россия,Владимир Путин,Александр Дубинский,Верховная Рада Украины,В мире"
На Украине командира части отстранили после удара по лагерю ВСУ ,09:28 21.05.2025,https://ria.ru/20250521/vsu-2018186491.html,На Украине командира части отстранили после ракетного удара по лагерю ВСУ,"Специальная военная операция на Украине,Сумская область,Украина,Россия,Вооруженные силы Украины,Верховная Рада Украины,В мире"
"Путин рассказал, зачем сносят памятники, связанные с Россией ",09:28 21.05.2025,https://ria.ru/20250521/pamyatniki-2018186221.html,"Путин: на Украине сносят памятники, чтобы люди не смотрели в сторону России","Специальная военная операция на Украине,Россия,Украина,Курская область,Владимир Путин,В мире"
"У Украины нет будущего без России, заявил Киселев ",09:26 21.05.2025,https://ria.ru/20250521/kiselev-2018185588.html,Киселев: никакого будущего у Украины без России не просматривается,"Россия,Украина,Мариуполь,Дмитрий Киселев,Госдума РФ,В мире"
"Встреча Путина и Трампа может решить конфликт на Украине, заявил Степашин ",09:22 21.05.2025,https://ria.ru/20250521/ukraina-2018182691.html,Степашин: конфликт на Украине может разрешиться после встречи Путина и Трампа,"Россия,Украина,США,Дональд Трамп,Сергей Степашин,Владимир Путин,В мире"
"""Она лжет"". Журналист набросился на Каллас после ее слов о санкциях ",09:01 21.05.2025,https://ria.ru/20250521/kallas-2018177299.html,Журналист Боуз обвинил Каллас во лжи из-за слов о США и санкциях против РФ,"Санкции в отношении России,Евросоюз,Кайя Каллас,Чей Боуз,Америка,Россия,США,В мире"
"Захарова рассказала, почему Трамп занимается урегулированием на Украине ",08:57 21.05.2025,https://ria.ru/20250521/zakharova-2018176881.html,Захарова: Трамп занимается урегулированием на Украине в интересах своей страны,"Украина,Дональд Трамп,Мария Захарова,В мире,США"
Лавров возложил цветы к Вечному огню в Ереване ,08:53 21.05.2025,https://ria.ru/20250521/lavrov-2018176254.html,"Лавров возложил цветы к Вечному огню у монумента ""Мать Армения"" в Ереване","В мире,Ереван,Армения,Сергей Лавров,Арарат Мирзоян,Никол Пашинян"
Российский хирург провел мастер-класс для казахстанских коллег ,08:43 21.05.2025,https://ria.ru/20250521/hirurg-2018175113.html,Хирург из РФ Ардеев провел 10 операций на мастер-классе для коллег в Алма-Ате,"Казахстан,Алма-Ата,Россия,В мире"
СМИ: США выступили против включения пункта о поддержке Киева в заявление G7 ,08:36 21.05.2025,https://ria.ru/20250521/ukraina-2018174579.html,Politico: США не хотят включать пункт о поддержке Киева в заявление минфинов G7,"Специальная военная операция на Украине,В мире,США,Киев,Россия,G7,Украина"
В девяти областях Украины объявили воздушную тревогу ,08:25 21.05.2025,https://ria.ru/20250521/ukraina-2018173928.html,"В Николаевской, Днепропетровской и еще семи областях Украины объявили тревогу","Специальная военная операция на Украине,В мире,Россия,Украина,Днепропетровская область,Вооруженные силы Украины"
Трамп отомстил Зеленскому: украинцы теперь будут массово умирать с улыбкой ,08:00 21.05.2025,https://ria.ru/20250521/tramp-2018108340.html,None,"Аналитика,Дональд Трамп,Владимир Путин,Владимир Зеленский,В мире,США,Россия,Украина"
"На Украине начался скандал после удара ""Искандера"" по полигону в Шостке ",07:59 21.05.2025,https://ria.ru/20250521/udar-2018171302.html,"В Киеве начался скандал после удара ""Искандера"" по лагерю подготовки солдат ВСУ","Специальная военная операция на Украине,В мире,Украина,Сумы,Сумская область,Вооруженные силы Украины,Министерство обороны РФ (Минобороны РФ)"
Москва согласует визит лидера КНДР в Россию ,07:09 21.05.2025,https://ria.ru/20250521/rylh-2018168586.html,Замглавы МИД Руденко: Москва согласует визит лидера КНДР Ким Чен Ына в Россию,"Россия,Москва,КНДР (Северная Корея),Андрей Руденко,Ким Чен Ын,Сергей Лавров,В мире"
Около полутысячи мирных жителей могут оставаться в Купянском районе ,06:57 21.05.2025,https://ria.ru/20250521/spetsoperatsiya-2018168048.html,Ганчев: около 500 мирных жителей могут оставаться на линии фронта под Купянском,"В мире,Харьковская область,Виталий Ганчев"
Адвокат предупредил о штрафе для спешащих покинуть борт турецких компаний ,06:46 21.05.2025,https://ria.ru/20250521/shtraf-2018167871.html,"Пассажиры, спешащие покинуть борт турецких компаний, получат большой штраф","В мире,Турция"
Мэр Мариуполя рассказал о ситуации с общественным транспортом в городе ,06:42 21.05.2025,https://ria.ru/20250521/mariupol-2018167584.html,Моргун: власти Мариуполя планируют увеличить парк автобусов и трамваев,"В мире,Россия,Мариуполь,Донецкая Народная Республика,Олег Моргун,Владимир Путин"
Избранный президент Румынии считает неуместной отправку войск на Украину ,06:26 21.05.2025,https://ria.ru/20250521/prezident-2018166600.html,Избранный президент Румынии Дан назвал неуместной отправку войск на Украину,"Специальная военная операция на Украине,Украина,Россия,Румыния,Никушор Дан,Дмитрий Песков,Сергей Лавров,Служба внешней разведки Российской Федерации (СВР России),В мире,Вооруженные силы Украины,Джордже Симион,Эммануэль Макрон,Франция"
"""Этого не будет"": в США жестко ответили на требования Европы по Украине ",06:23 21.05.2025,https://ria.ru/20250521/trebovaniya-2018166438.html,Полковник Макгрегор: требования Европы по Украине неосуществимы,"Специальная военная операция на Украине,В мире,Европа,Украина,Россия,НАТО"
Украинские боевики под видом соцопроса выявляли сторонников России ,06:21 21.05.2025,https://ria.ru/20250521/spetsoperatsiya-2018166102.html,ВСУ под видом соцопроса выявили сторонников России в Новотроицком и убили,"В мире,Донецкая Народная Республика,Вооруженные силы Украины,Россия"
Родственники пленных украинских десантников провели акции протеста ,05:57 21.05.2025,https://ria.ru/20250521/ukraina-2018164884.html,На Украине протестуют родственники пленных десантников 82-й ОДШБр ВСУ,"Специальная военная операция на Украине,В мире,Украина,Киев,Вооруженные силы Украины"
Минюст США открыл расследование в отношении экс-губернатора Нью-Йорка ,05:53 21.05.2025,https://ria.ru/20250521/rassledovanie-2018164569.html,Минюст США открыл расследование против экс-губернатора штата Нью-Йорк Куомо,"В мире,Нью-Йорк (город),США,Эндрю Куомо (губернатор штата Нью-Йорк)"
СМИ: разговор Путина и Трампа нанес мощный удар по Украине и союзникам ,05:24 21.05.2025,https://ria.ru/20250521/beseda-2018163455.html,Reuters: итоги беседы Путина и Трампа будет нелегко принять в Киеве и Брюсселе,"В мире,Украина,Россия,США,Дональд Трамп,Переговоры России и Украины в Стамбуле — 2025"
Российские БПЛА уничтожили две лодки ВСУ в Херсонской области ,05:18 21.05.2025,https://ria.ru/20250521/spetsoperatsiya-2018162797.html,Расчеты БПЛА группы Днепр уничтожили две лодки ВСУ в Херсонской области,"Специальная военная операция на Украине,В мире,Херсонская область,Вооруженные силы Украины,Министерство обороны РФ (Минобороны РФ)"
ВСУ отправляют в Киев ложные доклады об успехах в Курской области ,05:13 21.05.2025,https://ria.ru/20250521/lozh-2018162332.html,None,"Специальная военная операция на Украине,Курская область,Россия,Вооруженные силы Украины,Украина,В мире"
В Китае предупредили о последствиях мер США против китайских чипов ,05:08 21.05.2025,https://ria.ru/20250521/kitaj-2018161883.html,Китай предупредил о последствиях исполнения мер США против китайских чипов,"Технологии,США,Китай,Huawei Technologies,Google,В мире"
Минобрнауки надеется осенью подписать соглашения с КНДР ,04:58 21.05.2025,https://ria.ru/20250521/kndr-2018161234.html,Минобрнауки надеется осенью подписать с КНДР соглашения о признании образования,"Россия,КНДР (Северная Корея),Владивосток,Дальневосточный федеральный университет,В мире"
Турецкие авиакомпании зафиксируют нарушения на борту самолетов ,04:57 21.05.2025,https://ria.ru/20250521/turtsiya-2018161076.html,Адвокат Гюрол: камеры на борту самолетов зафиксируют нарушения пассажиров,"Турция,В мире"
"Запад давит на партнеров России, чтобы те не ехали на форум по безопасности ",04:47 21.05.2025,https://ria.ru/20250521/rossiya-2018160325.html,Венедиктов: партнеров России хотят заставить не ехать на форум по безопасности,"Россия,Москва,Европа,Александр Венедиктов,Сергей Шойгу,В мире"
На одном из предприятий в Техасе произошла утечка хлора ,04:43 21.05.2025,https://ria.ru/20250521/tekhas-2018160156.html,Newsmax: тысячи американцев вынуждены искать убежище из-за утечки хлора в Техасе,"В мире,Техас,США"
В США забили тревогу из-за ситуации на границе Украины и Венгрии ,04:34 21.05.2025,https://ria.ru/20250521/granitsa-2018159787.html,Скотт Риттер: назревает конфликт на границе Украины и Венгрии,"В мире,Украина,Венгрия,Скотт Риттер,Вооруженные силы Украины,Служба безопасности Украины"
Командиры ВСУ врут Киеву об успехах в Курской области ,03:55 21.05.2025,https://ria.ru/20250521/ukraina-2018158686.html,ВСУ сообщают Киеву об успехах в освобожденной ВС России Курской области,"Специальная военная операция на Украине,Россия,Курская область,Киев,Валерий Герасимов,Владимир Путин,Вооруженные силы Украины,В мире"
США вдвое снизят пошлины на автомобили для Мексики и Канады ,03:47 21.05.2025,https://ria.ru/20250521/meksika-2018158158.html,Министр экономики Эбрард: США вдвое снижают пошлины на авто для Мексики и Канады,"Авто,США,Мексика,Канада,Дональд Трамп,Введение Трампом пошлин на импорт,В мире"
Трамп заработал больше 300 миллионов долларов от торгов криптовалютой ,03:43 21.05.2025,https://ria.ru/20250521/tramp-2018158010.html,Newsmax: Трамп заработал более 300 миллионов долларов с момента запуска TRUMP,"В мире,Вашингтон (штат),Дональд Трамп"
В пяти областях Украины объявили воздушную тревогу ,03:33 21.05.2025,https://ria.ru/20250521/ukraina-2018157332.html,В Киевской и еще четырех областях Украины объявили воздушную тревогу,"Специальная военная операция на Украине,Россия,Сумская область,Украина,Вооруженные силы Украины,В мире"
"США хотят, чтобы Британия увеличила расходы на оборону, пишут СМИ ",03:10 21.05.2025,https://ria.ru/20250521/britaniya-2018156260.html,"Times: военное руководство США считает, у Британии слишком маленькая армия","США,Великобритания,Европа,Дональд Трамп,Кир Стармер,Пит Хегсет,Министерство обороны США,НАТО,В мире"
Министр сельского хозяйства Японии подал в отставку из-за скандала ,03:02 21.05.2025,https://ria.ru/20250521/yaponiya-2018155959.html,Глава Минсельхоза Японии Таку Это подал в отставку после слов о подаренном рисе,"В мире,Япония,Сигэру Исиба,Есимаса Хаяси"
В четырех областях Украины объявили воздушную тревогу ,02:56 21.05.2025,https://ria.ru/20250521/ukraina-2018155622.html,"В Черниговской, Полтавской, Харьковской и Сумской областях объявили тревогу","В мире,Сумская область,Россия,Украина,Вооруженные силы Украины"
"""Путин переиграл"": в Раде заявили о неудобной позиции из-за переговоров ",02:52 21.05.2025,https://ria.ru/20250521/putin-2018155273.html,Депутат Рады Дубинский: Путин опять всех переиграл,"Специальная военная операция на Украине,В мире,Россия,Европа,Владимир Путин,Дональд Трамп,Александр Дубинский,Верховная Рада Украины"
"Британия готовит санкции против израильских министров, пишут СМИ ",02:42 21.05.2025,https://ria.ru/20250521/sanktsii-2018154284.html,Times: Британия готовит санкции против глав Минобороны и Минфина Израиля,"В мире,Израиль,Великобритания,Лондон,Исраэль Кац,Кир Стармер,ХАМАС,Обострение палестино-израильского конфликта в 2024 году"
Шериф округа в Луизиане запросила деньги на тюрьмы после массового побега ,02:27 21.05.2025,https://ria.ru/20250521/ssha-2018153951.html,Шериф округа в Луизиане запросила 13 миллионов долларов на улучшение тюрьмы,"В мире,Новый Орлеан,Луизиана"
"На Западе раскрыли, почему техника из США плохо показала себя на Украине ",02:21 21.05.2025,https://ria.ru/20250521/abrams-2018153786.html,"19FortyFive: украинцы не понимают, как пользоваться танками Abrams","Специальная военная операция на Украине,В мире,Украина,США,Вооруженные силы Украины,НАТО"
Песков рассказал о вопросах по переговорам с Украиной ,02:16 21.05.2025,https://ria.ru/20250521/peregovory-2018153289.html,"Песков: вопрос о том, кто подпишет документы от Украины, так или иначе встанет","Россия,Украина,Дмитрий Песков,Владимир Путин,Дмитрий Медведев,Переговоры России и Украины в Стамбуле — 2025,В мире"
"В США отменили гранты, связанные с продвижением ЛГБТ-сообщества* ",02:07 21.05.2025,https://ria.ru/20250521/granty-2018152737.html,OGE отменил гранты для продвижения ЛГБТ-повестки на миллион долларов,"Россия,США,В мире"
"США усилили сбор разведданных для помощи Израилю, сообщили СМИ ",02:06 21.05.2025,https://ria.ru/20250521/ssha-2018152560.html,CNN: США усилили сбор разведданных для помощи Израилю в случае атаки на Иран,"В мире,Израиль,Иран,США,Хасан Насрулла,Исмаил Хания,Хезболла,ХАМАС"
"Дипломаты ЕС перед разговором со Стармером использовали чат-бот, пишут СМИ ",01:50 21.05.2025,https://ria.ru/20250521/diplomaty-2018151946.html,Telegraph: дипломаты ЕС перед переговорами со Стармером использовали его чат-бот,"В мире,Технологии,Великобритания,Лондон,Испания,Кир Стармер,Дональд Трамп,Владимир Путин"
"Израиль готовится к ударам по ядерным объектам Ирана, сообщили СМИ ",01:43 21.05.2025,https://ria.ru/20250521/izrail-2018151234.html,CNN: США получили данные о подготовке Израилем ударов по ядерным объектам Ирана,"В мире,Израиль,Иран,США,Хасан Насрулла,Исмаил Хания,Хезболла,ХАМАС"
"Франция возглавила западную партию войны против России, заявила Захарова ",01:24 21.05.2025,https://ria.ru/20250521/frantsiya-2018149652.html,"Захарова: Франция, расширяя санкции, возглавила партию войны против России","В мире,Россия,Украина,Франция,Мария Захарова,Санкции в отношении России,Евросоюз"
"США хватит запасов обогащенного урана до 2050-х годов, заявили в Пентагоне ",01:18 21.05.2025,https://ria.ru/20250521/uran-2018149216.html,Адмирал Хьюстон: США хватит запасов обогащенного урана до 2050-х годов,"В мире,США,Россия,Джо Байден,Владимир Путин"
В Британии запустили 81 расследование против водопроводных фирм ,01:15 21.05.2025,https://ria.ru/20250521/britanija-2018149034.html,В Британии запустили рекордное 81 расследование против компаний водоснабжения,"В мире,Великобритания,Англия"
На западе Украины сторонники ПЦУ захватили еще один храм УПЦ ,00:42 21.05.2025,https://ria.ru/20250521/ukraina-2018148285.html,Рейдеры ПЦУ захватили храм канонической УПЦ в Старых Бросковцах на Украине,"Религия,Украина,Россия,Дмитрий Корчинский,Владимир Зеленский,Православная церковь Украины (ПЦУ),Украинская православная церковь,Московский Патриархат,Ситуация вокруг УПЦ,Религия,В мире"
"Британский оборонный отчет опубликуют в июне, сообщают СМИ ",00:37 21.05.2025,https://ria.ru/20250521/britaniya-2018148007.html,ITV: британский обзор стратегической обороны будет опубликован в июне,"В мире,Киев,НАТО,Великобритания"
Трамп обвинил окружение Байдена в госизмене ,00:26 21.05.2025,https://ria.ru/20250521/tramp-2018147171.html,Трамп обвинил окружение Байдена в госизмене и призвал к серьезным последствиям,"В мире,США,Джо Байден,Дональд Трамп"
"США не поддержат проект о новых санкциях против России, заявил Рубио ",00:15 21.05.2025,https://ria.ru/20250521/rubio-2018146292.html,Рубио: США не готовы говорить о поддержке закона о новых санкциях против России,"Россия,США,Москва,Дональд Трамп,Марко Рубио,Санкции в отношении России,В мире"
"Британия вряд ли будет вкладывать миллиарды в ""Железный купол"", пишут СМИ ",00:06 21.05.2025,https://ria.ru/20250521/britanija-2018145620.html,Guardian: Британия вряд ли вложит миллиарды в аналог ПРО Железный купол,"В мире,Технологии,Великобритания,Джон Хили"
"Минобороны Британии расширит использование ИИ, пишут СМИ ",00:02 21.05.2025,https://ria.ru/20250521/britanija-2018145238.html,Guardian: военные разработки на базе ИИ станут активнее внедряться в Британии,"В мире,Технологии,Великобритания,Эстония,Джон Хили"
Нацисты замуровали в стены более 20 человек в Мариуполе в 1941 году ,23:56 20.05.2025,https://ria.ru/20250520/fsb-2018144873.html,ФСБ: фашисты в первый день оккупации Мариуполя замуровали в стены 26 человек,"В мире,Мариуполь,Россия,Федеральная служба безопасности РФ (ФСБ России),СССР,Вермахт,Великая Отечественная война (1941-1945)"
"В Иране захвачен связанный с ОАЭ нефтетанкер, пишут СМИ ",23:45 20.05.2025,https://ria.ru/20250520/tanker-2018143275.html,Reuters: связанный с ОАЭ нефтетанкер под флагом Панамы захвачен в Иране,"В мире,ОАЭ,Панама,Иран"
В Турции произошло землетрясение ,23:45 20.05.2025,https://ria.ru/20250520/turtsiya-2018143175.html,"В Турции произошло землетрясение, толчки ощущались в Стамбуле","В мире,Стамбул,Турция,Землетрясение,Мраморное море"
"Система ПРО ""Золотой купол"" обойдется США в 175 миллиардов долларов ",23:41 20.05.2025,https://ria.ru/20250520/ssha-2018142818.html,"Трамп: новая система ПРО США ""Золотой купол"" обойдется в 175 миллиардов долларов","США,Дональд Трамп,В мире"
Трамп ответил на призыв Зеленского ввести санкции против России ,23:26 20.05.2025,https://ria.ru/20250520/tramp-2018142078.html,"Трамп заявил, что только он принимает решение по санкциям против РФ","США,Россия,Дональд Трамп,Владимир Зеленский,В мире,Украина,Санкции,Санкции в отношении России,Вооруженные силы Украины,Мария Захарова,Владимир Мединский"
Лидеры ЕС договорились поддерживать координацию по Украине ,23:25 20.05.2025,https://ria.ru/20250520/es-2018141909.html,Лидеры ЕС договорились поддерживать координацию в свете переговоров по Украине,"В мире,Италия,Украина,Великобритания,Владимир Зеленский,Джорджа Мелони,Еврокомиссия"
"Трамп заявил, что его не беспокоит ситуация на границе России и Финляндии ",23:24 20.05.2025,https://ria.ru/20250520/tramp-2018141807.html,Трамп не обеспокоен сообщениями об укреплении Россией границы с Финляндией ,"В мире,Финляндия,Россия,США,Дональд Трамп"
Трамп обсудит с Путиным проблему размещения оружия в космосе ,23:21 20.05.2025,https://ria.ru/20250520/tramp-2018141703.html,"Трамп заявил, что не обсуждал с Путиным вопросы размещения оружия в космосе","В мире,США,Владимир Путин,Дональд Трамп"
"Трамп назвал ПРО ""Золотой купол"" произведением искусства ",23:19 20.05.2025,https://ria.ru/20250520/tramp-2018141547.html,"Трамп: ПРО ""Золотой купол"" включает наземные, морские и космические системы","США,Дональд Трамп,В мире"
Маск заявил о решении сократить расходы на политику ,23:16 20.05.2025,https://ria.ru/20250520/mask-2018141313.html,"Маск заявил, что в настоящее время не видит причин для политических трат","В мире,Технологии,США,Техас,Дональд Трамп,Илон Маск,Politico,Tesla motors"
"""Его не беспокоят"". В США пришли в ужас от действий Зеленского ",23:15 20.05.2025,https://ria.ru/20250520/zelenskiy-2018141160.html,Экс-советник главы Пентагона Макгрегор обвинил Зеленского в разрушении Украины,"В мире,Украина,Владимир Зеленский"
"Канада хочет быть под защитой ""Золотого купола"" США, заявил Трамп ",23:13 20.05.2025,https://ria.ru/20250520/tramp-2018141025.html,"Трамп: Канада хочет быть под защитой американской системы ПРО ""Золотой купол""","В мире,Канада,Вашингтон (штат),США,Дональд Трамп"
"Трамп объяснил необходимость создания ПРО ""Золотой купол"" ",23:12 20.05.2025,https://ria.ru/20250520/tramp-2018140930.html,"Трамп заявил, что система ПРО ""Золотой купол"" нужна для выживания","США,В мире,Дональд Трамп"
Дуров готов дать показания по вопросу вмешательства в выборы в Румынии ,23:06 20.05.2025,https://ria.ru/20250520/durov-2018140727.html,Дуров готов дать показания в Румынии по вопросу вмешательства в выборы,"В мире,Румыния,Франция,Павел Дуров,Никушор Дан,Кэлин Джеорджеску,Telegram,Президентские выборы в Румынии — 2025,Джордже Симион"
"Рубио понадеялся, что Россия вскоре предложит условия прекращения огня ",22:55 20.05.2025,https://ria.ru/20250520/rubio-2018140070.html,"Рубио надеется, что РФ представит список условий прекращения огня на этой неделе","США,Россия,Украина,В мире,Марко Рубио"
"Ассанж приехал на Каннский фестиваль, где покажут посвященный ему фильм ",22:32 20.05.2025,https://ria.ru/20250520/assanzh-2018138980.html,"Ассанж приехал на Каннский фестиваль, где о нем покажут документальный фильм","Культура,В мире,Джулиан Ассанж,WikiLeaks,США,Австралия,Канны,Каннский кинофестиваль,кино,Кино и сериалы"
"""Худшая версия"": журналист обвинил Зеленского во лжи ",22:28 20.05.2025,https://ria.ru/20250520/zelenskiy-2018138844.html,"Боуз: Зеленский стал худшей версией всего, что обещал изменить","В мире,Россия,Украина,США,Владимир Зеленский,Чей Боуз,Дональд Трамп"
"Главу Минсельхоза Японии отстранят из-за скандала с рисом, пишут СМИ ",22:12 20.05.2025,https://ria.ru/20250520/yaponiya-2018138080.html,Kyodo: премьер Японии решил отстранить главу Минсельхоза из-за скандала с рисом,"Япония,Сигэру Исиба,Есимаса Хаяси,В мире"
"Туск заявил, что готов закрыть границу с Германией ",21:57 20.05.2025,https://ria.ru/20250520/tusk-2018136413.html,"Туск готов закрыть границу с Германией, если оттуда будут переправлять мигрантов","В мире,Польша,Германия,Дональд Туск,Евросоюз"
"Москалькова: фильм ""Азов* головного мозга — 2"" раскроет причины начала СВО ",21:46 20.05.2025,https://ria.ru/20250520/film-2018135631.html,"Москалькова: фильм ""Азов головного мозга — 2"" расскажет правду о причинах СВО","Культура,Россия,Татьяна Москалькова,кино,Общество,Батальон ""Азов""*,Украина,В мире"
Небензя уведомил генсека ООН о нарушении прав журналиста РИА Новости ,21:42 20.05.2025,https://ria.ru/20250520/oon-2018135346.html,Небензя уведомил генсека ООН о нарушении прав журналиста РИА Новости на Западе,"В мире,Россия,Василий Небензя,Антониу Гутерреш,ООН,РИА Новости,Греция"
"Байден легко выходил из себя, сообщили журналисты ",21:38 20.05.2025,https://ria.ru/20250520/bayden-2018135180.html,Журналисты Тэппер и Томпсон: Байден был труден в общении и легко выходил из себя,"В мире,Джо Байден,США"
"У Киева и Европы нет плана урегулирования конфликта, заявил Азаров ",21:23 20.05.2025,https://ria.ru/20250520/kiev-2018134215.html,Экс-премьер Азаров: у Киева и Европы нет стратегического плана урегулирования,"В мире,Россия,Украина,Европа,Дональд Трамп,Николай Азаров (политик),Владимир Зеленский,Евросоюз"
Активист в Словакии обклеил украинский фургон фото погибших детей Донбасса  ,21:23 20.05.2025,https://ria.ru/20250520/slovakiya-2018134073.html,Политик Слота обклеил украинский фургон в Жилине фото погибших в Донбассе детей,"В мире,Донбасс,Словакия,Украина"
"Россия может отказаться от диалога в случае угроз санкциями, заявил Рубио ",21:07 20.05.2025,https://ria.ru/20250520/rubio-2018133548.html,"Рубио: если США начнут угрожать РФ санкциями, то диалог с Москвой прекратится","В мире,США,Россия,Москва,Дональд Трамп,Марко Рубио,Санкции в отношении России"
"Трамп выделит средства на реализацию проекта ""Золотой купол"", пишут СМИ ",21:00 20.05.2025,https://ria.ru/20250520/tramp-2018132940.html,"Politico: Трамп выделит 25 млрд долларов на реализацию проекта ""Золотой купол""","Дональд Трамп,В мире,США,Министерство обороны США,Пит Хегсет"
"""Полный идиотизм"". На Западе запаниковали после переговоров Путина и Трампа ",20:56 20.05.2025,https://ria.ru/20250520/razgovor-2018132634.html,Fatto Quotidiano: Трамп хочет переложить расходы на Украину на Европу,"Специальная военная операция на Украине,В мире,Украина,Россия,Европа,Владимир Путин,Дональд Трамп"
В США назвали главную цель Трампа ,20:55 20.05.2025,https://ria.ru/20250520/ssha-2018132275.html,Комментатор Хинкл: внешняя политика Трампа строится вокруг обогащения США,"Россия,США,Украина,Дональд Трамп,Владимир Путин,Джексон Хинкл,Верховная Рада Украины,ООН,Российский фонд прямых инвестиций,В мире"
Каллас оценила влияние санкций против России на экономику ЕС ,20:48 20.05.2025,https://ria.ru/20250520/es-2018131335.html,Каллас: санкции против России ограниченно повлияли на экономику ЕС,"Россия,Брюссель,Кайя Каллас,Евросоюз,Санкции в отношении России,В мире"
"У ЕС нет ресурсов для реализации новых санкций, считает эксперт ",20:48 20.05.2025,https://ria.ru/20250520/sanktsii-2018131218.html,Политолог Безпалько: у ЕС нет ресурсов для реализации 17-го пакета санкций,"Россия,Богдан Безпалько,Евросоюз,В мире,Санкции,Санкции в отношении России"
Польские полицейские угрожали вывезти украинцев в лес ,20:41 20.05.2025,https://ria.ru/20250520/polsha-2018130418.html,The-Warsaw: польские полицейские угрожали вывезти в лес украинцев за нарушения,"В мире,Варшава,Украина,Польша"
"Байден был уверен, что Трамп окажется в тюрьме, сообщили журналисты ",20:40 20.05.2025,https://ria.ru/20250520/bayden-2018130242.html,"Журналисты Тэппер и Томпсон: Байден был уверен, что Трамп окажется в тюрьме","В мире,США,Дональд Трамп,Джо Байден"
"Байден пользовался шпаргалками даже у себя в кабинете, сообщили журналисты ",20:36 20.05.2025,https://ria.ru/20250520/bayden-2018129829.html,Байден пользовался шпаргалками даже во время заседаний своего кабинета,"В мире,США,Джо Байден"
"""Виновна в преступлениях"": на Западе признали страшную правду о НАТО ",20:17 20.05.2025,https://ria.ru/20250520/nato-2018127657.html,Берлетик: НАТО виновна в самых страшных преступлениях XXI века,"Россия,Москва,Европа,НАТО,В мире"
В Венгрии выявили еще двух украинских шпионов ,20:17 20.05.2025,https://ria.ru/20250520/vengriya-2018127473.html,Венгерские спецслужбы выявили еще двух украинских шпионов Цебера и Холло,"В мире,Венгрия,Украина,Служба безопасности Украины"
США отказались от участия в саммите G20 в ЮАР ,20:14 20.05.2025,https://ria.ru/20250520/ssha-2018127126.html,Рубио: США не будут участвовать в саммите G20 из-за разногласий с ЮАР,"США,Большая двадцатка,В мире,ЮАР,Южная Африка,Марко Рубио,Дональд Трамп,Сирил Рамафоса"
"Эксперт рассказал, как ЕС хочет заставить Россию просить о перемирии ",20:05 20.05.2025,https://ria.ru/20250520/es-2018126578.html,Политолог Родионов: ЕС надеется санкциями заставить Россию просить о перемирии,"Россия,Украина,Москва,Дмитрий Родионов,Владимир Путин,Евросоюз,В мире"
Каллас пригрозила России 18-м пакетом санкций ,20:01 20.05.2025,https://ria.ru/20250520/kallas-2018126103.html,Каллас: 18-й пакет санкций против РФ будет включать меры в энергетике,"Россия,Евросоюз,В мире,Санкции,Санкции в отношении России,Кайя Каллас,Энергетика,Северный поток,Северный поток — 2,Природный газ,Нефть,Цены на нефть"
Медведев пошутил о письмах Макрону и Стармеру ,19:58 20.05.2025,https://ria.ru/20250520/medvedev-2018125607.html,"Медведев счел непродуктивным писать Макрону или Стармеру, как при монархии","Россия,Франция,Великобритания,Дмитрий Медведев,Эммануэль Макрон,Кир Стармер,В мире"
"Украинские власти присваивают бюджетные деньги, заявил депутат Рады ",19:58 20.05.2025,https://ria.ru/20250520/kiev-2018125387.html,"Дубинский: Киев, закупая списанное вооружение, присваивает бюджетные деньги","Украина,Австралия,Россия,Александр Дубинский,Энтони Альбанезе,Сергей Лавров,Вооруженные силы Украины,Верховная Рада Украины,НАТО,F-16,В мире"
"Медведев: Запад видит, что Россия не воспринимает продвигаемый им ""порядок"" ",19:52 20.05.2025,https://ria.ru/20250520/medvedev-2018125106.html,"Медведев: Запад видит, что РФ не воспринимает основанный на его правилах порядок","Россия,Дмитрий Медведев,Петербургский юридический форум — 2025,Глобальный Юг,Запад,В мире"
Высланные Венгрией украинские дипломаты покинули страну ,19:48 20.05.2025,https://ria.ru/20250520/vengriya-2018124564.html,Высланные Венгрией украинские шпионы Керничный и Кричфалуши покинули страну,"В мире,Венгрия,Украина,Служба безопасности Украины,Фидес - Венгерский гражданский союз"
Евросоюз снял экономические санкции с Сирии ,19:47 20.05.2025,https://ria.ru/20250520/evrosojuz-2018124292.html,Каллас: ЕС принял решение полностью снять экономические санкции с Сирии,"В мире,Сирия,Дамаск (город),Кайя Каллас,Башар Асад,Ахмед аш-Шараа"
"Россия должна верить только подготовленным гарантиям, заявил Медведев ",19:44 20.05.2025,https://ria.ru/20250520/medvedev-2018123660.html,Медведев призвал верить только подготовленным для мира на Украине гарантиям,"Специальная военная операция на Украине,Россия,Дмитрий Медведев,В мире,Украина"
Симион намерен оспорить итоги выборов в Румынии ,19:44 20.05.2025,https://ria.ru/20250520/simion-2018123474.html,Симион заявил о намерении оспорить в КС Румынии итоги выборов президента,"В мире,Румыния,Бухарест,Молдавия,Никушор Дан,Кэлин Джеорджеску,Президентские выборы в Румынии — 2025,Джордже Симион,Эммануэль Макрон,Франция"
Медведев оценил состоявшийся разговор Путина и Трампа ,19:33 20.05.2025,https://ria.ru/20250520/medvedev-2018121477.html,Медведев заявил о высокой ценности состоявшегося разговора Путина с Трампом,"Политика,Владимир Путин,Дмитрий Медведев,Дональд Трамп,В мире,США"
"Украина находится под внешним управлением, заявил  Медведев ",19:31 20.05.2025,https://ria.ru/20250520/medvedev-2018121360.html,"Медведев заявил, что Украина находится под внешним управлением США и Европы","Украина,Дмитрий Медведев,В мире,США,Европа,Евросоюз"
"Россия не желает Европе повторения Второй мировой войны, заявил Медведев ",19:29 20.05.2025,https://ria.ru/20250520/medvedev-2018121235.html,Медведев: РФ не желает Европе снова повторения пережитого во Второй мировой,"Россия,Дмитрий Медведев,Европа,Евросоюз,В мире,Вторая мировая война (1939-1945)"
"В ВВС США заявили, что модернизация Россией ядерного оружия угрожает Штатам ",19:25 20.05.2025,https://ria.ru/20250520/ssha-2018120866.html,ВВС США: модернизация Россией ядерного и гиперзвукового оружия угрожает Штатам,"Россия,США,В мире,Ядерное оружие,гиперзвуковое оружие России"
Медведев назвал договоренности с США важными для достижения мира ,19:25 20.05.2025,https://ria.ru/20250520/medvedev-2018120708.html,Медведев: договоренности с США имеют особое значение для достижения мира,"Россия,Украина,Дональд Трамп,Владимир Путин,Дмитрий Медведев,В мире"
Медведев заявил о необходимости диалога России и США ,19:20 20.05.2025,https://ria.ru/20250520/medvedev-2018120317.html,"Медведев: хорошо, что диалог России с США идет, он необходим","Россия,США,Санкт-Петербург,Дмитрий Медведев,Петербургский юридический форум — 2025,В мире"
"Меморандум по Украине должен стать основой прочного мира, заявил Медведев ",19:20 20.05.2025,https://ria.ru/20250520/medvedev-2018120200.html,Медведев: меморандум России и Украины должен стать основанием прочного мира,"Украина,Дмитрий Медведев,Россия,В мире,Петербургский международный юридический форум"
Медведев призвал Европу вспомнить о событиях Второй мировой войны ,19:17 20.05.2025,https://ria.ru/20250520/medvedev-2018119941.html,Медведев: у Европы должно появиться желание завершить конфликт на Украине,"Европа,Украина,Россия,Дмитрий Медведев,В мире"
В Раде заявили о нехватке средств для финансирования ВСУ ,19:10 20.05.2025,https://ria.ru/20250520/rada-2018119276.html,Депутат Рады Железняк: в бюджете Украины не хватает денег для финансирования ВСУ,"В мире,Украина,США,Ирина Геращенко,Джо Байден,Нина Южанина,Вооруженные силы Украины,МВФ,Верховная Рада Украины"
"Проект ""Золотого купола"" находится на этапе концепции, заявили в ВВС США ",19:06 20.05.2025,https://ria.ru/20250520/ssha-2018119075.html,Глава ВВС США Мейнк: проект системы Золотой купол находится на этапе концепции,"В мире,США,Министерство обороны США,ВВС США"
Медведев назвал размещение штаб-квартиры ООН в Нью-Йорке ошибкой ,19:06 20.05.2025,https://ria.ru/20250520/medvedev-2018118914.html,Медведев: размещение штаб-квартиры ООН в Нью-Йорке создало проблемы на будущее,"В мире,Нью-Йорк (город),Россия,Санкт-Петербург,Дмитрий Медведев,ООН,Петербургский юридический форум — 2025"
Медведев заявил о важности донесения позиции стран до членов ООН ,18:59 20.05.2025,https://ria.ru/20250520/medvedev-2018118469.html,Медведев: позиция любой страны должна доходить до максимального числа членов ООН,"Россия,Санкт-Петербург,Дмитрий Медведев,ООН,Петербургский юридический форум — 2025,В мире"
На Западе пришли к неожиданному выводу после разговора Путина и Трампа ,18:58 20.05.2025,https://ria.ru/20250520/razgovor-2018118298.html,L'AntiDiplomatico: беседа Путина и Трампа говорит о новом этапе разрядки,"В мире,Россия,Дональд Трамп,Владимир Путин,Владимир Зеленский,США"
Белоруссия отвергла обвинения в инструментализации нелегальной миграции ,18:58 20.05.2025,https://ria.ru/20250520/belorussija-2018118090.html,Пахомчик отверг обвинения в инструментализации Минском нелегальной миграции в ЕС,"В мире,Белоруссия,Польша,Минск,Евросоюз,ООН"
В посольстве России прокомментировали новые санкции Британии ,18:57 20.05.2025,https://ria.ru/20250520/posolstvo-2018117857.html,Посольство России в Лондоне: новые санкции Британии не повлияют на курс России,"Россия,Лондон,Великобритания,Дэвид Лэмми,Агентство по страхованию вкладов,Санкции в отношении России,В мире"
"Медведев призвал сделать все, чтобы ООН продолжала функционировать ",18:43 20.05.2025,https://ria.ru/20250520/medvedev-2018115332.html,Медведев призвал приложить усилия для сохранения ООН в обновленном виде,"Россия,Дмитрий Медведев,ООН,Петербургский юридический форум — 2025,В мире"
В США признали нехватку денег на соперничество с Россией и КНР в космосе ,18:32 20.05.2025,https://ria.ru/20250520/kosmos-2018112960.html,"Зальцман: США не хватает средств, чтобы соперничать с Россией и КНР в космосе","В мире,Космос - РИА Наука,Россия,Китай,США,United Airlines"
"Медведев объяснил, чем грозят попытки создать однополярный мир ",18:32 20.05.2025,https://ria.ru/20250520/medvedev-2018112950.html,Медведев: из-за создания однополярного мира деградирует международное право,"Дмитрий Медведев,Россия,Петербургский юридический форум — 2025,В мире,однополярный мир,однополярность,новый миропорядок"
"Человечество должно создать новый миропорядок, заявил Медведев ",18:29 20.05.2025,https://ria.ru/20250520/medvedev-2018112115.html,"Медведев призвал создать новый миропорядок, чтобы не исчезнуть с лица Земли","Дмитрий Медведев,Россия,Петербургский юридический форум — 2025,В мире"
Медведев заявил о последствиях для Украины из-за иностранной помощи ,18:12 20.05.2025,https://ria.ru/20250520/medvedev-2018109797.html,Медведев: иностранная помощь Украине фатальна для нее и ее населения,"Украина,Россия,Дмитрий Медведев,Петербургский юридический форум — 2025,В мире,Запад,НАТО"
Рубио: конфликт на Украине отвлекает Запад от более серьезных угроз ,18:10 20.05.2025,https://ria.ru/20250520/rubio-2018109543.html,Рубио: конфликт на Украине отвлекает внимание Запада от более серьезных угроз ,"В мире,США,Украина,Марко Рубио"
"Украина не способна сама себя обслуживать, заявил Медведев ",18:08 20.05.2025,https://ria.ru/20250520/ukraina-2018109065.html,Медведев: Украина не способна сама себя обслуживать во всех смыслах,"Экономика,Украина,Россия,Санкт-Петербург,Дмитрий Медведев,Петербургский юридический форум — 2025,В мире"
"Трамп с первого дня хотел наладить отношения с Россией, пишет Bloomberg ",18:07 20.05.2025,https://ria.ru/20250520/tramp-2018108735.html,"Bloomberg: Трамп хотел наладить отношения с РФ, даже путем отказа от Украины","В мире,Россия,Украина,США,Дональд Трамп,Сергей Лавров,НАТО"
"""Касается всех"": на Западе пришли в ужас из-за событий в Румынии  ",18:06 20.05.2025,https://ria.ru/20250520/rumyniya-2018108558.html,Spectator: на Западе возмутились результатами выборов в Румынии,"В мире,Бухарест,Румыния,Европа,Никушор Дан,Кэлин Джеорджеску,Джордже Симион,Евросоюз,НАТО"
"Украина не отвечает признакам суверенного государства, заявил Медведев ",18:04 20.05.2025,https://ria.ru/20250520/medvedev-2018108209.html,Медведев: нынешняя Украина не отвечает признакам суверенного государства,"Украина,Россия,Дмитрий Медведев,Петербургский юридический форум — 2025,В мире,Совет Безопасности РФ"
"Зеленский исчерпал свои полномочия, заявил Медведев ",18:03 20.05.2025,https://ria.ru/20250520/zelenskij-2018108036.html,"Медведев: у Украины нет законного руководства, Зеленский исчерпал полномочия","Украина,Россия,США,Владимир Зеленский,Дмитрий Медведев,Дональд Трамп,В мире,Петербургский юридический форум — 2025"
"Медведев пошутил о ""салфетке Макрона"", говоря об Украине ",17:56 20.05.2025,https://ria.ru/20250520/medvedev-2018106682.html,"Медведев: Украине нужен мир, а не соглашение на салфетках типа салфетки Макрона ","В мире,Россия,Украина,Германия,Эммануэль Макрон,Дмитрий Медведев,Фридрих Мерц,Петербургский юридический форум — 2025"
"Украина претендует на то, что ей не удастся вернуть, заявил Рубио ",17:55 20.05.2025,https://ria.ru/20250520/rubio-2018106565.html,"Рубио: РФ намерена получить на Украине то, на что не имеет права","Специальная военная операция на Украине,Украина,Россия,США,Марко Рубио,В мире,Вооруженные силы Украины"
"Конфликт на Украине невозможно решить военным путем, заявил Рубио ",17:49 20.05.2025,https://ria.ru/20250520/rubio-2018105444.html,"Рубио: США признают, что конфликт на Украине невозможно решить военным путем","В мире,Украина,США,Марко Рубио"
Медведев назвал Нюрнберг единственным успешным международным трибуналом ,17:49 20.05.2025,https://ria.ru/20250520/medvedev-2018105179.html,Медведев назвал Нюрнберг единственным полноценным международным трибуналом,"Великая Отечественная война (1941-1945),Дмитрий Медведев,Россия,Санкт-Петербург,В мире"
Медведев задался вопросом суверенитета Украины ,17:48 20.05.2025,https://ria.ru/20250520/medvedev-2018104972.html,"Медведев задался вопросом, почему Европа в украинском кризисе упоминается чаще","Украина,Европа,Дмитрий Медведев,Петербургский юридический форум — 2025,Евросоюз,В мире"
"США не исключают сценария падения правительства в Сирии, заявил Рубио ",17:47 20.05.2025,https://ria.ru/20250520/siriya-2018104722.html,Рубио: США не исключают вариант падения временного правительства в Сирии,"В мире,США,Марко Рубио,Сирия"
"Медведев напомнил Украине, кто подписал Акт о капитуляции Германии ",17:46 20.05.2025,https://ria.ru/20250520/medvedev-2018104525.html,Медведев напомнил Украине что Акт о капитуляции Германии подписывали военные,"Специальная военная операция на Украине,Германия,Украина,Россия,Дмитрий Медведев,Великая Отечественная война (1941-1945),Вторая мировая война (1939-1945),В мире"
Судан полностью освободил столичную провинцию Хартум от повстанцев ,17:45 20.05.2025,https://ria.ru/20250520/sudan-2018104422.html,ВС Судана полностью освободили столичную провинцию Хартум от повстанцев из СБР,"В мире,Судан,Хартум (город),Дарфур,Международный комитет Красного Креста (МККК)"
Медведев предложил адаптировать органы ООН к многополярному миру ,17:43 20.05.2025,https://ria.ru/20250520/medvedev-2018103578.html,Медведев призвал адаптировать ключевые органы ООН к реалиям многополярного мира,"Россия,Азия,Африка,Дмитрий Медведев,ООН,Петербургский юридический форум — 2025,В мире"
"Медведев напомнил ""выродившимся бонапартам"" об уроках войны 1812 года ",17:41 20.05.2025,https://ria.ru/20250520/medvedev-2018103221.html,Медведев напомнил Европе и Украине об уроках войны 1812 года,"Россия,Европа,Дмитрий Медведев,В мире,Украина,Евросоюз,Петербургский международный юридический форум"
"Медведев оценил ""беззубые"" решения западных трибуналов в прошлом ",17:39 20.05.2025,https://ria.ru/20250520/medvedev-2018102656.html,Медведев: решения западных трибуналов обеспечили нацистам долгую и сытую жизнь,"Россия,Дмитрий Медведев,В мире,Запад,Европа,США,Петербургский международный юридический форум,трибунал"
"Медведев предложил найти на Украине лиц, уполномоченных на заключение мира ",17:39 20.05.2025,https://ria.ru/20250520/medvedev--2018102408.html,"Дмитрий Медведев призвал найти на Украине лиц, уполномоченных на заключение мира","Дмитрий Медведев,Дональд Трамп,Петербургский юридический форум — 2025,США,Россия,Украина,В мире"
Медведев назвал действия Джонсона и Стармера подстрекательством к войне ,17:34 20.05.2025,https://ria.ru/20250520/medvedev-2018100741.html,Медведев: действия Джонсона и Стармера можно считать подстрекательством к войне,"В мире,Великобритания,Украина,Россия,Борис Джонсон,Кир Стармер,Дмитрий Медведев,Петербургский юридический форум — 2025"
Медведев оценил статус новых регионов с точки зрения международного права ,17:34 20.05.2025,https://ria.ru/20250520/medvedev-2018100151.html,Медведев: с точки зрения международного права с новыми регионами все в порядке,"Россия,Республика Крым,Дмитрий Медведев,Владимир Путин,ООН,В мире,Донбасс,Новороссия,Донецкая Народная Республика,Луганская Народная Республика,Херсонская область,Запорожская область"
WSJ: попытка Зеленского переманить Трампа на свою сторону провалилась ,17:33 20.05.2025,https://ria.ru/20250520/zelenskij-2018099809.html,WSJ: попытка Зеленского уступками переманить Трампа на свою сторону провалилась,"В мире,Россия,Украина,Москва,Дональд Трамп,Владимир Зеленский,Владимир Путин,Евросоюз"
Медведев высказался о планах стран ЕС разместить контингент на Украине ,17:30 20.05.2025,https://ria.ru/20250520/ukraina-2018099245.html,Медведев: за словами о контингенте на Украине стоит стремление к экспансии,"Украина,Россия,Санкт-Петербург,Дмитрий Медведев,Петербургский юридический форум — 2025,Евросоюз,В мире"
"Роль ООН нельзя низводить до дискуссионной площадки, заявил Медведев ",17:28 20.05.2025,https://ria.ru/20250520/medvedev-2018098453.html,Медведев: роль ООН нельзя низводить только до дискуссионной площадки,"Дмитрий Медведев,Россия,Санкт-Петербург,ООН,Петербургский юридический форум — 2025,В мире"
"Медведев: войска ""коалиции желающих"" на Украине были бы военной угрозой ",17:26 20.05.2025,https://ria.ru/20250520/medvedev-2018098030.html,Медведев: появление войск коалиции желающих на Украине было бы военной угрозой,"Специальная военная операция на Украине,Безопасность,Украина,Россия,Дмитрий Медведев,Петербургский международный юридический форум,В мире,Вооруженные силы Украины,Вооруженные силы РФ"
"Медведев надеется, что Запад сдержит порывы воинственных политиканов ",17:23 20.05.2025,https://ria.ru/20250520/medvedev-2018097415.html,"Медведев надеется, что Запад сдержит порывы отдельных воинственных политиканов","Украина,Россия,Дмитрий Медведев,Петербургский международный юридический форум,В мире,Европа,Евросоюз,Запад,НАТО,США"
"Медведев: МУС показывает, как нельзя выстраивать механизмы правосудия ",17:20 20.05.2025,https://ria.ru/20250520/medvedev-2018096573.html,"Медведев: МУС показывает, как нельзя выстраивать механизмы мирового правосудия","Дмитрий Медведев,Международный уголовный суд,Петербургский юридический форум — 2025,Россия,В мире"
Медведев указал на необходимость перекрытия каналов помощи Киеву ,17:19 20.05.2025,https://ria.ru/20250520/medvedev-2018096051.html,Медведев: Украине необходимо перекрыть каналы иностранной военной помощи,"Украина,Россия,Дмитрий Медведев,Петербургский юридический форум — 2025,В мире,Запад,Евросоюз,США,НАТО"
Медведев призвал не чинить препятствий мирному урегулированию на Украине ,17:19 20.05.2025,https://ria.ru/20250520/medvedev-2018095887.html,Медведев призвал вовлеченные в украинский конфликт страны не препятствовать миру,"Россия,Санкт-Петербург,Дмитрий Медведев,Петербургский юридический форум — 2025,Украина,В мире"
Симоньян прокомментировала санкции против ведущего RT DE Репера ,17:19 20.05.2025,https://ria.ru/20250520/sanktsii-2018095726.html,Симоньян назвала ведущего RT DE Репера немцем в пакете с пакетами из-за санкций,"В мире,Россия,США,Германия,Маргарита Симоньян,Евросоюз,Санкции в отношении России,Реакция на санкции"
"Медведев рассказал, в каком случае война с Украиной может возобновиться ",17:18 20.05.2025,https://ria.ru/20250520/medvedev-2018095556.html,"Медведев: война будет опять, если новые власти Украины не признают старые акты","Специальная военная операция на Украине,Дмитрий Медведев,Украина,Россия,Санкт-Петербург,В мире"
Медведев заявил о неприятии финансирования Киева Всемирным банком ,17:17 20.05.2025,https://ria.ru/20250520/medvedev-2018094899.html,Медведев: финансирование Киева Всемирным банком и МВФ вызывает неприятие,"Экономика,Украина,Россия,Дмитрий Медведев,МВФ,Всемирный банк,В мире"
"МУС недееспособен в долгосрочной перспективе, заявил Медведев ",17:14 20.05.2025,https://ria.ru/20250520/medvedev-2018093759.html,"Медведев: МУС недееспособен в долгосрочной перспективе, нужно думать о будущем","Дмитрий Медведев,Международный уголовный суд,Россия,В мире"
Белый дом анонсировал выступление Трампа и шефа Пентагона ,17:13 20.05.2025,https://ria.ru/20250520/tramp-2018093432.html,Белый дом анонсировал выступление Трампа и главы Пентагона Хегсета на 22.00 мск,"В мире,США,Космос - РИА Наука,Дональд Трамп,Пит Хегсет,Министерство обороны США,SpaceX"
Гуцул заявила о желании продолжить борьбу за права Гагаузии ,17:12 20.05.2025,https://ria.ru/20250520/gutsul-2018093121.html,"Гуцул заявила, что она не сломлена и будет продолжать борьбу за права Гагаузии","В мире,Молдавия,Евгения Гуцул,Илан Шор,Московский комсомолец,Задержание главы Гагаузии Гуцул"
Медведев предложил создать в ООН новые механизмы предупреждения конфликтов ,17:11 20.05.2025,https://ria.ru/20250520/medvedev-2018092790.html,Медведев предложил создать в ООН новые механизмы раннего предупреждения войн,"Россия,Дмитрий Медведев,ООН,В мире,Совет Безопасности РФ,Петербургский международный юридический форум"
"Медведев рассказал, во что превратился Международный уголовный суд ",17:10 20.05.2025,https://ria.ru/20250520/mus-2018092343.html,Медведев: Международный уголовный суд превратился в инструмент неоколониализма,"Россия,Санкт-Петербург,Дмитрий Медведев,Международный уголовный суд,В мире,Петербургский юридический форум — 2025"
Медведев счел поддержку Украины Всемирным банком финансированием конфликта ,17:10 20.05.2025,https://ria.ru/20250520/medvedev-2018092153.html,Медведев счел поддержку Украины Всемирным банком и МВФ финансированием конфликта,"Экономика,Украина,Россия,Дмитрий Медведев,Всемирный банк,МВФ,В мире"
Медведев отказался считать МУС международным органом ,17:07 20.05.2025,https://ria.ru/20250520/medvedev-2018091327.html,"Медведев назвал ложью, что МУС действует от всего мирового сообщества","Россия,Дмитрий Медведев,Международный уголовный суд,Петербургский юридический форум — 2025,В мире"
Медведев призвал возродить мандат ООН ,17:07 20.05.2025,https://ria.ru/20250520/medvedev-2018090985.html,Медведев призвал возродить мандат ООН на осуществление ее базовых принципов,"Россия,Санкт-Петербург,Дмитрий Медведев,ООН,В мире"
Медведев заявил о последнем шансе Украины сохранить государственность ,17:03 20.05.2025,https://ria.ru/20250520/medvedev-2018090219.html,Медведев: у Киева есть последний шанс сохранить государственность после СВО,"Украина,Россия,Дмитрий Медведев,В мире,Совет Безопасности РФ"
Медведев: самые жесткие режимы напрямую не отвергали международное право ,17:02 20.05.2025,https://ria.ru/20250520/medvedev-2018089937.html,Медведев: самые жесткие режимы напрямую никогда не отвергали международное право,"Дмитрий Медведев,Санкт-Петербург,Россия,В мире"
"Путь капитуляции Киева нравится многим, заявил Медведев ",17:00 20.05.2025,https://ria.ru/20250520/medvedev-2018089067.html,Медведев: путь капитуляции Киева многим в РФ нравится больше других вариантов,"Специальная военная операция на Украине,Россия,Украина,Дмитрий Медведев,В мире,Вооруженные силы Украины,Вооруженные силы РФ,Совет Безопасности РФ,Общество"
Медведев рассказал о восстановлении отношений России и США ,16:59 20.05.2025,https://ria.ru/20250520/medvedev-2018088758.html,Медведев: для диалога РФ и США нужен переход к юридическим механизмам кооперации,"Дмитрий Медведев,Россия,США,Санкт-Петербург,В мире"
Медведев резко высказался о Международном уголовном суде ,16:58 20.05.2025,https://ria.ru/20250520/mus-2018088528.html,Медведев назвал Международный уголовный суд гаагским убожеством,"Международный уголовный суд,В мире,Санкт-Петербург,Дмитрий Медведев,Россия,Петербургский юридический форум — 2025"
"Медведев: на Украине отсутствуют люди, уполномоченные на заключение мира ",16:56 20.05.2025,https://ria.ru/20250520/medvedev-2018088039.html,"Медведев: среди лиц киевского режима нет тех, кто уполномочен на заключение мира","Специальная военная операция на Украине,Дмитрий Медведев,Украина,Россия,Санкт-Петербург,В мире"
"Медведев рассказал, что нужно для построения устойчивого мира ",16:56 20.05.2025,https://ria.ru/20250520/mir-2018087679.html,Медведев: для устойчивого мира нужны переговоры и процедуры урегулирования,"Россия,Санкт-Петербург,Дмитрий Медведев,В мире,Петербургский юридический форум — 2025"
"В Раде раскрыли, что будет с Украиной после разговора Путина и Трампа ",16:55 20.05.2025,https://ria.ru/20250520/ukraina-2018087377.html,Депутат Рады Дубинский: США поспособствуют принятию Украиной условий меморандума,"Специальная военная операция на Украине,В мире,Владимир Путин,Украина,Россия,Дональд Трамп,США,Александр Дубинский"
Медведев призвал выработать процедуры урегулирования конфликтов ,16:52 20.05.2025,https://ria.ru/20250520/medvedev-2018086752.html,Медведев призвал создать процедуры решения конфликтов для долгосрочного мира,"Дмитрий Медведев,Россия,Санкт-Петербург,В мире"
"""Готов передать"". На Западе раскрыли, какой сигнал Киев получил от Трампа ",16:52 20.05.2025,https://ria.ru/20250520/ukraina-2018086611.html,Spectator: новое заявление Трампа не сулит Киеву ничего хорошего,"Дональд Трамп,Владимир Путин,США,Москва,Киев,В мире"
Медведев: соглашения с государствами-марионетками обречены на провал ,16:50 20.05.2025,https://ria.ru/20250520/medvedev-2018085029.html,Дмитрий Медведев: соглашения с государствами-марионетками обречены на провал,"Россия,Санкт-Петербург,Дмитрий Медведев,В мире"
Медведев заявил о глубоком кризисе в международных отношениях ,16:49 20.05.2025,https://ria.ru/20250520/krizis-2018084773.html,Медведев: международные отношения сейчас находятся в состоянии глубокого кризиса,"Россия,Санкт-Петербург,Дмитрий Медведев,В мире,Петербургский юридический форум — 2025"
Медведев назвал отказ от международного права тупиковым путем развития ,16:47 20.05.2025,https://ria.ru/20250520/medvedev-2018084614.html,Медведев назвал отказ стран от международного права тупиковым путем развития,"Россия,Дмитрий Медведев,В мире,Совет Безопасности РФ,Петербургский международный юридический форум"
Медведев заявил о стремлении США решать конфликты дипломатией ,16:41 20.05.2025,https://ria.ru/20250520/medvedev-2018083561.html,Медведев: США используют дипломатию для урегулирования конфликта на Украине,"США,Украина,Россия,Дмитрий Медведев,В мире"
"Медведев рассказал, на чем будет основан новый мировой порядок ",16:37 20.05.2025,https://ria.ru/20250520/mir-2018082633.html,Медведев: новый мировой порядок будет основан на последствиях противостояния,"В мире,Дмитрий Медведев,Петербургский юридический форум — 2025"
"Байден не подписывал документы самостоятельно, заявил Трамп ",16:29 20.05.2025,https://ria.ru/20250520/tramp-2018081166.html,Трамп: Байден за время нахождения у власти самостоятельно ничего не подписал,"В мире,США,Джо Байден,Дональд Трамп"
ЕС включил войска РХБЗ Минобороны России в новый пакет санкций ,16:28 20.05.2025,https://ria.ru/20250520/sanktsii-2018080889.html,ЕС включил войска радиационной защиты Минобороны России в новый пакет санкций,"Евросоюз,Россия,В мире,Санкции в отношении России"
"Маск исчез из политического инфополя, обратило внимание Politico ",16:27 20.05.2025,https://ria.ru/20250520/mask-2018080731.html,Politico: Маска стали реже упоминать в соцсетях Трампа,"В мире,США,Дональд Трамп,Илон Маск,Tesla motors"
"Человечество находится на грани глобальной катастрофы, заявил Медведев ",16:25 20.05.2025,https://ria.ru/20250520/katastrofa-2018080633.html,Медведев: человечество находится на грани катастрофы из-за военных конфликтов,"В мире,Россия,Дмитрий Медведев,Санкт-Петербург"
Захарова призвала конгресс США ввести санкции против Бориса Джонсона ,16:24 20.05.2025,https://ria.ru/20250520/dzhonson-2018080440.html,Захарова порекомендовала конгрессу США ввести санкции против Бориса Джонсона,"Россия,США,Украина,Борис Джонсон,Владимир Путин,Мария Захарова,Верховная Рада Украины,Конгресс США,В мире"
В четырех областях Украины объявили воздушную тревогу ,16:24 20.05.2025,https://ria.ru/20250520/ukraina-2018080292.html,"В Харьковской, Сумской и еще двух областях Украины объявили воздушную тревогу","Специальная военная операция на Украине,В мире,Украина,Вооруженные силы Украины,Вооруженные силы РФ"
"Медведев напомнил, кто внес решающий вклад в победу над Гитлером ",16:23 20.05.2025,https://ria.ru/20250520/pobeda-2018080200.html,Медведев: решающий вклад в сокрушительное поражение Гитлера внес Советский Союз,"80-летие Победы в Великой Отечественной войне,В мире,Дмитрий Медведев,Санкт-Петербург,Россия,80-летие Победы в Великой Отечественной войне,Петербургский юридический форум — 2025"
Против жены Байдена могут возбудить дело за жесткое обращение с мужем ,16:18 20.05.2025,https://ria.ru/20250520/bayden-2018079458.html,Адвокат Террелл: жене Байдена грозит уголовное дело за жесткое обращение с мужем,"В мире,США,Джилл Байден,Джо Байден"
Косовоалбанская полиция вторглась в сербский Красный Крест ,16:10 20.05.2025,https://ria.ru/20250520/politsiya-2018078360.html,Косовоалбанская полиция вторглась в сербский Красный Крест на севере края,"В мире,Международный комитет Красного Креста (МККК),Красный Крест,Сербия,Косово"
МИД Индии высказался об отношениях с Пакистаном ,16:07 20.05.2025,https://ria.ru/20250520/otnosheniya-2018077355.html,МИД Индии: улучшение отношений с Пакистаном маловероятно в обозримом будущем,"Обострение отношений между Индией и Пакистаном,Операция Синдур в Пакистане,Дональд Трамп,Индия,Пакистан,США,В мире"
Вице-президент Венесуэлы пришел на эфир в майке сборной России по футболу ,16:03 20.05.2025,https://rsport.ria.ru/20250520/venesuela-2018077001.html,Вице-президент Венесуэлы Ньяньес пришел на эфир в футболке сборной России,"Футбол,Спорт,В мире,Венесуэла,Фредди Ньяньес,Сборная России по футболу"
"Мужчину, впавшего в кому в Анталье, эвакуировали в Россию ",15:56 20.05.2025,https://ria.ru/20250520/rossiyanin-2018075468.html,"Россиянин, впавший в кому в турецкой Анталье, был эвакуирован в Россию","Россия,Анталья (провинция),Москва,В мире"
МИД призвал Францию прокомментировать обвинения Дурова по выборам в Румынии ,15:40 20.05.2025,https://ria.ru/20250520/zakharova-2018071023.html,МИД РФ призвал Францию прокомментировать обвинения Дурова по выборам в Румынии,"Румыния,Франция,Париж,Павел Дуров,Мария Захарова,Никушор Дан,Президентские выборы в Румынии — 2025,В мире"
WP: США планировали программу депортации украинцев ,15:31 20.05.2025,https://ria.ru/20250520/administratsija-2018069623.html,WP: администрация Трампа планировала депортацию более чем 200 тысяч украинцев,"В мире,США,Украина,Гаити,Дональд Трамп"
Захарова высказалась о возобновлении переговоров России и Украины ,15:29 20.05.2025,https://ria.ru/20250520/peregovory-2018069217.html,Захарова назвала возобновление переговоров России и Украины значимым результатом,"Специальная военная операция на Украине,В мире,Россия,Украина,Стамбул,Владимир Мединский,Мария Захарова,Владимир Путин,Переговоры России и Украины в Стамбуле — 2025"
МИД указал на важность реализации стамбульских договоренностей ,15:26 20.05.2025,https://ria.ru/20250520/zakharova-2018068985.html,Захарова: важно реализовать достигнутые в Стамбуле договоренности Киева и Москвы,"Специальная военная операция на Украине,В мире,Россия,Стамбул,Украина,Владимир Мединский,Мария Захарова,Переговоры России и Украины в Стамбуле — 2025"
"Только совместная работа может привести к миру на Украине, заявил Дмитриев ",15:21 20.05.2025,https://ria.ru/20250520/dmitriev-2018068247.html,Дмитриев: только конструктивная работа может привести к миру на Украине,"Россия,Украина,США,Дональд Трамп,Кирилл Дмитриев,Владимир Путин,Евросоюз,В мире"
Молдавская оппозиция прокомментировала суды над Гуцул ,15:19 20.05.2025,https://ria.ru/20250520/gutsul--2018067815.html,"Член ""Победы"" Вережану: суды над Гуцул показывают диктаторскую суть Кишинева","В мире,Молдавия,Евгения Гуцул,Илан Шор,Майя Санду,Московский комсомолец"
"WP: в Европе считают, что Трамп вряд ли усилит давление на Россию ",15:13 20.05.2025,https://ria.ru/20250520/tramp-2018066726.html,"WP: у лидеров ЕС сложилось впечатление, что Трамп не усилит давление на Россию","В мире,Россия,США,Украина,Дональд Трамп,Владимир Путин,Владимир Зеленский,НАТО,Санкции в отношении России"
"На Западе раскрыли, почему разговор Путина и Трампа шокировал Зеленского ",15:08 20.05.2025,https://ria.ru/20250520/ukraina-2018065429.html,Меркурис: Зеленский был в ярости после разговора Путина с Трампом,"Владимир Путин,США,Россия,Украина,Дональд Трамп,Владимир Зеленский,В мире"
"""Самый страшный выбор"". На Украине сделали пугающее признание ",14:59 20.05.2025,https://ria.ru/20250520/ukraina-2018063323.html,Нардеп Дмитрук: избрание Зеленского президентом стало трагедией для Украины,"В мире,Украина,Владимир Зеленский,Артем Дмитрук"
"Украина и Запад пытались сорвать переговоры с Россией, заявила Захарова ",14:58 20.05.2025,https://ria.ru/20250520/zakharova-2018062974.html,Захарова: Зеленский и Запад пытались сорвать переговоры,"В мире,Россия,Украина,Москва,Владимир Зеленский,Мария Захарова,Владимир Мединский,Переговоры России и Украины в Стамбуле — 2025"
"Байден мог болеть раком с начала президентства, считает онколог ",14:58 20.05.2025,https://ria.ru/20250520/bayden-2018062779.html,"Онколог Эмануэль: Байден мог не знать, что болел раком с начала президентства","В мире,США,Джо Байден,Рак"
Лавров встретится с секретарем подготовительной комиссии ОДВЗЯИ 27 мая  ,14:57 20.05.2025,https://ria.ru/20250520/mid-2018062272.html,Лавров встретится с секретарем подготовительной комиссии ОДВЗЯИ Флойдом 27 мая,"Россия,В мире,Сергей Лавров,Мария Захарова"
Россия была инициатором в сделке по обмену пленными с Украиной ,14:56 20.05.2025,https://ria.ru/20250520/rossija-2018062090.html,Захарова: РФ была инициатором в сделке по обмену пленными 1000 на 1000 с Киевом,"В мире,Россия,Украина,Стамбул,Владимир Мединский,Мария Захарова,Владимир Путин,Переговоры России и Украины в Стамбуле — 2025"
Киев и Прага договорились готовить украинских пилотов на F-16 ,14:55 20.05.2025,https://ria.ru/20250520/f-16-2018061798.html,Киев и Прага договорились о кооперации в подготовке украинских пилотов на F-16,"Специальная военная операция на Украине,Украина,Чехия,Россия,Денис Шмыгаль,Владимир Зеленский,Сергей Лавров,НАТО,F-16,В мире"
МИД Китая заявил о готовности участвовать в переговорах России и Украины ,14:53 20.05.2025,https://ria.ru/20250520/ukraina-2018061349.html,Мао Нин: Китай готов играть конструктивную роль для урегулирования на Украине,"Специальная военная операция на Украине,В мире,Китай,Ватикан,Россия,Мао Нин,Пьетро Паролин,Переговоры России и Украины в Стамбуле — 2025"
Посол России рассказал о расколе между США и Европой ,14:48 20.05.2025,https://ria.ru/20250520/sanktsii-2018060596.html,Крамаренко назвал санкции против РФ свидетельством раскола между Европой и США,"В мире,Россия,США,Великобритания,Дональд Трамп,Владимир Путин,Евросоюз,Санкции в отношении России"
Россия нарастила экспорт мяса в Китай до максимума за полгода ,14:47 20.05.2025,https://ria.ru/20250520/myaso-2018060193.html,Россия нарастила экспорт мяса в Китай максимальных с октября 63 млн долларов,"Экономика,Россия,Китай,В мире,Мясо"
